{"x_liquid": {"NI": [0.11472653137984617, 0.11472653137984617, 0.11472653137984617, 0.11472653137984619, 0.11472653137984617, 0.11472653137984619, 0.11472653137984619, 0.11472653137984617, 0.11472653137984616, 0.11472653137984617, 0.11472653137984619, 0.11472653137984619, 0.1147265313798462, 0.11472653137984622, 0.11472653137984622, 0.11472653137984622, 0.11472653137984623, 0.11472653137984623, 0.11472653137984623, 0.11472653137984622, 0.11472653137984623, 0.11472653137984624, 0.11472653137984624, 0.11472653137984624, 0.11472653137984624, 0.11472653137984624, 0.11472653137984624, 0.11472653137984624, 0.11472653137984624, 0.11472653137984624, 0.11472653137984623, 0.11472653137984623, 0.11472653137984624, 0.11472653137984623, 0.11472653137984622, 0.11472653137984622, 0.11472653137984622, 0.11472653137984623, 0.11472653137984624, 0.11472653137984624, 0.11472653137984624, 0.11472653137984626, 0.11472653137984626, 0.11472653137984627, 0.11472653137984629, 0.11472653137984627, 0.11472653137984629, 0.11472653137984629, 0.11472653137984629, 0.11472653137984629, 0.1147265313798463, 0.1147265313798463, 0.1147265313798463, 0.1147265313798463, 0.11472653137984631, 0.1147265313798463, 0.11472653137984631, 0.11472653137984631, 0.11472653137984631, 0.11472653137984631, 0.11454846506125917, 0.11414332832602361, 0.11371548437165502, 0.11326743564014441, 0.11280132210832981, 0.11231899318815251, 0.11182206572868678, 0.11131197237676789, 0.11079000385315259, 0.11025734861673248, 0.10874288418246118, 0.10651873617591835, 0.12799673348477847, 0.15021181471800316, 0.1705933900910494, 0.18916022228958054, 0.20602266215340773, 0.22134880784826988, 0.22134887616734422, 0.233083986367812, 0.23308403718269147, 0.23308408946253809, 0.24074071093992386, 0.24074074674257992, 0.24074078538766583, 0.24584122227705305, NaN], "TI": [0.6709322983455529, 0.6709322983455529, 0.670932298345553, 0.670932298345553, 0.670932298345553, 0.670932298345553, 0.670932298345553, 0.6709322983455529, 0.6709322983455528, 0.6709322983455528, 0.6709322983455528, 0.6709322983455527, 0.6709322983455527, 0.6709322983455526, 0.6709322983455525, 0.6709322983455523, 0.6709322983455522, 0.6709322983455523, 0.6709322983455523, 0.6709322983455522, 0.6709322983455523, 0.6709322983455523, 0.6709322983455523, 0.6709322983455522, 0.6709322983455522, 0.6709322983455522, 0.6709322983455523, 0.6709322983455523, 0.6709322983455522, 0.6709322983455523, 0.6709322983455522, 0.6709322983455523, 0.6709322983455523, 0.6709322983455522, 0.6709322983455522, 0.6709322983455522, 0.6709322983455522, 0.6709322983455522, 0.6709322983455522, 0.6709322983455523, 0.6709322983455523, 0.6709322983455523, 0.6709322983455522, 0.6709322983455522, 0.6709322983455522, 0.6709322983455522, 0.6709322983455523, 0.6709322983455523, 0.6709322983455523, 0.6709322983455522, 0.6709322983455523, 0.6709322983455523, 0.6709322983455523, 0.6709322983455523, 0.6709322983455522, 0.6709322983455522, 0.6709322983455522, 0.6709322983455523, 0.6709322983455522, 0.6709322983455523, 0.6734937906071793, 0.6787664509859029, 0.6838689449901815, 0.6888151968232463, 0.6936174949618986, 0.6982867738815833, 0.7028328436032066, 0.7072645816833636, 0.7115900996567598, 0.7158168951043021, 0.725121003498114, 0.7349563016273623, 0.7388072103925647, 0.7411541630866162, 0.7427775269392932, 0.743895194112751, 0.7446564638384111, 0.7451539690924317, 0.7451539721731991, 0.7454046950222474, 0.7454046983225784, 0.7454046883899227, 0.7455001103271182, 0.7455001147226987, 0.7455001071304155, 0.745530054850009, NaN]}, "fraction_solid": [0.0, 0.0, 0.0, 0.0, 0.0, 0.0, 0.0, 0.0, 0.0, 0.0, 0.0, 0.0, 0.0, 0.0, 0.0, 0.0, 0.0, 0.0, 0.0, 0.0, 0.0, 0.0, 0.0, 0.0, 0.0, 0.0, 0.0, 0.0, 0.0, 0.0, 0.0, 0.0, 0.0, 0.0, 0.0, 0.0, 0.0, 0.0, 0.0, 0.0, 0.0, 0.0, 0.0, 0.0, 0.0, 0.0, 0.0, 0.0, 0.0, 0.0, 0.0, 0.0, 0.0, 0.0, 0.0, 0.0, 0.0, 0.0, 0.0, 0.0, 0.016784359410292122, 0.049937220158958656, 0.08025094495551585, 0.10811750700641354, 0.13386017122173188, 0.1577485573489533, 0.1800100066946517, 0.2008383326193543, 0.22040072015060666, 0.2388433488964222, 0.3599249288706848, 0.45211708362661485, 0.8220960516858841, 0.9357281151175314, 0.9737875854577033, 0.988896088719506, 0.9955164348367894, 0.998519327162719, 0.998519332729611, 0.999566483310534, 0.9995664850557008, 0.9995664864385629, 0.9998626534621006, 0.9998626540659162, 0.9998626545368728, 0.9999576700486967, 1.0], "temperatures": [2000.0, 2000.0, 1990.0, 1980.0, 1970.0, 1960.0, 1950.0, 1940.0, 1930.0, 1920.0, 1910.0, 1900.0, 1890.0, 1880.0, 1870.0, 1860.0, 1850.0, 1840.0, 1830.0, 1820.0, 1810.0, 1800.0, 1790.0, 1780.0, 1770.0, 1760.0, 1750.0, 1740.0, 1730.0, 1720.0, 1710.0, 1700.0, 1690.0, 1680.0, 1670.0, 1660.0, 1650.0, 1640.0, 1630.0, 1620.0, 1610.0, 1600.0, 1590.0, 1580.0, 1570.0, 1560.0, 1550.0, 1540.0, 1530.0, 1520.0, 1510.0, 1500.0, 1490.0, 1480.0, 1470.0, 1460.0, 1450.0, 1440.0, 1430.0, 1420.0, 1410.0, 1400.0, 1390.0, 1380.0, 1370.0, 1360.0, 1350.0, 1340.0, 1330.0, 1320.0, 1310.0, 1300.0, 1290.0, 1280.0, 1270.0, 1260.0, 1250.0, 1240.0, 1240.0, 1231.6666666666667, 1231.6666666666667, 1231.6666666666667, 1225.8796296296298, 1225.8796296296298, 1225.8796296296298, 1221.8608539094653, 1221.8608539094653], "phase_amounts": {"A1": [0.0, 0.0, 0.0, 0.0, 0.0, 0.0, 0.0, 0.0, 0.0, 0.0, 0.0, 0.0, 0.0, 0.0, 0.0, 0.0, 0.0, 0.0, 0.0, 0.0, 0.0, 0.0, 0.0, 0.0, 0.0, 0.0, 0.0, 0.0, 0.0, 0.0, 0.0, 0.0, 0.0, 0.0, 0.0, 0.0, 0.0, 0.0, 0.0, 0.0, 0.0, 0.0, 0.0, 0.0, 0.0, 0.0, 0.0, 0.0, 0.0, 0.0, 0.0, 0.0, 0.0, 0.0, 0.0, 0.0, 0.0, 0.0, 0.0, 0.0, 0.0, 0.0, 0.0, 0.0, 0.0, 0.0, 0.0, 0.0, 0.0, 0.0, 0.0, 0.0, 0.0, 0.0, 0.0, 0.0, 0.0, 0.0, 0.0, 0.0, 0.0, 0.0, 0.0, 0.0, 0.0, 0.0, 0.0], "A2": [0.0, 0.0, 0.0, 0.0, 0.0, 0.0, 0.0, 0.0, 0.0, 0.0, 0.0, 0.0, 0.0, 0.0, 0.0, 0.0, 0.0, 0.0, 0.0, 0.0, 0.0, 0.0, 0.0, 0.0, 0.0, 0.0, 0.0, 0.0, 0.0, 0.0, 0.0, 0.0, 0.0, 0.0, 0.0, 0.0, 0.0, 0.0, 0.0, 0.0, 0.0, 0.0, 0.0, 0.0, 0.0, 0.0, 0.0, 0.0, 0.0, 0.0, 0.0, 0.0, 0.0, 0.0, 0.0, 0.0, 0.0, 0.0, 0.0, 0.0, 0.0, 0.0, 0.0, 0.0, 0.0, 0.0, 0.0, 0.0, 0.0, 0.0, 0.0, 0.0, 0.21102407317294944, 0.06246590614253639, 0.01973676331808359, 0.007481544894845325, 0.0031738330179826965, 0.001427464817739396, 2.119364785707415e-09, 0.0004891904890888716, 6.411184637192906e-10, 5.337040544484941e-10, 0.00013337805971834376, 2.1607695350439857e-10, 1.7550303698227867e-10, 4.222506170672579e-05, 1.301378847998997e-05], "A3": [0.0, 0.0, 0.0, 0.0, 0.0, 0.0, 0.0, 0.0, 0.0, 0.0, 0.0, 0.0, 0.0, 0.0, 0.0, 0.0, 0.0, 0.0, 0.0, 0.0, 0.0, 0.0, 0.0, 0.0, 0.0, 0.0, 0.0, 0.0, 0.0, 0.0, 0.0, 0.0, 0.0, 0.0, 0.0, 0.0, 0.0, 0.0, 0.0, 0.0, 0.0, 0.0, 0.0, 0.0, 0.0, 0.0, 0.0, 0.0, 0.0, 0.0, 0.0, 0.0, 0.0, 0.0, 0.0, 0.0, 0.0, 0.0, 0.0, 0.0, 0.0, 0.0, 0.0, 0.0, 0.0, 0.0, 0.0, 0.0, 0.0, 0.0, 0.0, 0.0, 0.0, 0.0, 0.0, 0.0, 0.0, 0.0, 0.0, 0.0, 0.0, 0.0, 0.0, 0.0, 0.0, 0.0, 0.0], "BCC2": [0.0, 0.0, 0.0, 0.0, 0.0, 0.0, 0.0, 0.0, 0.0, 0.0, 0.0, 0.0, 0.0, 0.0, 0.0, 0.0, 0.0, 0.0, 0.0, 0.0, 0.0, 0.0, 0.0, 0.0, 0.0, 0.0, 0.0, 0.0, 0.0, 0.0, 0.0, 0.0, 0.0, 0.0, 0.0, 0.0, 0.0, 0.0, 0.0, 0.0, 0.0, 0.0, 0.0, 0.0, 0.0, 0.0, 0.0, 0.0, 0.0, 0.0, 0.0, 0.0, 0.0, 0.0, 0.0, 0.0, 0.0, 0.0, 0.0, 0.0, 0.016784359410292122, 0.03315286074866653, 0.0303137247965572, 0.027866562050897693, 0.02574266421531835, 0.02388838612722142, 0.022261449345698407, 0.020828325924702604, 0.01956238753125235, 0.01844262874581554, 0.0, 0.0, 0.0, 0.0, 0.0, 0.0, 0.0, 0.0, 0.0, 0.0, 0.0, 0.0, 0.0, 0.0, 0.0, 0.0, 0.0], "C14": [0.0, 0.0, 0.0, 0.0, 0.0, 0.0, 0.0, 0.0, 0.0, 0.0, 0.0, 0.0, 0.0, 0.0, 0.0, 0.0, 0.0, 0.0, 0.0, 0.0, 0.0, 0.0, 0.0, 0.0, 0.0, 0.0, 0.0, 0.0, 0.0, 0.0, 0.0, 0.0, 0.0, 0.0, 0.0, 0.0, 0.0, 0.0, 0.0, 0.0, 0.0, 0.0, 0.0, 0.0, 0.0, 0.0, 0.0, 0.0, 0.0, 0.0, 0.0, 0.0, 0.0, 0.0, 0.0, 0.0, 0.0, 0.0, 0.0, 0.0, 0.0, 0.0, 0.0, 0.0, 0.0, 0.0, 0.0, 0.0, 0.0, 0.0, 0.0, 0.0, 0.0, 0.0, 0.0, 0.0, 0.0, 0.0, 0.0, 0.0, 0.0, 0.0, 0.0, 0.0, 0.0, 0.0, 0.0],