{"x_liquid": {"NI": [0.22892265747493049, 0.22892265747493049, 0.22892265747493049, 0.22892265747493049, 0.22892265747493049, 0.22892265747493049, 0.22892265747493049, 0.22892265747493049, 0.22892265747493049, 0.22892265747493049, 0.22892265747493046, 0.22892265747493043, 0.22892265747493043, 0.22892265747493043, 0.22892265747493043, 0.22892265747493043, 0.22892265747493043, 0.22892265747493043, 0.22892265747493046, 0.22892265747493049, 0.2289226574749305, 0.2289226574749305, 0.22892265747493049, 0.22892265747493054, 0.2289226574749306, 0.22892265747493054, 0.2289226574749305, 0.2289226574749305, 0.22892265747493049, 0.22892265747493054, 0.24670572716128986, 0.2659413588604438, 0.28144075689879766, 0.2944917651857875, 0.305795770988002, 0.315782263032937, 0.32473547787007256, 0.3328542899061319, 0.34028381371368865, 0.34713347383968024, 0.35348799422273675, 0.35941441730422125, 0.36496677002904815, 0.3701892704554326, 0.3751185942626531, 0.3797855158666389, 0.38421612176824843, 0.3884327242424301, 0.3924545605584087, 0.39629833583411345, 0.40364629160542154, 0.42099023199518987, 0.43613545938784154, 0.4495624572805775, 0.46161897732871887, 0.47256120381652733, 0.482581269353809, 0.491825831197587, 0.500408757227287, 0.5084199040789668, 0.5159312769692146, 0.5230014138071177, 0.5296785490353512, 0.5360029275806879, 0.5360032679452288, 0.5360032679452289, 0.5360032679452289, 0.5360032679452288, 0.5360032679452289, 0.5360032679452288, 0.5380481630035256, 0.53804824170297, 0.5380482417028906, 0.5380482417028111, NaN], "TI": [0.3433859470352915, 0.34338594703529157, 0.34338594703529157, 0.3433859470352915, 0.3433859470352915, 0.3433859470352915, 0.3433859470352915, 0.3433859470352915, 0.34338594703529157, 0.34338594703529157, 0.34338594703529157, 0.3433859470352915, 0.34338594703529157, 0.34338594703529157, 0.34338594703529157, 0.34338594703529157, 0.34338594703529157, 0.34338594703529157, 0.3433859470352916, 0.3433859470352917, 0.3433859470352917, 0.3433859470352917, 0.3433859470352917, 0.3433859470352918, 0.34338594703529185, 0.34338594703529185, 0.3433859470352918, 0.3433859470352918, 0.3433859470352918, 0.34338594703529185, 0.34942666793796356, 0.35680392465726724, 0.36322338700377693, 0.3689330653525521, 0.37408937740162346, 0.3787990378034318, 0.3831388247358538, 0.38716618079666576, 0.390925402236947, 0.39445148445426753, 0.397772629296461, 0.40091194443470335, 0.4038886325383019, 0.40671884608422076, 0.40941631607367795, 0.4119928237302554, 0.41445856056726943, 0.4168224075018015, 0.4190921541640164, 0.4212746733330513, 0.4209979620513813, 0.4135654609529124, 0.4067906010423024, 0.40056479857378413, 0.39479872981667297, 0.38942016808895, 0.38437111094035364, 0.37960500892808, 0.3750843883474734, 0.37077891854812783, 0.36666388146449763, 0.36271897510434725, 0.3589273834458426, 0.35527505466308446, 0.3552750927777923, 0.35527509277779235, 0.3552750927777924, 0.35527509277779246, 0.3552750927777925, 0.35527509277779257, 0.35408091020237276, 0.35408083637108256, 0.3540808363711572, 0.35408083637123183, NaN]}, "fraction_solid": [0.0, 0.0, 0.0, 0.0, 0.0, 0.0, 0.0, 0.0, 0.0, 0.0, 0.0, 0.0, 0.0, 0.0, 0.0, 0.0, 0.0, 0.0, 0.0, 0.0, 0.0, 0.0, 0.0, 0.0, 0.0, 0.0, 0.0, 0.0, 0.0, 0.0, 0.31738638336776787, 0.5136499566893263, 0.6129176432212576, 0.6732605069611912, 0.7140365562989034, 0.7435591191814507, 0.7659980362203386, 0.7836789294578452, 0.7980033302833295, 0.8098673789823853, 0.819871505210887, 0.8284335536424271, 0.8358535729629356, 0.8423527862971291, 0.8480980132671891, 0.8532175175390805, 0.8578116032828204, 0.8619598877444862, 0.8657264081452215, 0.8691632812560128, 0.8800902937868635, 0.908375234261064, 0.9264648328632925, 0.9388821798470565, 0.9478731818070767, 0.9546586033423008, 0.9599504693235059, 0.9641883127662364, 0.9676564305517956, 0.9705460560191431, 0.9729901828303114, 0.9750839948594765, 0.9768973367398192, 0.9784825924548366, 0.9784826277511874, 0.9784826277511874, 0.9784826277511874, 0.9784826277511874, 0.9784826277511874, 0.9784826277511874, 0.9789635187606447, 0.9789635421399118, 0.9789635421399118, 0.9789635421399118, 1.0], "temperatures": [2000.0, 2000.0, 1990.0, 1980.0, 1970.0, 1960.0, 1950.0, 1940.0, 1930.0, 1920.0, 1910.0, 1900.0, 1890.0, 1880.0, 1870.0, 1860.0, 1850.0, 1840.0, 1830.0, 1820.0, 1810.0, 1800.0, 1790.0, 1780.0, 1770.0, 1760.0, 1750.0, 1740.0, 1730.0, 1720.0, 1710.0, 1700.0, 1690.0, 1680.0, 1670.0, 1660.0, 1650.0, 1640.0, 1630.0, 1620.0, 1610.0, 1600.0, 1590.0, 1580.0, 1570.0, 1560.0, 1550.0, 1540.0, 1530.0, 1520.0, 1510.0, 1500.0, 1490.0, 1480.0, 1470.0, 1460.0, 1450.0, 1440.0, 1430.0, 1420.0, 1410.0, 1400.0, 1390.0, 1380.0, 1380.0, 1380.0, 1380.0, 1380.0, 1380.0, 1380.0, 1376.651020233196, 1376.651020233196, 1376.651020233196, 1376.651020233196, 1374.712953238518], "phase_amounts": {"A1": [0.0, 0.0, 0.0, 0.0, 0.0, 0.0, 0.0, 0.0, 0.0, 0.0, 0.0, 0.0, 0.0, 0.0, 0.0, 0.0, 0.0, 0.0, 0.0, 0.0, 0.0, 0.0, 0.0, 0.0, 0.0, 0.0, 0.0, 0.0, 0.0, 0.0, 0.0, 0.0, 0.0, 0.0, 0.0, 0.0, 0.0, 0.0, 0.0, 0.0, 0.0, 0.0, 0.0, 0.0, 0.0, 0.0, 0.0, 0.0, 0.0, 0.0, 0.0, 0.0, 0.0, 0.0, 0.0, 0.0, 0.0, 0.0, 0.0, 0.0, 0.0, 0.0, 0.0, 0.0, 0.0, 0.0, 0.0, 0.0, 0.0, 0.0, 0.0, 0.0, 0.0, 0.0, 0.0], "A2": [0.0, 0.0, 0.0, 0.0, 0.0, 0.0, 0.0, 0.0, 0.0, 0.0, 0.0, 0.0, 0.0, 0.0, 0.0, 0.0, 0.0, 0.0, 0.0, 0.0, 0.0, 0.0, 0.0, 0.0, 0.0, 0.0, 0.0, 0.0, 0.0, 0.0, 0.0, 0.0, 0.0, 0.0, 0.0, 0.0, 0.0, 0.0, 0.0, 0.0, 0.0, 0.0, 0.0, 0.0, 0.0, 0.0, 0.0, 0.0, 0.0, 0.0, 0.0, 0.0, 0.0, 0.0, 0.0, 0.0, 0.0, 0.0, 0.0, 0.0, 0.0, 0.0, 0.0, 0.0, 0.0, 0.0, 0.0, 0.0, 0.0, 0.0, 0.0, 0.0, 0.0, 0.0, 0.0], "A3": [0.0, 0.0, 0.0, 0.0, 0.0, 0.0, 0.0, 0.0, 0.0, 0.0, 0.0, 0.0, 0.0, 0.0, 0.0, 0.0, 0.0, 0.0, 0.0, 0.0, 0.0, 0.0, 0.0, 0.0, 0.0, 0.0, 0.0, 0.0, 0.0, 0.0, 0.0, 0.0, 0.0, 0.0, 0.0, 0.0, 0.0, 0.0, 0.0, 0.0, 0.0, 0.0, 0.0, 0.0, 0.0, 0.0, 0.0, 0.0, 0.0, 0.0, 0.0, 0.0, 0.0, 0.0, 0.0, 0.0, 0.0, 0.0, 0.0, 0.0, 0.0, 0.0, 0.0, 0.0, 0.0, 0.0, 0.0, 0.0, 0.0, 0.0, 0.0, 0.0, 0.0, 0.0, 0.0], "BCC2": [0.0, 0.0, 0.0, 0.0, 0.0, 0.0, 0.0, 0.0, 0.0, 0.0, 0.0, 0.0, 0.0, 0.0, 0.0, 0.0, 0.0, 0.0, 0.0, 0.0, 0.0, 0.0, 0.0, 0.0, 0.0, 0.0, 0.0, 0.0, 0.0, 0.0, 0.0, 0.0, 0.0, 0.0, 0.0, 0.0, 0.0, 0.0, 0.0, 0.0, 0.0, 0.0, 0.0, 0.0, 0.0, 0.0, 0.0, 0.0, 0.0, 0.0, 0.007686387049418826, 0.025215525073817843, 0.015881799992901194, 0.01077621989895666, 0.007736862821905998, 0.005804477103830262, 0.0045094584000929154, 0.0036034055785258436, 0.0029464093522292485, 0.002455455587903171, 0.002079076539686139, 0.0017841402411160976, 0.0015486119125199583, 0.0013574129316064293, 0.0, 0.0, 0.0, 0.0, 0.0, 0.0, 0.000410617958146727, 2.337926712411566e-08, 0.0, 0.0, 0.012740842743653988], "C14": [0.0, 0.0, 0.0, 0.0, 0.0, 0.0, 0.0, 0.0, 0.0, 0.0, 0.0, 0.0, 0.0, 0.0, 0.0, 0.0, 0.0, 0.0, 0.0, 0.0, 0.0, 0.0, 0.0, 0.0, 0.0, 0.0, 0.0, 0.0, 0.0, 0.0, 0.31738638336776787, 0.19626357332155847, 0.09926768653193134, 0.060342863739933555, 0.04077604933771222, 0.029522562882547326, 0.02243891703888791, 0.017680893237506632, 0.014324400825484281, 0.011864048699055753, 0.010004126228501822, 0.008562048431540105, 0.007420019320508557, 0.00649921333419342, 0.005745226970060117, 0.005119504271891289, 0.004594085743739883, 0.004148284461665794, 0.0037665204007353167, 0.0034368731107913015, 0.0032406254814319386, 0.0030694154003825806, 0.0022077986093273464, 0.001641127084807392, 0.0012541391381141829, 0.000980944431393825, 0.0007824075811122341, 0.0006344378642045973, 0.0005217084333300369, 0.0004341698794443633, 0.0003650502714821517, 0.00030967178804910104, 0.0002647299678226863, 0.00022784278341106222, 3.529635079376227e-08, 0.0, 0.0, 0.0, 0.0, 0.0, 7.027305131062571e-05, 0.0, 0.0, 0.0, 8.211151793109794e-05],