{"x_liquid": {"NI": [0.149050554449556, 0.14905055444955603, 0.14905055444955606, 0.14905055444955606, 0.1490505544495561, 0.14905055444955612, 0.1490505544495561, 0.14905055444955606, 0.14905055444955612, 0.14905055444955612, 0.1490505544495561, 0.1490505544495561, 0.14905055444955612, 0.1490505544495561, 0.14905055444955606, 0.1490505544495561, 0.1490505544495561, 0.1490505544495561, 0.1490505544495561, 0.14905055444955606, 0.1490505544495561, 0.1490505544495561, 0.1490505544495561, 0.1490505544495561, 0.14905055444955606, 0.14905055444955606, 0.14905055444955606, 0.14905055444955606, 0.14905055444955606, 0.14905055444955606, 0.14905055444955606, 0.14905055444955606, 0.1490505544495561, 0.14905055444955612, 0.14905055444955614, 0.14905055444955614, 0.14905055444955612, 0.14905055444955612, 0.14905055444955612, 0.14905055444955612, 0.14905055444955612, 0.1490505544495561, 0.1490505544495561, 0.14905055444955606, 0.14905055444955606, 0.14905055444955606, 0.14905055444955606, 0.14905055444955606, 0.14905060678105492, 0.1504504622583532, 0.15097447556232566, 0.15125573096297001, 0.15135657836196995, 0.15131945581199147, 0.1511744556237013, 0.15094361614775167, 0.15064350581455674, 0.15028685501348757, 0.14988362781186398, 0.14944174926855128, 0.14896761305448905, 0.1484664445143788, 0.14794256607864598, 0.14739959524882873, 0.1468405951968609, 0.14626819164319135, 0.14568466561581886, 0.14509202909531435, 0.1444920889412087, 0.14388650362711902, 0.14321952850373149, 0.14111197683242405, 0.1385037076040515, 0.15021181471800502, 0.17059339009104335, 0.1891602222895724, 0.20602266215340484, 0.22134880784826486, 0.22134887616734153, 0.23308398636781127, 0.23308403718267115, 0.23308408946251868, 0.24074071093992216, 0.2407407473446386, 0.2407407859491453, 0.24584122227705435, NaN], "TI": [0.5724814234935325, 0.5724814234935325, 0.5724814234935325, 0.5724814234935324, 0.5724814234935324, 0.5724814234935324, 0.5724814234935323, 0.5724814234935321, 0.5724814234935321, 0.5724814234935321, 0.572481423493532, 0.572481423493532, 0.572481423493532, 0.5724814234935319, 0.5724814234935318, 0.5724814234935318, 0.5724814234935318, 0.5724814234935318, 0.5724814234935318, 0.5724814234935318, 0.5724814234935318, 0.5724814234935318, 0.5724814234935318, 0.5724814234935318, 0.5724814234935318, 0.5724814234935317, 0.5724814234935317, 0.5724814234935316, 0.5724814234935317, 0.5724814234935315, 0.5724814234935316, 0.5724814234935316, 0.5724814234935317, 0.5724814234935317, 0.5724814234935317, 0.5724814234935316, 0.5724814234935317, 0.5724814234935317, 0.5724814234935316, 0.5724814234935316, 0.5724814234935317, 0.5724814234935316, 0.5724814234935316, 0.5724814234935316, 0.5724814234935316, 0.5724814234935316, 0.5724814234935316, 0.5724814234935316, 0.5724813967218804, 0.5892541044680762, 0.598643948072521, 0.6072825468739397, 0.6153103125668855, 0.6228287195752437, 0.629913979649833, 0.6366250900221077, 0.6430088523452749, 0.6491031507005137, 0.6549391751532916, 0.6605429784828748, 0.6659365956964942, 0.6711388679433593, 0.6761660612430657, 0.6810323395164034, 0.6857501321162165, 0.690330423687483, 0.6947829860744684, 0.6991165665822822, 0.7033390432707531, 0.7074575555636292, 0.7159565108035739, 0.7267581527768002, 0.7362553735447298, 0.7411541630866162, 0.7427775269392941, 0.7438951941127517, 0.7446564638384098, 0.7451539690924319, 0.7451539721731976, 0.7454046950222467, 0.7454046983225823, 0.7454046883899278, 0.745500110327118, 0.7455001146214911, 0.7455001069959878, 0.7455300548500087, NaN]}, "fraction_solid": [0.0, 0.0, 0.0, 0.0, 0.0, 0.0, 0.0, 0.0, 0.0, 0.0, 0.0, 0.0, 0.0, 0.0, 0.0, 0.0, 0.0, 0.0, 0.0, 0.0, 0.0, 0.0, 0.0, 0.0, 0.0, 0.0, 0.0, 0.0, 0.0, 0.0, 0.0, 0.0, 0.0, 0.0, 0.0, 0.0, 0.0, 0.0, 0.0, 0.0, 0.0, 0.0, 0.0, 0.0, 0.0, 0.0, 0.0, 0.0, 0.0, 0.19662098426552008, 0.2779183245850207, 0.34050927341564685, 0.39044688769536, 0.43138768023894536, 0.4656803974396192, 0.49490781198373734, 0.5201783718897267, 0.5422932828866617, 0.5618472011143109, 0.5792915230673603, 0.594975605313768, 0.6091744404299324, 0.6221077370976571, 0.6339533831922513, 0.6448571437521261, 0.6549397783395887, 0.664302355124196, 0.6730302841327575, 0.6811964291906202, 0.6888635525382807, 0.7424498576455848, 0.7887362995609246, 0.81757856392164, 0.8990546867860214, 0.9588308262484208, 0.9825602158057126, 0.9929581201711541, 0.9976744577570709, 0.9976744665004221, 0.9993191194239648, 0.9993191221649199, 0.999319124336841, 0.999784283760894, 0.9997842847211624, 0.9997842854591211, 0.9999335166441559, 1.0], "temperatures": [2000.0, 2000.0, 1990.0, 1980.0, 1970.0, 1960.0, 1950.0, 1940.0, 1930.0, 1920.0, 1910.0, 1900.0, 1890.0, 1880.0, 1870.0, 1860.0, 1850.0, 1840.0, 1830.0, 1820.0, 1810.0, 1800.0, 1790.0, 1780.0, 1770.0, 1760.0, 1750.0, 1740.0, 1730.0, 1720.0, 1710.0, 1700.0, 1690.0, 1680.0, 1670.0, 1660.0, 1650.0, 1640.0, 1630.0, 1620.0, 1610.0, 1600.0, 1590.0, 1580.0, 1570.0, 1560.0, 1550.0, 1540.0, 1530.0, 1520.0, 1510.0, 1500.0, 1490.0, 1480.0, 1470.0, 1460.0, 1450.0, 1440.0, 1430.0, 1420.0, 1410.0, 1400.0, 1390.0, 1380.0, 1370.0, 1360.0, 1350.0, 1340.0, 1330.0, 1320.0, 1310.0, 1300.0, 1290.0, 1280.0, 1270.0, 1260.0, 1250.0, 1240.0, 1240.0, 1231.6666666666667, 1231.6666666666667, 1231.6666666666667, 1225.8796296296298, 1225.8796296296298, 1225.8796296296298, 1221.8608539094653, 1221.8608539094653], "phase_amounts": {"A1": [0.0, 0.0, 0.0, 0.0, 0.0, 0.0, 0.0, 0.0, 0.0, 0.0, 0.0, 0.0, 0.0, 0.0, 0.0, 0.0, 0.0, 0.0, 0.0, 0.0, 0.0, 0.0, 0.0, 0.0, 0.0, 0.0, 0.0, 0.0, 0.0, 0.0, 0.0, 0.0, 0.0, 0.0, 0.0, 0.0, 0.0, 0.0, 0.0, 0.0, 0.0, 0.0, 0.0, 0.0, 0.0, 0.0, 0.0, 0.0, 0.0, 0.0, 0.0, 0.0, 0.0, 0.0, 0.0, 0.0, 0.0, 0.0, 0.0, 0.0, 0.0, 0.0, 0.0, 0.0, 0.0, 0.0, 0.0, 0.0, 0.0, 0.0, 0.0, 0.0, 0.0, 0.0, 0.0, 0.0, 0.0, 0.0, 0.0, 0.0, 0.0, 0.0, 0.0, 0.0, 0.0, 0.0, 0.0], "A2": [0.0, 0.0, 0.0, 0.0, 0.0, 0.0, 0.0, 0.0, 0.0, 0.0, 0.0, 0.0, 0.0, 0.0, 0.0, 0.0, 0.0, 0.0, 0.0, 0.0, 0.0, 0.0, 0.0, 0.0, 0.0, 0.0, 0.0, 0.0, 0.0, 0.0, 0.0, 0.0, 0.0, 0.0, 0.0, 0.0, 0.0, 0.0, 0.0, 0.0, 0.0, 0.0, 0.0, 0.0, 0.0, 0.0, 0.0, 0.0, 0.0, 0.0, 0.0, 0.0, 0.0, 0.0, 0.0, 0.0, 0.0, 0.0, 0.0, 0.0, 0.0, 0.0, 0.0, 0.0, 0.0, 0.0, 0.0, 0.0, 0.0, 0.0, 0.0, 0.0, 0.0, 0.03719723080741345, 0.03099852693937184, 0.01175050170250744, 0.004984816746470745, 0.0022419738178236863, 3.3286707813143735e-09, 0.0007683217511469699, 1.0069392697949203e-09, 8.382347161427701e-10, 0.00020948335401710117, 3.437898303069602e-10, 2.750525894107237e-10, 6.631860136845355e-05, 2.0439434244445102e-05], "A3": [0.0, 0.0, 0.0, 0.0, 0.0, 0.0, 0.0, 0.0, 0.0, 0.0, 0.0, 0.0, 0.0, 0.0, 0.0, 0.0, 0.0, 0.0, 0.0, 0.0, 0.0, 0.0, 0.0, 0.0, 0.0, 0.0, 0.0, 0.0, 0.0, 0.0, 0.0, 0.0, 0.0, 0.0, 0.0, 0.0, 0.0, 0.0, 0.0, 0.0, 0.0, 0.0, 0.0, 0.0, 0.0, 0.0, 0.0, 0.0, 0.0, 0.0, 0.0, 0.0, 0.0, 0.0, 0.0, 0.0, 0.0, 0.0, 0.0, 0.0, 0.0, 0.0, 0.0, 0.0, 0.0, 0.0, 0.0, 0.0, 0.0, 0.0, 0.0, 0.0, 0.0, 0.0, 0.0, 0.0, 0.0, 0.0, 0.0, 0.0, 0.0, 0.0, 0.0, 0.0, 0.0, 0.0, 0.0], "BCC2": [0.0, 0.0, 0.0, 0.0, 0.0, 0.0, 0.0, 0.0, 0.0, 0.0, 0.0, 0.0, 0.0, 0.0, 0.0, 0.0, 0.0, 0.0, 0.0, 0.0, 0.0, 0.0, 0.0, 0.0, 0.0, 0.0, 0.0, 0.0, 0.0, 0.0, 0.0, 0.0, 0.0, 0.0, 0.0, 0.0, 0.0, 0.0, 0.0, 0.0, 0.0, 0.0, 0.0, 0.0, 0.0, 0.0, 0.0, 0.0, 0.0, 0.19662098426552008, 0.08129734031950062, 0.06259094883062617, 0.04993761427971315, 0.040940792543585326, 0.034292717200673825, 0.029227414544118167, 0.025270559905989417, 0.022114910996934974, 0.019553918227649163, 0.017444321953049475, 0.0156840822464077, 0.014198835116164337, 0.012933296667724737, 0.011845646094594136, 0.010903760559874822, 0.01008263458746257, 0.009362576784607314, 0.008727929008561489, 0.008166145057862766, 0.007667123347660499, 0.0, 0.0, 0.0, 0.0, 0.0, 0.0, 0.0, 0.0, 0.0, 0.0, 0.0, 0.0, 0.0, 0.0, 0.0, 0.0, 0.0],