{"x_liquid": {"NI": [0.1420907874553429, 0.1420907874553429, 0.14209078745534287, 0.14209078745534287, 0.14209078745534287, 0.1420907874553429, 0.14209078745534287, 0.1420907874553429, 0.1420907874553429, 0.1420907874553429, 0.14209078745534287, 0.14209078745534287, 0.14209078745534287, 0.14209078745534287, 0.14209078745534287, 0.14209078745534287, 0.14209078745534287, 0.1420907874553429, 0.1420907874553429, 0.14209078745534287, 0.14209078745534287, 0.14209078745534287, 0.14209078745534287, 0.14209078745534287, 0.1420907874553429, 0.14209078745534287, 0.1420907874553429, 0.1420907874553429, 0.14209078745534293, 0.1420907874553429, 0.14209078745534287, 0.14209078745534287, 0.1420907874553429, 0.14209078745534287, 0.14209078745534287, 0.14209078745534287, 0.14209078745534287, 0.1420907874553429, 0.14209078745534287, 0.14209078745534287, 0.1420907874553429, 0.14209078745534293, 0.1420907874553429, 0.14209078745534287, 0.14209078745534287, 0.14209078745534287, 0.14209078745534287, 0.1420907874553429, 0.1420907874553429, 0.14209078745534287, 0.1425050414618274, 0.14276682120641218, 0.1428637578473162, 0.14283347596845705, 0.14270280792952114, 0.14249151254887857, 0.14221452322254205, 0.14188337307674537, 0.14150713433552506, 0.1410930580799974, 0.14064702233251836, 0.14017385367448282, 0.13967756322438477, 0.13916152335887808, 0.13862860273213573, 0.13808127162069528, 0.13752168610841248, 0.13695175740638518, 0.13637321127820023, 0.1357876419320298, 0.1348360978787827, 0.1326504251570872, 0.130071918040581, 0.1502118147180078, 0.17059339009104812, 0.1891602222895763, 0.2060226621534089, 0.22134880784827005, 0.22134887616734186, 0.23308398636781208, 0.23308403718269105, 0.23308408946253326, 0.24074071093992394, 0.24074074674257773, 0.24074078538765742, 0.24584122227705718, NaN], "TI": [0.5924439770658486, 0.5924439770658486, 0.5924439770658486, 0.5924439770658486, 0.5924439770658486, 0.5924439770658486, 0.5924439770658486, 0.5924439770658487, 0.5924439770658488, 0.592443977065849, 0.592443977065849, 0.592443977065849, 0.592443977065849, 0.592443977065849, 0.592443977065849, 0.592443977065849, 0.592443977065849, 0.592443977065849, 0.5924439770658491, 0.592443977065849, 0.592443977065849, 0.592443977065849, 0.592443977065849, 0.592443977065849, 0.5924439770658491, 0.5924439770658491, 0.5924439770658491, 0.5924439770658491, 0.5924439770658492, 0.5924439770658491, 0.5924439770658491, 0.592443977065849, 0.5924439770658491, 0.592443977065849, 0.592443977065849, 0.5924439770658491, 0.592443977065849, 0.592443977065849, 0.592443977065849, 0.5924439770658491, 0.5924439770658491, 0.5924439770658491, 0.592443977065849, 0.592443977065849, 0.592443977065849, 0.592443977065849, 0.592443977065849, 0.5924439770658491, 0.5924439770658491, 0.592443977065849, 0.6005013859905157, 0.6091262729316759, 0.6171473315385492, 0.6246644050020832, 0.6317525783267538, 0.6384700438168136, 0.6448630134969052, 0.6509689315205909, 0.6568186555442577, 0.6624379853823286, 0.6678487633293867, 0.6730696846975184, 0.6781169071197554, 0.6830045169484272, 0.6877448922206392, 0.6923489895795604, 0.6968265746351094, 0.7011864100110414, 0.7054364118778418, 0.709583783613262, 0.7184745364704342, 0.7290239921893437, 0.7383226585272366, 0.7411541630866174, 0.7427775269392932, 0.7438951941127518, 0.744656463838411, 0.7451539690924313, 0.7451539721732008, 0.7454046950222462, 0.7454046983225788, 0.745404688389924, 0.7455001103271176, 0.745500114722699, 0.745500107130418, 0.7455300548500085, NaN]}, "fraction_solid": [0.0, 0.0, 0.0, 0.0, 0.0, 0.0, 0.0, 0.0, 0.0, 0.0, 0.0, 0.0, 0.0, 0.0, 0.0, 0.0, 0.0, 0.0, 0.0, 0.0, 0.0, 0.0, 0.0, 0.0, 0.0, 0.0, 0.0, 0.0, 0.0, 0.0, 0.0, 0.0, 0.0, 0.0, 0.0, 0.0, 0.0, 0.0, 0.0, 0.0, 0.0, 0.0, 0.0, 0.0, 0.0, 0.0, 0.0, 0.0, 0.0, 0.0, 0.08519318134874261, 0.16295467684166998, 0.22521279607364142, 0.2764001994764289, 0.31937828337508883, 0.3560831814438531, 0.3878755056736559, 0.4157416668398471, 0.4404156944374143, 0.4624560757748761, 0.4822959550622938, 0.5002769315424014, 0.5166724188439109, 0.5317041660529798, 0.5455541852231782, 0.5583735250175589, 0.5702888379889925, 0.5814073805573754, 0.5918208878032796, 0.6016086385047251, 0.6699093657683373, 0.7257468184188027, 0.7613494844989107, 0.905422952770263, 0.9614280369603819, 0.9836604272065298, 0.9934023662916672, 0.9978211676050974, 0.9978211757968629, 0.999362073658031, 0.9993620762260701, 0.9993620782609725, 0.9997978924995663, 0.9997978933880901, 0.9997978940811096, 0.9999377108387135, 1.0], "temperatures": [2000.0, 2000.0, 1990.0, 1980.0, 1970.0, 1960.0, 1950.0, 1940.0, 1930.0, 1920.0, 1910.0, 1900.0, 1890.0, 1880.0, 1870.0, 1860.0, 1850.0, 1840.0, 1830.0, 1820.0, 1810.0, 1800.0, 1790.0, 1780.0, 1770.0, 1760.0, 1750.0, 1740.0, 1730.0, 1720.0, 1710.0, 1700.0, 1690.0, 1680.0, 1670.0, 1660.0, 1650.0, 1640.0, 1630.0, 1620.0, 1610.0, 1600.0, 1590.0, 1580.0, 1570.0, 1560.0, 1550.0, 1540.0, 1530.0, 1520.0, 1510.0, 1500.0, 1490.0, 1480.0, 1470.0, 1460.0, 1450.0, 1440.0, 1430.0, 1420.0, 1410.0, 1400.0, 1390.0, 1380.0, 1370.0, 1360.0, 1350.0, 1340.0, 1330.0, 1320.0, 1310.0, 1300.0, 1290.0, 1280.0, 1270.0, 1260.0, 1250.0, 1240.0, 1240.0, 1231.6666666666667, 1231.6666666666667, 1231.6666666666667, 1225.8796296296298, 1225.8796296296298, 1225.8796296296298, 1221.8608539094653, 1221.8608539094653], "phase_amounts": {"A1": [0.0, 0.0, 0.0, 0.0, 0.0, 0.0, 0.0, 0.0, 0.0, 0.0, 0.0, 0.0, 0.0, 0.0, 0.0, 0.0, 0.0, 0.0, 0.0, 0.0, 0.0, 0.0, 0.0, 0.0, 0.0, 0.0, 0.0, 0.0, 0.0, 0.0, 0.0, 0.0, 0.0, 0.0, 0.0, 0.0, 0.0, 0.0, 0.0, 0.0, 0.0, 0.0, 0.0, 0.0, 0.0, 0.0, 0.0, 0.0, 0.0, 0.0, 0.0, 0.0, 0.0, 0.0, 0.0, 0.0, 0.0, 0.0, 0.0, 0.0, 0.0, 0.0, 0.0, 0.0, 0.0, 0.0, 0.0, 0.0, 0.0, 0.0, 0.0, 0.0, 0.0, 0.0, 0.0, 0.0, 0.0, 0.0, 0.0, 0.0, 0.0, 0.0, 0.0, 0.0, 0.0, 0.0, 0.0], "A2": [0.0, 0.0, 0.0, 0.0, 0.0, 0.0, 0.0, 0.0, 0.0, 0.0, 0.0, 0.0, 0.0, 0.0, 0.0, 0.0, 0.0, 0.0, 0.0, 0.0, 0.0, 0.0, 0.0, 0.0, 0.0, 0.0, 0.0, 0.0, 0.0, 0.0, 0.0, 0.0, 0.0, 0.0, 0.0, 0.0, 0.0, 0.0, 0.0, 0.0, 0.0, 0.0, 0.0, 0.0, 0.0, 0.0, 0.0, 0.0, 0.0, 0.0, 0.0, 0.0, 0.0, 0.0, 0.0, 0.0, 0.0, 0.0, 0.0, 0.0, 0.0, 0.0, 0.0, 0.0, 0.0, 0.0, 0.0, 0.0, 0.0, 0.0, 0.0, 0.0, 0.0, 0.07683256713896963, 0.02904294467027721, 0.011009206065222443, 0.004670343117993165, 0.002100535992261936, 3.118677179887348e-09, 0.0007198511771596473, 9.434154969299395e-10, 7.853534919356792e-10, 0.000196267824982523, 3.17960480734249e-10, 2.5825532866038066e-10, 6.21348146648169e-05, 1.9149985875781042e-05], "A3": [0.0, 0.0, 0.0, 0.0, 0.0, 0.0, 0.0, 0.0, 0.0, 0.0, 0.0, 0.0, 0.0, 0.0, 0.0, 0.0, 0.0, 0.0, 0.0, 0.0, 0.0, 0.0, 0.0, 0.0, 0.0, 0.0, 0.0, 0.0, 0.0, 0.0, 0.0, 0.0, 0.0, 0.0, 0.0, 0.0, 0.0, 0.0, 0.0, 0.0, 0.0, 0.0, 0.0, 0.0, 0.0, 0.0, 0.0, 0.0, 0.0, 0.0, 0.0, 0.0, 0.0, 0.0, 0.0, 0.0, 0.0, 0.0, 0.0, 0.0, 0.0, 0.0, 0.0, 0.0, 0.0, 0.0, 0.0, 0.0, 0.0, 0.0, 0.0, 0.0, 0.0, 0.0, 0.0, 0.0, 0.0, 0.0, 0.0, 0.0, 0.0, 0.0, 0.0, 0.0, 0.0, 0.0, 0.0], "BCC2": [0.0, 0.0, 0.0, 0.0, 0.0, 0.0, 0.0, 0.0, 0.0, 0.0, 0.0, 0.0, 0.0, 0.0, 0.0, 0.0, 0.0, 0.0, 0.0, 0.0, 0.0, 0.0, 0.0, 0.0, 0.0, 0.0, 0.0, 0.0, 0.0, 0.0, 0.0, 0.0, 0.0, 0.0, 0.0, 0.0, 0.0, 0.0, 0.0, 0.0, 0.0, 0.0, 0.0, 0.0, 0.0, 0.0, 0.0, 0.0, 0.0, 0.0, 0.08519318134874261, 0.07776149549292738, 0.062258119231971436, 0.05118740340278746, 0.042978083898659945, 0.036704898068764286, 0.03179232422980283, 0.027866161166191186, 0.024674027597567195, 0.022040381337461796, 0.019839879287417723, 0.017980976480107647, 0.016395487301509495, 0.015031747209068887, 0.013850019170198461, 0.012819339794380661, 0.0119153129714337, 0.011118542568382848, 0.010413507245904152, 0.009787750701445545, 0.0, 0.0, 0.0, 0.0, 0.0, 0.0, 0.0, 0.0, 0.0, 0.0, 0.0, 0.0, 0.0, 0.0, 0.0, 0.0, 0.0],