{"x_liquid": {"NI": [0.19915513930534262, 0.19915513930534262, 0.19915513930534262, 0.19915513930534265, 0.19915513930534265, 0.19915513930534268, 0.1991551393053427, 0.19915513930534273, 0.1991551393053428, 0.19915513930534276, 0.19915513930534276, 0.19915513930534276, 0.1991551393053428, 0.19915513930534282, 0.1991551393053428, 0.19915513930534284, 0.19915513930534282, 0.1991551393053428, 0.19915513930534276, 0.19915513930534273, 0.19915513930534276, 0.19915513930534273, 0.19915513930534276, 0.1991551393053427, 0.1991551393053427, 0.19915513930534273, 0.19915513930534273, 0.1991551393053428, 0.19915513930534276, 0.19915513930534276, 0.19915513930534276, 0.19915513930534273, 0.19915513930534273, 0.1991551393053428, 0.19915513930534273, 0.19917931659603946, 0.20208937211090547, 0.20481436671864325, 0.20738692986122093, 0.20983136681523745, 0.2121663233935261, 0.21440645507533054, 0.21656351792080616, 0.2186471072533839, 0.2206651729581211, 0.24502935618248434, 0.24502935618248434, 0.2861133476001962, 0.31873746697794175, 0.34547458626195837, 0.3678904865968182, 0.38703390839185436, 0.4036462916054545, 0.4182676817248659, 0.43129847247181813, 0.44303945514894383, 0.45371934840140915, 0.4635141997168368, 0.47256120381653655, 0.48096861131270413, 0.4888228837201515, 0.4961939024237128, 0.5031387957391422, 0.5097047780597265, 0.5159312769693302, 0.5218515425235423, 0.5274938764200845, 0.5328825795386085, 0.538038688910587, 0.5380387676094035, 0.5380387676093239, 0.5380387676087016, 0.5380387676080729, 0.5380387676074507, 0.5380387676068221, 0.5380387676061935, 0.5380387676055635, NaN], "TI": [0.42876749453097424, 0.4287674945309743, 0.42876749453097424, 0.4287674945309743, 0.42876749453097424, 0.4287674945309743, 0.4287674945309743, 0.42876749453097435, 0.4287674945309744, 0.42876749453097435, 0.4287674945309744, 0.42876749453097446, 0.4287674945309745, 0.4287674945309746, 0.4287674945309746, 0.4287674945309747, 0.42876749453097457, 0.4287674945309745, 0.42876749453097446, 0.42876749453097446, 0.42876749453097446, 0.4287674945309745, 0.4287674945309745, 0.42876749453097446, 0.42876749453097446, 0.4287674945309745, 0.42876749453097446, 0.42876749453097457, 0.42876749453097457, 0.4287674945309746, 0.42876749453097457, 0.42876749453097457, 0.42876749453097457, 0.4287674945309747, 0.42876749453097457, 0.42882169504983303, 0.4353284095374227, 0.4413924032830266, 0.4470811323775979, 0.452446282127189, 0.45752853192882625, 0.4623606116746852, 0.4669693438483555, 0.47137705497674104, 0.47560257938416917, 0.4728485323889679, 0.47284853238896796, 0.46203193924100083, 0.45224367547650945, 0.44332558465507804, 0.43520011905948097, 0.427785661467438, 0.42099796205136475, 0.41475531882349825, 0.40898292800805597, 0.4036150828912742, 0.3985955858095217, 0.39387711948820625, 0.3894201680889441, 0.38519183762562376, 0.3811647470201659, 0.3773160568000197, 0.37362664946557905, 0.37008045188961664, 0.3666638814644848, 0.3633653961366356, 0.360175129890537, 0.3570845977108996, 0.3540864566757822, 0.3540863828448817, 0.3540863828449563, 0.3540863828450525, 0.3540863828451501, 0.3540863828452463, 0.35408638284534383, 0.3540863828454414, 0.35408638284553934, NaN]}, "fraction_solid": [0.0, 0.0, 0.0, 0.0, 0.0, 0.0, 0.0, 0.0, 0.0, 0.0, 0.0, 0.0, 0.0, 0.0, 0.0, 0.0, 0.0, 0.0, 0.0, 0.0, 0.0, 0.0, 0.0, 0.0, 0.0, 0.0, 0.0, 0.0, 0.0, 0.0, 0.0, 0.0, 0.0, 0.0, 0.0, 0.0006002105787727381, 0.06816878062370607, 0.12368743011323349, 0.17028667335099207, 0.2100735271623936, 0.244523560031582, 0.27470415266663584, 0.3014085070878271, 0.32523965706072083, 0.34666509358516673, 0.7622377081502264, 0.7622377081502264, 0.9764547568400135, 0.9910509482621219, 0.995180942034431, 0.9969152015670407, 0.9978091242543631, 0.9983332879457536, 0.998669464660628, 0.9988998424855361, 0.9990659655031126, 0.9991906715471671, 0.9992873706491072, 0.9993643688770396, 0.9994270437363447, 0.9994790091471165, 0.9995227726435257, 0.9995601228608438, 0.9995923668489127, 0.9996204803006593, 0.9996452054569764, 0.9996671165764092, 0.9996866647332733, 0.9997042091109717, 0.9997042094397053, 0.9997042094397053, 0.9997042094397053, 0.9997042094397053, 0.9997042094397053, 0.9997042094397053, 0.9997042094397053, 0.9997042094397053, 1.0], "temperatures": [2000.0, 2000.0, 1990.0, 1980.0, 1970.0, 1960.0, 1950.0, 1940.0, 1930.0, 1920.0, 1910.0, 1900.0, 1890.0, 1880.0, 1870.0, 1860.0, 1850.0, 1840.0, 1830.0, 1820.0, 1810.0, 1800.0, 1790.0, 1780.0, 1770.0, 1760.0, 1750.0, 1740.0, 1730.0, 1720.0, 1710.0, 1700.0, 1690.0, 1680.0, 1670.0, 1660.0, 1650.0, 1640.0, 1630.0, 1620.0, 1610.0, 1600.0, 1590.0, 1580.0, 1570.0, 1560.0, 1560.0, 1551.6666666666667, 1543.3333333333335, 1535.0000000000002, 1526.666666666667, 1518.3333333333337, 1510.0000000000005, 1501.6666666666672, 1493.333333333334, 1485.0000000000007, 1476.6666666666674, 1468.3333333333342, 1460.000000000001, 1451.6666666666677, 1443.3333333333344, 1435.0000000000011, 1426.6666666666679, 1418.3333333333346, 1410.0000000000014, 1401.666666666668, 1393.3333333333348, 1385.0000000000016, 1376.6666666666683, 1376.6666666666683, 1376.6666666666683, 1376.6666666666683, 1376.6666666666683, 1376.6666666666683, 1376.6666666666683, 1376.6666666666683, 1376.6666666666683, 1374.7285996719902], "phase_amounts": {"A1": [0.0, 0.0, 0.0, 0.0, 0.0, 0.0, 0.0, 0.0, 0.0, 0.0, 0.0, 0.0, 0.0, 0.0, 0.0, 0.0, 0.0, 0.0, 0.0, 0.0, 0.0, 0.0, 0.0, 0.0, 0.0, 0.0, 0.0, 0.0, 0.0, 0.0, 0.0, 0.0, 0.0, 0.0, 0.0, 0.0, 0.0, 0.0, 0.0, 0.0, 0.0, 0.0, 0.0, 0.0, 0.0, 0.0, 0.0, 0.0, 0.0, 0.0, 0.0, 0.0, 0.0, 0.0, 0.0, 0.0, 0.0, 0.0, 0.0, 0.0, 0.0, 0.0, 0.0, 0.0, 0.0, 0.0, 0.0, 0.0, 0.0, 0.0, 0.0, 0.0, 0.0, 0.0, 0.0, 0.0, 0.0, 0.0], "A2": [0.0, 0.0, 0.0, 0.0, 0.0, 0.0, 0.0, 0.0, 0.0, 0.0, 0.0, 0.0, 0.0, 0.0, 0.0, 0.0, 0.0, 0.0, 0.0, 0.0, 0.0, 0.0, 0.0, 0.0, 0.0, 0.0, 0.0, 0.0, 0.0, 0.0, 0.0, 0.0, 0.0, 0.0, 0.0, 0.0, 0.0, 0.0, 0.0, 0.0, 0.0, 0.0, 0.0, 0.0, 0.0, 0.0, 0.0, 0.0, 0.0, 0.0, 0.0, 0.0, 0.0, 0.0, 0.0, 0.0, 0.0, 0.0, 0.0, 0.0, 0.0, 0.0, 0.0, 0.0, 0.0, 0.0, 0.0, 0.0, 0.0, 0.0, 0.0, 0.0, 0.0, 0.0, 0.0, 0.0, 0.0, 0.0], "A3": [0.0, 0.0, 0.0, 0.0, 0.0, 0.0, 0.0, 0.0, 0.0, 0.0, 0.0, 0.0, 0.0, 0.0, 0.0, 0.0, 0.0, 0.0, 0.0, 0.0, 0.0, 0.0, 0.0, 0.0, 0.0, 0.0, 0.0, 0.0, 0.0, 0.0, 0.0, 0.0, 0.0, 0.0, 0.0, 0.0, 0.0, 0.0, 0.0, 0.0, 0.0, 0.0, 0.0, 0.0, 0.0, 0.0, 0.0, 0.0, 0.0, 0.0, 0.0, 0.0, 0.0, 0.0, 0.0, 0.0, 0.0, 0.0, 0.0, 0.0, 0.0, 0.0, 0.0, 0.0, 0.0, 0.0, 0.0, 0.0, 0.0, 0.0, 0.0, 0.0, 0.0, 0.0, 0.0, 0.0, 0.0, 0.0], "BCC2": [0.0, 0.0, 0.0, 0.0, 0.0, 0.0, 0.0, 0.0, 0.0, 0.0, 0.0, 0.0, 0.0, 0.0, 0.0, 0.0, 0.0, 0.0, 0.0, 0.0, 0.0, 0.0, 0.0, 0.0, 0.0, 0.0, 0.0, 0.0, 0.0, 0.0, 0.0, 0.0, 0.0, 0.0, 0.0, 0.0, 0.0, 0.0, 0.0, 0.0, 0.0, 0.0, 0.0, 0.0, 0.0, 0.4155726145650597, 0.0, 0.21410687068613654, 0.01438849595778066, 0.003983251365908086, 0.001634183321162959, 0.0008241964690881204, 0.0004741450933513442, 0.0002992552022439206, 0.00020240454905261942, 0.000144433817924059, 0.0001075456059085689, 8.288082870451455e-05, 6.570001006806113e-05, 5.331384505861644e-05, 4.4119482187637165e-05, 3.712091424041631e-05, 3.1676616982222975e-05, 2.7360291725616268e-05, 2.388079147121524e-05, 2.1034390615179053e-05, 1.8675416452870442e-05, 1.6697661929361688e-05, 1.5022321441501357e-05, 3.287335981637262e-10, 0.0, 0.0, 0.0, 0.0, 0.0, 0.0, 0.0, 0.00017915572410934658],