{"x_liquid": {"NI": [0.13517899256698448, 0.13517899256698448, 0.1351789925669845, 0.1351789925669845, 0.1351789925669845, 0.1351789925669845, 0.1351789925669845, 0.1351789925669845, 0.1351789925669845, 0.1351789925669845, 0.1351789925669845, 0.1351789925669845, 0.13517899256698454, 0.13517899256698457, 0.13517899256698457, 0.13517899256698457, 0.13517899256698454, 0.13517899256698454, 0.13517899256698457, 0.13517899256698457, 0.13517899256698457, 0.13517899256698457, 0.13517899256698457, 0.13517899256698457, 0.13517899256698454, 0.13517899256698454, 0.13517899256698454, 0.13517899256698457, 0.13517899256698454, 0.13517899256698457, 0.13517899256698454, 0.13517899256698454, 0.13517899256698454, 0.13517899256698457, 0.13517899256698454, 0.13517899256698454, 0.13517899256698454, 0.13517899256698457, 0.13517899256698454, 0.13517899256698454, 0.13517899256698454, 0.13517899256698457, 0.13517899256698454, 0.13517899256698454, 0.13517899256698457, 0.13517899256698457, 0.13517899256698454, 0.13517899256698457, 0.13517899256698457, 0.13517899256698457, 0.13517899256698457, 0.13517899256698457, 0.13525070597625802, 0.13522161667168944, 0.1350989095274851, 0.13490041171581246, 0.134639653922205, 0.13432712858164558, 0.13397112170378603, 0.1335782810241058, 0.1331540150599095, 0.13270278034604358, 0.13222829279265144, 0.13173368644808808, 0.1312216352041781, 0.13069444813020964, 0.13015414604928852, 0.129602525051729, 0.12904121154281464, 0.12847171302263546, 0.1273051721510607, 0.12507921763863245, 0.12799673348478285, 0.15021181471800896, 0.17059339009104385, 0.18916022228957685, 0.20602266215340695, 0.22134880784826916, 0.2213488761673343, 0.2330839863678102, 0.23308403718267304, 0.23308408946251996, 0.24074071093991703, 0.24074074674256818, 0.24074078538765836, 0.24584122227705157, NaN], "TI": [0.6122689332539567, 0.6122689332539567, 0.6122689332539568, 0.6122689332539568, 0.6122689332539568, 0.6122689332539568, 0.6122689332539568, 0.6122689332539568, 0.6122689332539568, 0.6122689332539569, 0.612268933253957, 0.6122689332539569, 0.6122689332539569, 0.6122689332539569, 0.6122689332539569, 0.6122689332539569, 0.6122689332539569, 0.6122689332539569, 0.6122689332539569, 0.612268933253957, 0.612268933253957, 0.6122689332539571, 0.6122689332539573, 0.6122689332539574, 0.6122689332539575, 0.6122689332539574, 0.6122689332539574, 0.6122689332539575, 0.6122689332539575, 0.6122689332539574, 0.6122689332539575, 0.6122689332539575, 0.6122689332539575, 0.6122689332539574, 0.6122689332539575, 0.6122689332539575, 0.6122689332539574, 0.6122689332539574, 0.6122689332539574, 0.6122689332539575, 0.6122689332539575, 0.6122689332539574, 0.6122689332539574, 0.6122689332539574, 0.6122689332539574, 0.6122689332539575, 0.6122689332539574, 0.6122689332539575, 0.6122689332539575, 0.6122689332539574, 0.6122689332539574, 0.6122689332539575, 0.6187553651509133, 0.6262723171583291, 0.6333637996983501, 0.6400873566028988, 0.6464887261092543, 0.6526049999293271, 0.6584667704427459, 0.6640996366850491, 0.6695252892397375, 0.6747623100828846, 0.6798267744214742, 0.6847327119244931, 0.6894924662491612, 0.694116979922597, 0.6986160239173438, 0.7029983861909238, 0.707272030207401, 0.7114442325834024, 0.7205743401533583, 0.7309075562743541, 0.7388072103925648, 0.741154163086617, 0.742777526939293, 0.743895194112752, 0.7446564638384103, 0.7451539690924314, 0.7451539721732041, 0.7454046950222469, 0.7454046983225797, 0.7454046883899258, 0.7455001103271175, 0.7455001147227017, 0.7455001071304156, 0.7455300548500091, NaN]}, "fraction_solid": [0.0, 0.0, 0.0, 0.0, 0.0, 0.0, 0.0, 0.0, 0.0, 0.0, 0.0, 0.0, 0.0, 0.0, 0.0, 0.0, 0.0, 0.0, 0.0, 0.0, 0.0, 0.0, 0.0, 0.0, 0.0, 0.0, 0.0, 0.0, 0.0, 0.0, 0.0, 0.0, 0.0, 0.0, 0.0, 0.0, 0.0, 0.0, 0.0, 0.0, 0.0, 0.0, 0.0, 0.0, 0.0, 0.0, 0.0, 0.0, 0.0, 0.0, 0.0, 0.0, 0.05926520592919736, 0.12053920050034675, 0.17208805656063675, 0.2161874264105149, 0.2544410948964692, 0.2880146398742899, 0.3177772965430618, 0.3443917004673489, 0.36837266726303386, 0.39012685877746833, 0.4099802555557278, 0.42819762510953696, 0.44499660416470055, 0.4605580780491379, 0.47503396782990065, 0.4885531768374051, 0.5012262195488669, 0.513148910191156, 0.5955348749903255, 0.660590048136077, 0.7535432453554812, 0.9109618402900793, 0.9636869969401214, 0.9846173513067823, 0.993788755506362, 0.9979487705268779, 0.9979487782388937, 0.9993994336978884, 0.9993994361155302, 0.9993994380312591, 0.999809728888464, 0.9998097297249516, 0.9998097303773849, 0.9999413587920825, 1.0], "temperatures": [2000.0, 2000.0, 1990.0, 1980.0, 1970.0, 1960.0, 1950.0, 1940.0, 1930.0, 1920.0, 1910.0, 1900.0, 1890.0, 1880.0, 1870.0, 1860.0, 1850.0, 1840.0, 1830.0, 1820.0, 1810.0, 1800.0, 1790.0, 1780.0, 1770.0, 1760.0, 1750.0, 1740.0, 1730.0, 1720.0, 1710.0, 1700.0, 1690.0, 1680.0, 1670.0, 1660.0, 1650.0, 1640.0, 1630.0, 1620.0, 1610.0, 1600.0, 1590.0, 1580.0, 1570.0, 1560.0, 1550.0, 1540.0, 1530.0, 1520.0, 1510.0, 1500.0, 1490.0, 1480.0, 1470.0, 1460.0, 1450.0, 1440.0, 1430.0, 1420.0, 1410.0, 1400.0, 1390.0, 1380.0, 1370.0, 1360.0, 1350.0, 1340.0, 1330.0, 1320.0, 1310.0, 1300.0, 1290.0, 1280.0, 1270.0, 1260.0, 1250.0, 1240.0, 1240.0, 1231.6666666666667, 1231.6666666666667, 1231.6666666666667, 1225.8796296296298, 1225.8796296296298, 1225.8796296296298, 1221.8608539094653, 1221.8608539094653], "phase_amounts": {"A1": [0.0, 0.0, 0.0, 0.0, 0.0, 0.0, 0.0, 0.0, 0.0, 0.0, 0.0, 0.0, 0.0, 0.0, 0.0, 0.0, 0.0, 0.0, 0.0, 0.0, 0.0, 0.0, 0.0, 0.0, 0.0, 0.0, 0.0, 0.0, 0.0, 0.0, 0.0, 0.0, 0.0, 0.0, 0.0, 0.0, 0.0, 0.0, 0.0, 0.0, 0.0, 0.0, 0.0, 0.0, 0.0, 0.0, 0.0, 0.0, 0.0, 0.0, 0.0, 0.0, 0.0, 0.0, 0.0, 0.0, 0.0, 0.0, 0.0, 0.0, 0.0, 0.0, 0.0, 0.0, 0.0, 0.0, 0.0, 0.0, 0.0, 0.0, 0.0, 0.0, 0.0, 0.0, 0.0, 0.0, 0.0, 0.0, 0.0, 0.0, 0.0, 0.0, 0.0, 0.0, 0.0, 0.0, 0.0], "A2": [0.0, 0.0, 0.0, 0.0, 0.0, 0.0, 0.0, 0.0, 0.0, 0.0, 0.0, 0.0, 0.0, 0.0, 0.0, 0.0, 0.0, 0.0, 0.0, 0.0, 0.0, 0.0, 0.0, 0.0, 0.0, 0.0, 0.0, 0.0, 0.0, 0.0, 0.0, 0.0, 0.0, 0.0, 0.0, 0.0, 0.0, 0.0, 0.0, 0.0, 0.0, 0.0, 0.0, 0.0, 0.0, 0.0, 0.0, 0.0, 0.0, 0.0, 0.0, 0.0, 0.0, 0.0, 0.0, 0.0, 0.0, 0.0, 0.0, 0.0, 0.0, 0.0, 0.0, 0.0, 0.0, 0.0, 0.0, 0.0, 0.0, 0.0, 0.0, 0.0, 0.029633371918893415, 0.0865362722396527, 0.02734204991319257, 0.01036445392013735, 0.004396825325174498, 0.0019775184850211315, 2.93603223282443e-09, 0.0006776932242731127, 8.881642736441671e-10, 7.393594989358034e-10, 0.00018477343561250917, 2.9933918179621364e-10, 2.4313069867583876e-10, 5.84959005774377e-05, 1.8028470445982494e-05], "A3": [0.0, 0.0, 0.0, 0.0, 0.0, 0.0, 0.0, 0.0, 0.0, 0.0, 0.0, 0.0, 0.0, 0.0, 0.0, 0.0, 0.0, 0.0, 0.0, 0.0, 0.0, 0.0, 0.0, 0.0, 0.0, 0.0, 0.0, 0.0, 0.0, 0.0, 0.0, 0.0, 0.0, 0.0, 0.0, 0.0, 0.0, 0.0, 0.0, 0.0, 0.0, 0.0, 0.0, 0.0, 0.0, 0.0, 0.0, 0.0, 0.0, 0.0, 0.0, 0.0, 0.0, 0.0, 0.0, 0.0, 0.0, 0.0, 0.0, 0.0, 0.0, 0.0, 0.0, 0.0, 0.0, 0.0, 0.0, 0.0, 0.0, 0.0, 0.0, 0.0, 0.0, 0.0, 0.0, 0.0, 0.0, 0.0, 0.0, 0.0, 0.0, 0.0, 0.0, 0.0, 0.0, 0.0, 0.0], "BCC2": [0.0, 0.0, 0.0, 0.0, 0.0, 0.0, 0.0, 0.0, 0.0, 0.0, 0.0, 0.0, 0.0, 0.0, 0.0, 0.0, 0.0, 0.0, 0.0, 0.0, 0.0, 0.0, 0.0, 0.0, 0.0, 0.0, 0.0, 0.0, 0.0, 0.0, 0.0, 0.0, 0.0, 0.0, 0.0, 0.0, 0.0, 0.0, 0.0, 0.0, 0.0, 0.0, 0.0, 0.0, 0.0, 0.0, 0.0, 0.0, 0.0, 0.0, 0.0, 0.0, 0.05926520592919736, 0.06127399457114938, 0.051548856060290006, 0.04409936984987813, 0.03825366848595432, 0.03357354497782067, 0.02976265666877191, 0.026614403924287086, 0.023980966795684962, 0.02175419151443445, 0.019853396778259463, 0.01821736955380912, 0.01679897905516359, 0.015561473884437347, 0.01447588978076276, 0.013519209007504498, 0.012673042711461755, 0.011922690642289084, 0.0, 0.0, 0.0, 0.0, 0.0, 0.0, 0.0, 0.0, 0.0, 0.0, 0.0, 0.0, 0.0, 0.0, 0.0, 0.0, 0.0],