{"x_liquid": {"NI": [0.32361383297057716, 0.32361383297057716, 0.32361383297057716, 0.32361383297057716, 0.32361383297057716, 0.3236138329705772, 0.3236138329705772, 0.3236138329705772, 0.3236138329705772, 0.3236138329705772, 0.3236138329705772, 0.3236138329705772, 0.3236138329705772, 0.32361383297057716, 0.3236138329705772, 0.3236138329705773, 0.3236138329705773, 0.3236138329705773, 0.3236138329705773, 0.3236138329705773, 0.32361383297057733, 0.32361383297057733, 0.32361383297057733, 0.32361383297057733, 0.32361383297057733, 0.32361383297057733, 0.32361383297057733, 0.32361383297057733, 0.32361383297057733, 0.32361383297057733, 0.32361383297057733, 0.32361383297057733, 0.32361383297057733, 0.3236138329705774, 0.32361383297057744, 0.32361383297057755, 0.32361383297057755, 0.32361383297057755, 0.32361383297057755, 0.32361383297057755, 0.3236138329705775, 0.3307813902082474, 0.33797527462566845, 0.3448506819146298, 0.3514257746018302, 0.35771544344500833, 0.3637321990873133, 0.3694869145864126, 0.37498943616348285, 0.38024907167507876, 0.3852749627851653, 0.39007634693945203, 0.3946627178345594, 0.39904389671832513, 0.4032300302288344, 0.40723153260555217, 0.41105899051591427, 0.4147230474882488, 0.4182342823281792, 0.42160309270000607, 0.424839591514142, 0.42795352063797387, 0.4279535206379738, 0.4279536849307048, 0.42795379674043177, 0.42795379674043166, 0.42795379674043166, 0.42368847674684573, 0.42368788261846335, 0.4236874914543354, 0.4236876105126926, 0.4236876105126926, NaN], "TI": [0.07178523608776131, 0.07178523608776131, 0.07178523608776131, 0.07178523608776131, 0.07178523608776131, 0.07178523608776131, 0.07178523608776131, 0.07178523608776131, 0.07178523608776131, 0.07178523608776131, 0.07178523608776131, 0.07178523608776131, 0.07178523608776131, 0.0717852360877613, 0.0717852360877613, 0.0717852360877613, 0.0717852360877613, 0.0717852360877613, 0.0717852360877613, 0.0717852360877613, 0.0717852360877613, 0.0717852360877613, 0.0717852360877613, 0.07178523608776129, 0.07178523608776127, 0.07178523608776127, 0.07178523608776127, 0.07178523608776127, 0.07178523608776127, 0.07178523608776126, 0.07178523608776126, 0.07178523608776124, 0.07178523608776124, 0.07178523608776126, 0.07178523608776124, 0.07178523608776126, 0.07178523608776126, 0.07178523608776126, 0.07178523608776126, 0.07178523608776124, 0.07178523608776124, 0.0776734646946447, 0.08384901014145314, 0.09000011073492174, 0.09611797626640121, 0.10219464965646094, 0.10822274029267141, 0.11419525807454955, 0.12010552942439942, 0.12594717787868387, 0.13171415210247228, 0.13740078439955397, 0.14300186375808627, 0.14851270948931028, 0.15392923449735815, 0.15924799077421928, 0.1644661933252175, 0.16958172195264531, 0.17459310270623568, 0.17949947252380538, 0.184300531225452, 0.18899648519517137, 0.18899648519517137, 0.18899673295791355, 0.18899690157387747, 0.18899690157387744, 0.18899690157387747, 0.19109726742704414, 0.19109743713102767, 0.19109754597457423, 0.1910977216206316, 0.1910977216206316, NaN]}, "fraction_solid": [0.0, 0.0, 0.0, 0.0, 0.0, 0.0, 0.0, 0.0, 0.0, 0.0, 0.0, 0.0, 0.0, 0.0, 0.0, 0.0, 0.0, 0.0, 0.0, 0.0, 0.0, 0.0, 0.0, 0.0, 0.0, 0.0, 0.0, 0.0, 0.0, 0.0, 0.0, 0.0, 0.0, 0.0, 0.0, 0.0, 0.0, 0.0, 0.0, 0.0, 0.0, 0.15540605298478882, 0.2866072083034613, 0.3924366474385228, 0.4788231396840634, 0.5500657302022038, 0.6093419973240709, 0.6590417656083483, 0.7009911494447137, 0.7366059702619738, 0.7669986744469353, 0.7930540300606518, 0.8154834970152611, 0.8348648111606183, 0.8516711842018493, 0.866293127552162, 0.8790549811545318, 0.8902276009242208, 0.900038227809771, 0.9086782637073678, 0.9163094715508794, 0.9230689720933383, 0.9230689720933383, 0.9230692999273475, 0.9230695230357016, 0.9230695230357016, 0.9230695230357016, 0.9333333902562746, 0.9333344324120755, 0.9333351129292592, 0.9333353115798523, 0.9333353115798523, 1.0], "temperatures": [2000.0, 2000.0, 1990.0, 1980.0, 1970.0, 1960.0, 1950.0, 1940.0, 1930.0, 1920.0, 1910.0, 1900.0, 1890.0, 1880.0, 1870.0, 1860.0, 1850.0, 1840.0, 1830.0, 1820.0, 1810.0, 1800.0, 1790.0, 1780.0, 1770.0, 1760.0, 1750.0, 1740.0, 1730.0, 1720.0, 1710.0, 1700.0, 1690.0, 1680.0, 1670.0, 1660.0, 1650.0, 1640.0, 1630.0, 1620.0, 1610.0, 1600.0, 1590.0, 1580.0, 1570.0, 1560.0, 1550.0, 1540.0, 1530.0, 1520.0, 1510.0, 1500.0, 1490.0, 1480.0, 1470.0, 1460.0, 1450.0, 1440.0, 1430.0, 1420.0, 1410.0, 1400.0, 1400.0, 1400.0, 1400.0, 1400.0, 1400.0, 1395.9812242798355, 1395.9812242798355, 1395.9812242798355, 1395.9812242798355, 1395.9812242798355, 1394.0431572851573], "phase_amounts": {"A1": [0.0, 0.0, 0.0, 0.0, 0.0, 0.0, 0.0, 0.0, 0.0, 0.0, 0.0, 0.0, 0.0, 0.0, 0.0, 0.0, 0.0, 0.0, 0.0, 0.0, 0.0, 0.0, 0.0, 0.0, 0.0, 0.0, 0.0, 0.0, 0.0, 0.0, 0.0, 0.0, 0.0, 0.0, 0.0, 0.0, 0.0, 0.0, 0.0, 0.0, 0.0, 0.15540605298478882, 0.13120115531867252, 0.10582943913506149, 0.08638649224554064, 0.07124259051814047, 0.05927626712186708, 0.04969976828427737, 0.04194938383636549, 0.03561482081726004, 0.03039270418496147, 0.02605535561371649, 0.022429466954609366, 0.01938131414535716, 0.016806373041230987, 0.014621943350312727, 0.012761853602369784, 0.011172619769688941, 0.009810626885550223, 0.008640035897596772, 0.00763120784351156, 0.006759500542458879, 0.0, 3.2783400921948744e-07, 2.2310835402261771e-07, 0.0, 0.0, 0.006476987144747944, 5.954816505151424e-07, 3.87670352414398e-07, 1.986505930541715e-07, 0.0, 0.03533069975431487], "A2": [0.0, 0.0, 0.0, 0.0, 0.0, 0.0, 0.0, 0.0, 0.0, 0.0, 0.0, 0.0, 0.0, 0.0, 0.0, 0.0, 0.0, 0.0, 0.0, 0.0, 0.0, 0.0, 0.0, 0.0, 0.0, 0.0, 0.0, 0.0, 0.0, 0.0, 0.0, 0.0, 0.0, 0.0, 0.0, 0.0, 0.0, 0.0, 0.0, 0.0, 0.0, 0.0, 0.0, 0.0, 0.0, 0.0, 0.0, 0.0, 0.0, 0.0, 0.0, 0.0, 0.0, 0.0, 0.0, 0.0, 0.0, 0.0, 0.0, 0.0, 0.0, 0.0, 0.0, 0.0, 0.0, 0.0, 0.0, 0.0, 0.0, 0.0, 0.0, 0.0, 0.0], "A3": [0.0, 0.0, 0.0, 0.0, 0.0, 0.0, 0.0, 0.0, 0.0, 0.0, 0.0, 0.0, 0.0, 0.0, 0.0, 0.0, 0.0, 0.0, 0.0, 0.0, 0.0, 0.0, 0.0, 0.0, 0.0, 0.0, 0.0, 0.0, 0.0, 0.0, 0.0, 0.0, 0.0, 0.0, 0.0, 0.0, 0.0, 0.0, 0.0, 0.0, 0.0, 0.0, 0.0, 0.0, 0.0, 0.0, 0.0, 0.0, 0.0, 0.0, 0.0, 0.0, 0.0, 0.0, 0.0, 0.0, 0.0, 0.0, 0.0, 0.0, 0.0, 0.0, 0.0, 0.0, 0.0, 0.0, 0.0, 0.0, 0.0, 0.0, 0.0, 0.0, 0.0], "BCC2": [0.0, 0.0, 0.0, 0.0, 0.0, 0.0, 0.0, 0.0, 0.0, 0.0, 0.0, 0.0, 0.0, 0.0, 0.0, 0.0, 0.0, 0.0, 0.0, 0.0, 0.0, 0.0, 0.0, 0.0, 0.0, 0.0, 0.0, 0.0, 0.0, 0.0, 0.0, 0.0, 0.0, 0.0, 0.0, 0.0, 0.0, 0.0, 0.0, 0.0, 0.0, 0.0, 0.0, 0.0, 0.0, 0.0, 0.0, 0.0, 0.0, 0.0, 0.0, 0.0, 0.0, 0.0, 0.0, 0.0, 0.0, 0.0, 0.0, 0.0, 0.0, 0.0, 0.0, 0.0, 0.0, 0.0, 0.0, 0.0, 0.0, 0.0, 0.0, 0.0, 0.0], "C14": [0.0, 0.0, 0.0, 0.0, 0.0, 0.0, 0.0, 0.0, 0.0, 0.0, 0.0, 0.0, 0.0, 0.0, 0.0, 0.0, 0.0, 0.0, 0.0, 0.0, 0.0, 0.0, 0.0, 0.0, 0.0, 0.0, 0.0, 0.0, 0.0, 0.0, 0.0, 0.0, 0.0, 0.0, 0.0, 0.0, 0.0, 0.0, 0.0, 0.0, 0.0, 0.0, 0.0, 0.0, 0.0, 0.0, 0.0, 0.0, 0.0, 0.0, 0.0, 0.0, 0.0, 0.0, 0.0, 0.0, 0.0, 0.0, 0.0, 0.0, 0.0, 0.0, 0.0, 0.0, 0.0, 0.0, 0.0, 0.0, 0.0, 0.0, 0.0, 0.0, 0.00919251808617526], "FCC4": [0.0, 0.0, 0.0, 0.0, 0.0, 0.0, 0.0, 0.0, 0.0, 0.0, 0.0, 0.0, 0.0, 0.0, 0.0, 0.0, 0.0, 0.0, 0.0, 0.0, 0.0, 0.0, 0.0, 0.0, 0.0, 0.0, 0.0, 0.0, 0.0, 0.0, 0.0, 0.0, 0.0, 0.0, 0.0, 0.0, 0.0, 0.0, 0.0, 0.0, 0.0, 0.0, 0.0, 0.0, 0.0, 0.0, 0.0, 0.0, 0.0, 0.0, 0.0, 0.0, 0.0, 0.0, 0.0, 0.0, 0.0, 0.0, 0.0, 0.0, 0.0, 0.0, 0.0, 0.0, 0.0, 0.0, 0.0, 0.0, 0.0, 0.0, 0.0, 0.0, 0.0], "NI3TI": [0.0, 0.0, 0.0, 0.0, 0.0, 0.0, 0.0, 0.0, 0.0, 0.0, 0.0, 0.0, 0.0, 0.0, 0.0, 0.0, 0.0, 0.0, 0.0, 0.0, 0.0, 0.0, 0.0, 0.0, 0.0, 0.0, 0.0, 0.0, 0.0, 0.0, 0.0, 0.0, 0.0, 0.0, 0.0, 0.0, 0.0, 0.0, 0.0, 0.0, 0.0, 0.0, 0.0, 0.0, 0.0, 0.0, 0.0, 0.0, 0.0, 0.0, 0.0, 0.0, 0.0, 0.0, 0.0, 0.0, 0.0, 0.0, 0.0, 0.0, 0.0, 0.0, 0.0, 0.0, 0.0, 0.0, 0.0, 0.0037868800758250275, 4.466741503056471e-07, 2.928468313562929e-07, 0.0, 0.0, 0.022141470579657603],