{"x_liquid": {"NI": [0.17022273494862586, 0.17022273494862583, 0.17022273494862583, 0.17022273494862583, 0.17022273494862583, 0.17022273494862583, 0.1702227349486258, 0.17022273494862583, 0.1702227349486258, 0.1702227349486258, 0.1702227349486258, 0.1702227349486258, 0.17022273494862583, 0.1702227349486258, 0.1702227349486258, 0.17022273494862583, 0.1702227349486258, 0.17022273494862583, 0.1702227349486258, 0.1702227349486258, 0.1702227349486258, 0.1702227349486258, 0.17022273494862583, 0.1702227349486258, 0.17022273494862583, 0.17022273494862583, 0.17022273494862583, 0.17022273494862583, 0.1702227349486258, 0.17022273494862583, 0.17022273494862583, 0.17022273494862583, 0.1702227349486258, 0.1702227349486258, 0.17022273494862583, 0.17022273494862583, 0.17022273494862583, 0.1702227349486258, 0.17022273494862583, 0.17022273494862583, 0.17022273494862583, 0.1702227349486258, 0.1702227349486258, 0.1702227349486258, 0.1702227349486258, 0.17808930984707322, 0.18451851704392708, 0.18800434548164924, 0.19001708810592247, 0.19117079965308043, 0.19177744915273462, 0.19201512175613056, 0.19199373989244573, 0.19178508849105813, 0.1914380948673108, 0.19098724756376656, 0.1904575275409255, 0.18986744070926592, 0.18923095858426392, 0.1885588021696079, 0.18785931567950204, 0.18713907582940922, 0.1864033259321326, 0.1856562911550455, 0.18490141150801154, 0.18414151687661828, 0.18337896063331297, 0.18261572331268672, 0.18185349451063637, 0.18109373895449843, 0.18195584288952962, 0.1809570625316962, 0.17847253850396144, 0.1752870121173673, 0.17173667592561317, 0.18916022228957388, 0.20602266215341097, 0.22134880784826577, 0.22134887616733986, 0.2330839863678153, 0.23308403718269533, 0.23308408946254244, 0.2407407109399239, 0.24074074674257848, 0.24074078538766833, 0.24584122227705274, NaN], "TI": [0.5117537026076386, 0.5117537026076385, 0.5117537026076385, 0.5117537026076385, 0.5117537026076386, 0.5117537026076386, 0.5117537026076385, 0.5117537026076385, 0.5117537026076385, 0.5117537026076385, 0.5117537026076386, 0.5117537026076386, 0.5117537026076386, 0.5117537026076386, 0.5117537026076386, 0.5117537026076386, 0.5117537026076385, 0.5117537026076385, 0.5117537026076385, 0.5117537026076385, 0.5117537026076385, 0.5117537026076385, 0.5117537026076385, 0.5117537026076385, 0.5117537026076385, 0.5117537026076385, 0.5117537026076385, 0.5117537026076385, 0.5117537026076385, 0.5117537026076385, 0.5117537026076385, 0.5117537026076385, 0.5117537026076385, 0.5117537026076385, 0.5117537026076385, 0.5117537026076385, 0.5117537026076385, 0.5117537026076385, 0.5117537026076385, 0.5117537026076385, 0.5117537026076385, 0.5117537026076385, 0.5117537026076385, 0.5117537026076385, 0.5117537026076385, 0.5252358020339729, 0.5427400262818446, 0.556833989103981, 0.5688752673674745, 0.5795050358938285, 0.5890877885754847, 0.5978544569890331, 0.6059623002945724, 0.6135241051205556, 0.6206239944282991, 0.6273266704927668, 0.6336831478703575, 0.639734480107292, 0.6455142766960098, 0.6510504578924765, 0.6563665114909125, 0.6614824138693011, 0.6664153185903718, 0.6711800802798922, 0.6757896593607684, 0.6802554390299216, 0.6845874765366933, 0.6887947045478436, 0.6928850940802824, 0.6968657874732889, 0.7015023163432631, 0.7136608127744046, 0.7242576411303174, 0.7337512511154599, 0.7424310945837918, 0.7438951941127497, 0.7446564638384099, 0.7451539690924317, 0.7451539721732005, 0.7454046950222459, 0.7454046983225786, 0.7454046883899221, 0.7455001103271167, 0.7455001147226982, 0.7455001071304109, 0.7455300548500087, NaN]}, "fraction_solid": [0.0, 0.0, 0.0, 0.0, 0.0, 0.0, 0.0, 0.0, 0.0, 0.0, 0.0, 0.0, 0.0, 0.0, 0.0, 0.0, 0.0, 0.0, 0.0, 0.0, 0.0, 0.0, 0.0, 0.0, 0.0, 0.0, 0.0, 0.0, 0.0, 0.0, 0.0, 0.0, 0.0, 0.0, 0.0, 0.0, 0.0, 0.0, 0.0, 0.0, 0.0, 0.0, 0.0, 0.0, 0.0, 0.39227663312408706, 0.6154791136117399, 0.7081387026519567, 0.7599522310892721, 0.7934697085848199, 0.8171309175403096, 0.834838770430437, 0.8486574821223875, 0.8597859270024745, 0.8689703518438794, 0.8767007798955533, 0.8833129847451044, 0.8890451803752758, 0.8940713241801168, 0.8985215925649201, 0.902495460979953, 0.9060703367831933, 0.9093074198179104, 0.9122557800592006, 0.9149552569152362, 0.917438560810035, 0.9197328230845138, 0.921860757048461, 0.9238415402702548, 0.9256914939968053, 0.9355546645967795, 0.9522145484663402, 0.961007752550344, 0.9665288633519344, 0.9703666513136366, 0.9868568439556896, 0.9946930234683713, 0.9982474000683756, 0.9982474066576332, 0.9994868675232061, 0.9994868695888746, 0.9994868712257008, 0.9998374296286995, 0.9998374303434067, 0.9998374309008549, 0.9999498961094634, 1.0], "temperatures": [2000.0, 2000.0, 1990.0, 1980.0, 1970.0, 1960.0, 1950.0, 1940.0, 1930.0, 1920.0, 1910.0, 1900.0, 1890.0, 1880.0, 1870.0, 1860.0, 1850.0, 1840.0, 1830.0, 1820.0, 1810.0, 1800.0, 1790.0, 1780.0, 1770.0, 1760.0, 1750.0, 1740.0, 1730.0, 1720.0, 1710.0, 1700.0, 1690.0, 1680.0, 1670.0, 1660.0, 1650.0, 1640.0, 1630.0, 1620.0, 1610.0, 1600.0, 1590.0, 1580.0, 1570.0, 1560.0, 1550.0, 1540.0, 1530.0, 1520.0, 1510.0, 1500.0, 1490.0, 1480.0, 1470.0, 1460.0, 1450.0, 1440.0, 1430.0, 1420.0, 1410.0, 1400.0, 1390.0, 1380.0, 1370.0, 1360.0, 1350.0, 1340.0, 1330.0, 1320.0, 1310.0, 1300.0, 1290.0, 1280.0, 1270.0, 1260.0, 1250.0, 1240.0, 1240.0, 1231.6666666666667, 1231.6666666666667, 1231.6666666666667, 1225.8796296296298, 1225.8796296296298, 1225.8796296296298, 1221.8608539094653, 1221.8608539094653], "phase_amounts": {"A1": [0.0, 0.0, 0.0, 0.0, 0.0, 0.0, 0.0, 0.0, 0.0, 0.0, 0.0, 0.0, 0.0, 0.0, 0.0, 0.0, 0.0, 0.0, 0.0, 0.0, 0.0, 0.0, 0.0, 0.0, 0.0, 0.0, 0.0, 0.0, 0.0, 0.0, 0.0, 0.0, 0.0, 0.0, 0.0, 0.0, 0.0, 0.0, 0.0, 0.0, 0.0, 0.0, 0.0, 0.0, 0.0, 0.0, 0.0, 0.0, 0.0, 0.0, 0.0, 0.0, 0.0, 0.0, 0.0, 0.0, 0.0, 0.0, 0.0, 0.0, 0.0, 0.0, 0.0, 0.0, 0.0, 0.0, 0.0, 0.0, 0.0, 0.0, 0.0, 0.0, 0.0, 0.0, 0.0, 0.0, 0.0, 0.0, 0.0, 0.0, 0.0, 0.0, 0.0, 0.0, 0.0, 0.0, 0.0], "A2": [0.0, 0.0, 0.0, 0.0, 0.0, 0.0, 0.0, 0.0, 0.0, 0.0, 0.0, 0.0, 0.0, 0.0, 0.0, 0.0, 0.0, 0.0, 0.0, 0.0, 0.0, 0.0, 0.0, 0.0, 0.0, 0.0, 0.0, 0.0, 0.0, 0.0, 0.0, 0.0, 0.0, 0.0, 0.0, 0.0, 0.0, 0.0, 0.0, 0.0, 0.0, 0.0, 0.0, 0.0, 0.0, 0.0, 0.0, 0.0, 0.0, 0.0, 0.0, 0.0, 0.0, 0.0, 0.0, 0.0, 0.0, 0.0, 0.0, 0.0, 0.0, 0.0, 0.0, 0.0, 0.0, 0.0, 0.0, 0.0, 0.0, 0.0, 0.0, 0.0, 0.0, 0.0, 0.0, 0.008027417262423946, 0.0037567107265377756, 0.0016896202043911435, 2.5085883360280156e-09, 0.0005790308271631626, 7.588605578426501e-10, 6.317193520001379e-10, 0.00015787307800650232, 2.557597047399596e-10, 2.0773435384705617e-10, 4.9979737857490606e-05, 1.5403784162109573e-05], "A3": [0.0, 0.0, 0.0, 0.0, 0.0, 0.0, 0.0, 0.0, 0.0, 0.0, 0.0, 0.0, 0.0, 0.0, 0.0, 0.0, 0.0, 0.0, 0.0, 0.0, 0.0, 0.0, 0.0, 0.0, 0.0, 0.0, 0.0, 0.0, 0.0, 0.0, 0.0, 0.0, 0.0, 0.0, 0.0, 0.0, 0.0, 0.0, 0.0, 0.0, 0.0, 0.0, 0.0, 0.0, 0.0, 0.0, 0.0, 0.0, 0.0, 0.0, 0.0, 0.0, 0.0, 0.0, 0.0, 0.0, 0.0, 0.0, 0.0, 0.0, 0.0, 0.0, 0.0, 0.0, 0.0, 0.0, 0.0, 0.0, 0.0, 0.0, 0.0, 0.0, 0.0, 0.0, 0.0, 0.0, 0.0, 0.0, 0.0, 0.0, 0.0, 0.0, 0.0, 0.0, 0.0, 0.0, 0.0], "BCC2": [0.0, 0.0, 0.0, 0.0, 0.0, 0.0, 0.0, 0.0, 0.0, 0.0, 0.0, 0.0, 0.0, 0.0, 0.0, 0.0, 0.0, 0.0, 0.0, 0.0, 0.0, 0.0, 0.0, 0.0, 0.0, 0.0, 0.0, 0.0, 0.0, 0.0, 0.0, 0.0, 0.0, 0.0, 0.0, 0.0, 0.0, 0.0, 0.0, 0.0, 0.0, 0.0, 0.0, 0.0, 0.0, 0.39227663312408706, 0.22320248048765282, 0.09265958904021673, 0.05181352843731544, 0.03351747749554779, 0.023661208955489767, 0.01770785289012732, 0.01381871169195048, 0.011128444880086998, 0.009184424841404902, 0.007730428051673924, 0.006612204849551214, 0.005732195630171401, 0.005026143804841015, 0.004450268384803341, 0.003973868415032844, 0.003574875803240204, 0.003237083034717176, 0.002948360241290231, 0.002699476856035579, 0.002483303894798878, 0.002294262274478673, 0.0021279339639473033, 0.0019807832217937516, 0.0018499537265504891, 0.0, 0.0, 0.0, 0.0, 0.0, 0.0, 0.0, 0.0, 0.0, 0.0, 0.0, 0.0, 0.0, 0.0, 0.0, 0.0, 0.0],