{"x_liquid": {"NI": [0.2831368796952167, 0.2831368796952167, 0.2831368796952167, 0.2831368796952167, 0.2831368796952167, 0.2831368796952167, 0.2831368796952167, 0.2831368796952167, 0.2831368796952167, 0.2831368796952167, 0.2831368796952167, 0.2831368796952167, 0.28313687969521667, 0.2831368796952167, 0.2831368796952167, 0.28313687969521667, 0.28313687969521667, 0.28313687969521667, 0.2831368796952166, 0.28313687969521656, 0.28313687969521656, 0.2831368796952165, 0.2831368796952165, 0.28313687969521645, 0.28313687969521645, 0.2831368796952165, 0.28313687969521645, 0.28313687969521645, 0.2831368796952164, 0.2831368796952164, 0.2831368796952164, 0.28313687969521634, 0.2831368796952163, 0.2831368796952163, 0.2831368796952163, 0.2831368796952163, 0.28313687969521634, 0.2831368796952163, 0.2831368796952163, 0.2831368796952163, 0.2831368796952163, 0.2831368796952163, 0.2831368796952163, 0.2831368796952163, 0.28313687969521634, 0.28313687969521634, 0.2831368796952163, 0.2831368796952163, 0.28530804381270597, 0.28805255518331624, 0.29073915269651424, 0.29337316538480634, 0.29595938501526037, 0.2985021528906552, 0.30100543113428524, 0.3073967907119967, 0.3279317886645799, 0.3474358592629692, 0.36600032756983164, 0.3836962992433094, 0.4005768057906365, 0.41667876673327553, 0.4166791899219435, 0.41667954581195416, 0.41667968531285743, 0.41667968531285743, 0.41667968531285743, 0.4229361339239083, 0.42293660073842426, 0.4229369492962621, 0.42293708288452186, 0.4229372946736447, NaN], "TI": [0.18788443148832193, 0.1878844314883219, 0.1878844314883219, 0.1878844314883219, 0.1878844314883219, 0.1878844314883219, 0.1878844314883219, 0.1878844314883219, 0.1878844314883219, 0.1878844314883219, 0.1878844314883219, 0.18788443148832187, 0.18788443148832185, 0.18788443148832187, 0.18788443148832185, 0.18788443148832185, 0.18788443148832185, 0.18788443148832185, 0.18788443148832176, 0.18788443148832176, 0.1878844314883218, 0.18788443148832176, 0.18788443148832176, 0.18788443148832176, 0.1878844314883218, 0.18788443148832187, 0.18788443148832185, 0.18788443148832187, 0.18788443148832185, 0.18788443148832187, 0.18788443148832187, 0.18788443148832185, 0.18788443148832176, 0.18788443148832176, 0.18788443148832176, 0.18788443148832173, 0.18788443148832173, 0.18788443148832173, 0.18788443148832173, 0.18788443148832173, 0.18788443148832176, 0.18788443148832176, 0.18788443148832176, 0.18788443148832176, 0.1878844314883218, 0.18788443148832185, 0.1878844314883218, 0.1878844314883218, 0.18542030783903712, 0.18233999764307912, 0.17935902811241383, 0.17647055101953218, 0.1736684357129206, 0.17094716739273183, 0.16830176331433414, 0.16698203172108084, 0.1704992001066154, 0.174123396544338, 0.17784620149751845, 0.1816599144654639, 0.1855556413772725, 0.18952180861869292, 0.189521867693813, 0.18952191415037892, 0.18952211339998726, 0.18952211339998726, 0.18952211339998726, 0.19113228316635303, 0.19113235724501193, 0.19113239847676664, 0.19113259483574788, 0.19113247744986622, NaN]}, "fraction_solid": [0.0, 0.0, 0.0, 0.0, 0.0, 0.0, 0.0, 0.0, 0.0, 0.0, 0.0, 0.0, 0.0, 0.0, 0.0, 0.0, 0.0, 0.0, 0.0, 0.0, 0.0, 0.0, 0.0, 0.0, 0.0, 0.0, 0.0, 0.0, 0.0, 0.0, 0.0, 0.0, 0.0, 0.0, 0.0, 0.0, 0.0, 0.0, 0.0, 0.0, 0.0, 0.0, 0.0, 0.0, 0.0, 0.0, 0.0, 0.0, 0.022886028509448552, 0.050463979594503536, 0.07608390721895322, 0.09997466896627277, 0.12233039404483509, 0.14331697869966464, 0.16307716481261778, 0.23033051219961456, 0.4378267247982871, 0.5779801477716091, 0.6766106420412396, 0.7482675375961707, 0.8016254018546215, 0.8421088266717427, 0.8421096431476527, 0.8421103250773028, 0.8421108563687677, 0.8421108563687677, 0.8421108563687677, 0.8550520710441454, 0.8550529076695148, 0.8550535128301819, 0.8550539950960847, 0.8550541653165825, 1.0], "temperatures": [2000.0, 2000.0, 1990.0, 1980.0, 1970.0, 1960.0, 1950.0, 1940.0, 1930.0, 1920.0, 1910.0, 1900.0, 1890.0, 1880.0, 1870.0, 1860.0, 1850.0, 1840.0, 1830.0, 1820.0, 1810.0, 1800.0, 1790.0, 1780.0, 1770.0, 1760.0, 1750.0, 1740.0, 1730.0, 1720.0, 1710.0, 1700.0, 1690.0, 1680.0, 1670.0, 1660.0, 1650.0, 1640.0, 1630.0, 1620.0, 1610.0, 1600.0, 1590.0, 1580.0, 1570.0, 1560.0, 1550.0, 1540.0, 1530.0, 1520.0, 1510.0, 1500.0, 1490.0, 1480.0, 1470.0, 1460.0, 1450.0, 1440.0, 1430.0, 1420.0, 1410.0, 1400.0, 1400.0, 1400.0, 1400.0, 1400.0, 1400.0, 1395.9812242798355, 1395.9812242798355, 1395.9812242798355, 1395.9812242798355, 1395.9812242798355, 1394.0431572851573], "phase_amounts": {"A1": [0.0, 0.0, 0.0, 0.0, 0.0, 0.0, 0.0, 0.0, 0.0, 0.0, 0.0, 0.0, 0.0, 0.0, 0.0, 0.0, 0.0, 0.0, 0.0, 0.0, 0.0, 0.0, 0.0, 0.0, 0.0, 0.0, 0.0, 0.0, 0.0, 0.0, 0.0, 0.0, 0.0, 0.0, 0.0, 0.0, 0.0, 0.0, 0.0, 0.0, 0.0, 0.0, 0.0, 0.0, 0.0, 0.0, 0.0, 0.0, 0.0, 0.0, 0.0, 0.0, 0.0, 0.0, 0.0, 0.038539534095939916, 0.15844606969729128, 0.10725760827492205, 0.07573893071518462, 0.0552539073047413, 0.041327274081168125, 0.03149489829994822, 5.727850265355125e-07, 4.755525690825014e-07, 5.31291464899579e-07, 0.0, 0.0, 0.009865057377550389, 5.93583419002926e-07, 4.180973689686992e-07, 4.822659027756774e-07, 0.0, 0.07689452413013009], "A2": [0.0, 0.0, 0.0, 0.0, 0.0, 0.0, 0.0, 0.0, 0.0, 0.0, 0.0, 0.0, 0.0, 0.0, 0.0, 0.0, 0.0, 0.0, 0.0, 0.0, 0.0, 0.0, 0.0, 0.0, 0.0, 0.0, 0.0, 0.0, 0.0, 0.0, 0.0, 0.0, 0.0, 0.0, 0.0, 0.0, 0.0, 0.0, 0.0, 0.0, 0.0, 0.0, 0.0, 0.0, 0.0, 0.0, 0.0, 0.0, 0.0, 0.0, 0.0, 0.0, 0.0, 0.0, 0.0, 0.0, 0.0, 0.0, 0.0, 0.0, 0.0, 0.0, 0.0, 0.0, 0.0, 0.0, 0.0, 0.0, 0.0, 0.0, 0.0, 0.0, 0.0], "A3": [0.0, 0.0, 0.0, 0.0, 0.0, 0.0, 0.0, 0.0, 0.0, 0.0, 0.0, 0.0, 0.0, 0.0, 0.0, 0.0, 0.0, 0.0, 0.0, 0.0, 0.0, 0.0, 0.0, 0.0, 0.0, 0.0, 0.0, 0.0, 0.0, 0.0, 0.0, 0.0, 0.0, 0.0, 0.0, 0.0, 0.0, 0.0, 0.0, 0.0, 0.0, 0.0, 0.0, 0.0, 0.0, 0.0, 0.0, 0.0, 0.0, 0.0, 0.0, 0.0, 0.0, 0.0, 0.0, 0.0, 0.0, 0.0, 0.0, 0.0, 0.0, 0.0, 0.0, 0.0, 0.0, 0.0, 0.0, 0.0, 0.0, 0.0, 0.0, 0.0, 0.0], "BCC2": [0.0, 0.0, 0.0, 0.0, 0.0, 0.0, 0.0, 0.0, 0.0, 0.0, 0.0, 0.0, 0.0, 0.0, 0.0, 0.0, 0.0, 0.0, 0.0, 0.0, 0.0, 0.0, 0.0, 0.0, 0.0, 0.0, 0.0, 0.0, 0.0, 0.0, 0.0, 0.0, 0.0, 0.0, 0.0, 0.0, 0.0, 0.0, 0.0, 0.0, 0.0, 0.0, 0.0, 0.0, 0.0, 0.0, 0.0, 0.0, 0.0, 0.0, 0.0, 0.0, 0.0, 0.0, 0.0, 0.0, 0.0, 0.0, 0.0, 0.0, 0.0, 0.0, 0.0, 0.0, 0.0, 0.0, 0.0, 0.0, 0.0, 0.0, 0.0, 0.0, 0.0], "C14": [0.0, 0.0, 0.0, 0.0, 0.0, 0.0, 0.0, 0.0, 0.0, 0.0, 0.0, 0.0, 0.0, 0.0, 0.0, 0.0, 0.0, 0.0, 0.0, 0.0, 0.0, 0.0, 0.0, 0.0, 0.0, 0.0, 0.0, 0.0, 0.0, 0.0, 0.0, 0.0, 0.0, 0.0, 0.0, 0.0, 0.0, 0.0, 0.0, 0.0, 0.0, 0.0, 0.0, 0.0, 0.0, 0.0, 0.0, 0.0, 0.022886028509448552, 0.027577951085054987, 0.025619927624449687, 0.023890761747319543, 0.022355725078562323, 0.020986584654829544, 0.01976018611295313, 0.028713813291056888, 0.049050142901381266, 0.03289581469839994, 0.02289156355444589, 0.016402988250189827, 0.012030590177282734, 0.008988526517173018, 2.436908834954565e-07, 2.0637708096124583e-07, 0.0, 0.0, 0.0, 0.0030761572978273127, 2.430419504645844e-07, 1.8706329820169774e-07, 0.0, 1.7022049778770777e-07, 0.020279895521437517], "FCC4": [0.0, 0.0, 0.0, 0.0, 0.0, 0.0, 0.0, 0.0, 0.0, 0.0, 0.0, 0.0, 0.0, 0.0, 0.0, 0.0, 0.0, 0.0, 0.0, 0.0, 0.0, 0.0, 0.0, 0.0, 0.0, 0.0, 0.0, 0.0, 0.0, 0.0, 0.0, 0.0, 0.0, 0.0, 0.0, 0.0, 0.0, 0.0, 0.0, 0.0, 0.0, 0.0, 0.0, 0.0, 0.0, 0.0, 0.0, 0.0, 0.0, 0.0, 0.0, 0.0, 0.0, 0.0, 0.0, 0.0, 0.0, 0.0, 0.0, 0.0, 0.0, 0.0, 0.0, 0.0, 0.0, 0.0, 0.0, 0.0, 0.0, 0.0, 0.0, 0.0, 0.0], "NI3TI": [0.0, 0.0, 0.0, 0.0, 0.0, 0.0, 0.0, 0.0, 0.0, 0.0, 0.0, 0.0, 0.0, 0.0, 0.0, 0.0, 0.0, 0.0, 0.0, 0.0, 0.0, 0.0, 0.0, 0.0, 0.0, 0.0, 0.0, 0.0, 0.0, 0.0, 0.0, 0.0, 0.0, 0.0, 0.0, 0.0, 0.0, 0.0, 0.0, 0.0, 0.0, 0.0, 0.0, 0.0, 0.0, 0.0, 0.0, 0.0, 0.0, 0.0, 0.0, 0.0, 0.0, 0.0, 0.0, 0.0, 0.0, 0.0, 0.0, 0.0, 0.0, 0.0, 0.0, 0.0, 0.0, 0.0, 0.0, 0.0, 0.0, 0.0, 0.0, 0.0, 0.04777141503184988],