{"x_liquid": {"NI": [0.12831467549661194, 0.12831467549661194, 0.12831467549661194, 0.12831467549661194, 0.12831467549661194, 0.12831467549661194, 0.12831467549661194, 0.12831467549661194, 0.1283146754966119, 0.1283146754966119, 0.1283146754966119, 0.1283146754966119, 0.1283146754966119, 0.12831467549661188, 0.12831467549661188, 0.12831467549661188, 0.12831467549661188, 0.12831467549661188, 0.12831467549661188, 0.12831467549661188, 0.12831467549661188, 0.12831467549661185, 0.12831467549661185, 0.12831467549661185, 0.12831467549661185, 0.12831467549661188, 0.12831467549661188, 0.12831467549661188, 0.12831467549661188, 0.12831467549661188, 0.12831467549661188, 0.12831467549661188, 0.12831467549661188, 0.12831467549661188, 0.12831467549661185, 0.12831467549661185, 0.12831467549661182, 0.12831467549661182, 0.12831467549661182, 0.12831467549661182, 0.1283146754966118, 0.1283146754966118, 0.1283146754966118, 0.1283146754966118, 0.12831467549661182, 0.12831467549661182, 0.12831467549661182, 0.12831467549661182, 0.12831467549661182, 0.12831467549661182, 0.12831467549661182, 0.12831467549661185, 0.12831467549661185, 0.12831467549661185, 0.12826750915675195, 0.12807752270735687, 0.12782849626613804, 0.12753001934175848, 0.1271896884453417, 0.12681361601941737, 0.12640678872338976, 0.1259733259058124, 0.12551667022290738, 0.12503973114726566, 0.12454499524056792, 0.12403461276132113, 0.1235104674596037, 0.12297423473030279, 0.12242743237396356, 0.12187146797086428, 0.12054756352747518, 0.1183066582716315, 0.12799673348477483, 0.15021181471800435, 0.17059339009104393, 0.18916022228957574, 0.20602266215340367, 0.2213488078482678, 0.22134887616734245, 0.2330839863678145, 0.233084037182696, 0.23308408946253914, 0.24074071093992053, 0.2407407467425752, 0.24074078538766192, 0.24584122227705152, NaN], "TI": [0.6319577098133751, 0.631957709813375, 0.631957709813375, 0.6319577098133751, 0.6319577098133751, 0.6319577098133751, 0.631957709813375, 0.631957709813375, 0.631957709813375, 0.631957709813375, 0.631957709813375, 0.631957709813375, 0.631957709813375, 0.6319577098133748, 0.6319577098133748, 0.6319577098133748, 0.6319577098133748, 0.6319577098133748, 0.6319577098133747, 0.6319577098133748, 0.6319577098133748, 0.6319577098133746, 0.6319577098133747, 0.6319577098133748, 0.6319577098133748, 0.6319577098133748, 0.6319577098133748, 0.6319577098133748, 0.6319577098133747, 0.6319577098133748, 0.6319577098133748, 0.6319577098133747, 0.6319577098133748, 0.6319577098133748, 0.6319577098133747, 0.6319577098133748, 0.6319577098133747, 0.6319577098133748, 0.6319577098133747, 0.6319577098133748, 0.6319577098133747, 0.6319577098133748, 0.6319577098133748, 0.6319577098133748, 0.6319577098133748, 0.6319577098133747, 0.6319577098133748, 0.6319577098133748, 0.6319577098133747, 0.6319577098133748, 0.6319577098133747, 0.6319577098133748, 0.6319577098133748, 0.6319577098133747, 0.6347787479510382, 0.6415078429097761, 0.6479166365636, 0.654041933127864, 0.6599141091579219, 0.6655586009754649, 0.6709969769674723, 0.6762477287468645, 0.6813268669781246, 0.6862483785116826, 0.6910245832763254, 0.6956664177440386, 0.70018366422484, 0.7045851403440799, 0.7088788600089178, 0.7130721756145665, 0.7223318188927715, 0.7324783964159938, 0.7388072103925628, 0.7411541630866156, 0.7427775269392939, 0.743895194112751, 0.744656463838411, 0.7451539690924314, 0.7451539721731992, 0.7454046950222455, 0.7454046983225762, 0.7454046883899237, 0.7455001103271182, 0.7455001147226992, 0.745500107130415, 0.7455300548500083, NaN]}, "fraction_solid": [0.0, 0.0, 0.0, 0.0, 0.0, 0.0, 0.0, 0.0, 0.0, 0.0, 0.0, 0.0, 0.0, 0.0, 0.0, 0.0, 0.0, 0.0, 0.0, 0.0, 0.0, 0.0, 0.0, 0.0, 0.0, 0.0, 0.0, 0.0, 0.0, 0.0, 0.0, 0.0, 0.0, 0.0, 0.0, 0.0, 0.0, 0.0, 0.0, 0.0, 0.0, 0.0, 0.0, 0.0, 0.0, 0.0, 0.0, 0.0, 0.0, 0.0, 0.0, 0.0, 0.0, 0.0, 0.023039186776031263, 0.07451743433205155, 0.11922717310516934, 0.15851002422936344, 0.19336832387315606, 0.22456741093126367, 0.2527027670006807, 0.2782454115566393, 0.30157339773384917, 0.3229941688898629, 0.3427607567804639, 0.3610837415630136, 0.37814024363571547, 0.3940808097029592, 0.40903479667045506, 0.4231146943408436, 0.5190057853933473, 0.5931631542852094, 0.7709771615728066, 0.9172602426965023, 0.9662557147416009, 0.9857054927493097, 0.9942281279888247, 0.9980938708826327, 0.9980938780491146, 0.9994419166990509, 0.9994419189456736, 0.9994419207258871, 0.9998231883313665, 0.9998231891086825, 0.9998231897149636, 0.9999455069677214, 1.0], "temperatures": [2000.0, 2000.0, 1990.0, 1980.0, 1970.0, 1960.0, 1950.0, 1940.0, 1930.0, 1920.0, 1910.0, 1900.0, 1890.0, 1880.0, 1870.0, 1860.0, 1850.0, 1840.0, 1830.0, 1820.0, 1810.0, 1800.0, 1790.0, 1780.0, 1770.0, 1760.0, 1750.0, 1740.0, 1730.0, 1720.0, 1710.0, 1700.0, 1690.0, 1680.0, 1670.0, 1660.0, 1650.0, 1640.0, 1630.0, 1620.0, 1610.0, 1600.0, 1590.0, 1580.0, 1570.0, 1560.0, 1550.0, 1540.0, 1530.0, 1520.0, 1510.0, 1500.0, 1490.0, 1480.0, 1470.0, 1460.0, 1450.0, 1440.0, 1430.0, 1420.0, 1410.0, 1400.0, 1390.0, 1380.0, 1370.0, 1360.0, 1350.0, 1340.0, 1330.0, 1320.0, 1310.0, 1300.0, 1290.0, 1280.0, 1270.0, 1260.0, 1250.0, 1240.0, 1240.0, 1231.6666666666667, 1231.6666666666667, 1231.6666666666667, 1225.8796296296298, 1225.8796296296298, 1225.8796296296298, 1221.8608539094653, 1221.8608539094653], "phase_amounts": {"A1": [0.0, 0.0, 0.0, 0.0, 0.0, 0.0, 0.0, 0.0, 0.0, 0.0, 0.0, 0.0, 0.0, 0.0, 0.0, 0.0, 0.0, 0.0, 0.0, 0.0, 0.0, 0.0, 0.0, 0.0, 0.0, 0.0, 0.0, 0.0, 0.0, 0.0, 0.0, 0.0, 0.0, 0.0, 0.0, 0.0, 0.0, 0.0, 0.0, 0.0, 0.0, 0.0, 0.0, 0.0, 0.0, 0.0, 0.0, 0.0, 0.0, 0.0, 0.0, 0.0, 0.0, 0.0, 0.0, 0.0, 0.0, 0.0, 0.0, 0.0, 0.0, 0.0, 0.0, 0.0, 0.0, 0.0, 0.0, 0.0, 0.0, 0.0, 0.0, 0.0, 0.0, 0.0, 0.0, 0.0, 0.0, 0.0, 0.0, 0.0, 0.0, 0.0, 0.0, 0.0, 0.0, 0.0, 0.0], "A2": [0.0, 0.0, 0.0, 0.0, 0.0, 0.0, 0.0, 0.0, 0.0, 0.0, 0.0, 0.0, 0.0, 0.0, 0.0, 0.0, 0.0, 0.0, 0.0, 0.0, 0.0, 0.0, 0.0, 0.0, 0.0, 0.0, 0.0, 0.0, 0.0, 0.0, 0.0, 0.0, 0.0, 0.0, 0.0, 0.0, 0.0, 0.0, 0.0, 0.0, 0.0, 0.0, 0.0, 0.0, 0.0, 0.0, 0.0, 0.0, 0.0, 0.0, 0.0, 0.0, 0.0, 0.0, 0.0, 0.0, 0.0, 0.0, 0.0, 0.0, 0.0, 0.0, 0.0, 0.0, 0.0, 0.0, 0.0, 0.0, 0.0, 0.0, 0.0, 0.0, 0.07955673752023933, 0.08041484894103615, 0.025407921517792, 0.00963129072668244, 0.004085801655109663, 0.0018376323145815868, 2.7283427225847746e-09, 0.0006297544006439153, 8.253373624854274e-10, 6.870584709280332e-10, 0.00017170288860949407, 2.7816446091470854e-10, 2.259320504792252e-10, 5.435800372330628e-05, 1.6753168238391873e-05], "A3": [0.0, 0.0, 0.0, 0.0, 0.0, 0.0, 0.0, 0.0, 0.0, 0.0, 0.0, 0.0, 0.0, 0.0, 0.0, 0.0, 0.0, 0.0, 0.0, 0.0, 0.0, 0.0, 0.0, 0.0, 0.0, 0.0, 0.0, 0.0, 0.0, 0.0, 0.0, 0.0, 0.0, 0.0, 0.0, 0.0, 0.0, 0.0, 0.0, 0.0, 0.0, 0.0, 0.0, 0.0, 0.0, 0.0, 0.0, 0.0, 0.0, 0.0, 0.0, 0.0, 0.0, 0.0, 0.0, 0.0, 0.0, 0.0, 0.0, 0.0, 0.0, 0.0, 0.0, 0.0, 0.0, 0.0, 0.0, 0.0, 0.0, 0.0, 0.0, 0.0, 0.0, 0.0, 0.0, 0.0, 0.0, 0.0, 0.0, 0.0, 0.0, 0.0, 0.0, 0.0, 0.0, 0.0, 0.0], "BCC2": [0.0, 0.0, 0.0, 0.0, 0.0, 0.0, 0.0, 0.0, 0.0, 0.0, 0.0, 0.0, 0.0, 0.0, 0.0, 0.0, 0.0, 0.0, 0.0, 0.0, 0.0, 0.0, 0.0, 0.0, 0.0, 0.0, 0.0, 0.0, 0.0, 0.0, 0.0, 0.0, 0.0, 0.0, 0.0, 0.0, 0.0, 0.0, 0.0, 0.0, 0.0, 0.0, 0.0, 0.0, 0.0, 0.0, 0.0, 0.0, 0.0, 0.0, 0.0, 0.0, 0.0, 0.0, 0.023039186776031263, 0.05147824755602029, 0.0447097387731178, 0.03928285112419409, 0.034858299643792626, 0.031199087058107616, 0.02813535606941702, 0.02554264455595859, 0.023327986177209888, 0.02142077115601371, 0.01976658789060101, 0.018322984782549703, 0.017056502072701867, 0.015940566067243783, 0.014953986967495845, 0.01407989767038852, 0.0, 0.0, 0.0, 0.0, 0.0, 0.0, 0.0, 0.0, 0.0, 0.0, 0.0, 0.0, 0.0, 0.0, 0.0, 0.0, 0.0],