{"x_liquid": {"NI": [0.15605879472270984, 0.15605879472270984, 0.15605879472270984, 0.15605879472270984, 0.15605879472270984, 0.15605879472270984, 0.15605879472270984, 0.15605879472270984, 0.15605879472270984, 0.15605879472270984, 0.15605879472270984, 0.15605879472270984, 0.15605879472270984, 0.15605879472270984, 0.15605879472270984, 0.15605879472270984, 0.15605879472270984, 0.15605879472270984, 0.15605879472270984, 0.15605879472270984, 0.15605879472270984, 0.15605879472270984, 0.15605879472270984, 0.15605879472270984, 0.15605879472270984, 0.15605879472270984, 0.15605879472270984, 0.15605879472270984, 0.15605879472270984, 0.15605879472270986, 0.15605879472270986, 0.15605879472270986, 0.15605879472270986, 0.15605879472270986, 0.15605879472270986, 0.15605879472270986, 0.1560587947227099, 0.1560587947227099, 0.1560587947227099, 0.1560587947227099, 0.15605879472270986, 0.15605879472270986, 0.15605879472270986, 0.15605879472270986, 0.15605879472270986, 0.15605879472270984, 0.15605879472270986, 0.1583128543545062, 0.15984393533007704, 0.16079796128775986, 0.16136606833566347, 0.1616615996328201, 0.16175700804432486, 0.16170119797728216, 0.1615285729632713, 0.1612641370332928, 0.16092654928480019, 0.1605300428557298, 0.1600856788478777, 0.15960219309100443, 0.15908658422786998, 0.15854453223285916, 0.15798070278830365, 0.15739897308386083, 0.1568026025127118, 0.15619436417490762, 0.15557664826826084, 0.15495154532916483, 0.15432091529011074, 0.15368644711815985, 0.1534188664687309, 0.15146309475429245, 0.14884120337510193, 0.1502118147180131, 0.17059339009104565, 0.18916022228957083, 0.2060226621534078, 0.2213488078482656, 0.2213488761673393, 0.23308398636781483, 0.23308403718267195, 0.23308408946252088, 0.24074071093991722, 0.24073996670770664, 0.24074086202927436, 0.24584122227705615, NaN], "TI": [0.552379835032766, 0.552379835032766, 0.552379835032766, 0.552379835032766, 0.552379835032766, 0.552379835032766, 0.552379835032766, 0.552379835032766, 0.5523798350327659, 0.552379835032766, 0.552379835032766, 0.552379835032766, 0.552379835032766, 0.552379835032766, 0.552379835032766, 0.552379835032766, 0.552379835032766, 0.552379835032766, 0.552379835032766, 0.552379835032766, 0.552379835032766, 0.552379835032766, 0.552379835032766, 0.552379835032766, 0.552379835032766, 0.552379835032766, 0.552379835032766, 0.552379835032766, 0.552379835032766, 0.552379835032766, 0.552379835032766, 0.552379835032766, 0.552379835032766, 0.552379835032766, 0.552379835032766, 0.552379835032766, 0.552379835032766, 0.5523798350327659, 0.5523798350327658, 0.5523798350327658, 0.5523798350327658, 0.5523798350327658, 0.5523798350327658, 0.5523798350327658, 0.5523798350327659, 0.5523798350327658, 0.5523798350327659, 0.5647778758764421, 0.5764793136720618, 0.5868778448464363, 0.5963021409058716, 0.6049620605463782, 0.613001427476294, 0.6205239796656301, 0.6276074990144278, 0.6343121085858123, 0.6406854376756681, 0.6467659903059775, 0.6525854272646194, 0.6581701619501034, 0.6635425067670494, 0.668721515900934, 0.6737236174658907, 0.6785630961358499, 0.6832524674922756, 0.687802772574872, 0.6922238127484833, 0.6965243393863326, 0.700712209055322, 0.7047945122845829, 0.7126239842952382, 0.7237509008212122, 0.7335044011308542, 0.741154163086615, 0.7427775269392938, 0.7438951941127521, 0.7446564638384108, 0.7451539690924324, 0.7451539721732009, 0.7454046950222464, 0.7454046983225816, 0.7454046883899258, 0.7455001103271184, 0.745501034702129, 0.7455001726349189, 0.7455300548500083, NaN]}, "fraction_solid": [0.0, 0.0, 0.0, 0.0, 0.0, 0.0, 0.0, 0.0, 0.0, 0.0, 0.0, 0.0, 0.0, 0.0, 0.0, 0.0, 0.0, 0.0, 0.0, 0.0, 0.0, 0.0, 0.0, 0.0, 0.0, 0.0, 0.0, 0.0, 0.0, 0.0, 0.0, 0.0, 0.0, 0.0, 0.0, 0.0, 0.0, 0.0, 0.0, 0.0, 0.0, 0.0, 0.0, 0.0, 0.0, 0.0, 0.0, 0.18910517978243435, 0.3159203181503699, 0.40155422422290105, 0.46384575776106735, 0.5115174289265008, 0.5493723825498494, 0.5802880038615233, 0.6061002427118107, 0.6280394865448988, 0.6469633849847671, 0.6634893761828847, 0.6780741179341153, 0.6910631776436433, 0.7027232601362886, 0.7132637661019956, 0.7228516049704659, 0.7316216147605972, 0.7396840459589934, 0.7471300380978962, 0.7540356963126313, 0.760465174408108, 0.7664730426953016, 0.772106135431724, 0.810875473406433, 0.8477283409864479, 0.8699553843749055, 0.8989970565644877, 0.9588073225459789, 0.982550259339232, 0.9929540999241346, 0.9976731300925124, 0.9976731388408552, 0.9993187307055869, 0.9993187334481066, 0.9993187356212677, 0.9997841606073341, 0.9997841641998726, 0.9997841655437876, 0.9999334765876232, 1.0], "temperatures": [2000.0, 2000.0, 1990.0, 1980.0, 1970.0, 1960.0, 1950.0, 1940.0, 1930.0, 1920.0, 1910.0, 1900.0, 1890.0, 1880.0, 1870.0, 1860.0, 1850.0, 1840.0, 1830.0, 1820.0, 1810.0, 1800.0, 1790.0, 1780.0, 1770.0, 1760.0, 1750.0, 1740.0, 1730.0, 1720.0, 1710.0, 1700.0, 1690.0, 1680.0, 1670.0, 1660.0, 1650.0, 1640.0, 1630.0, 1620.0, 1610.0, 1600.0, 1590.0, 1580.0, 1570.0, 1560.0, 1550.0, 1540.0, 1530.0, 1520.0, 1510.0, 1500.0, 1490.0, 1480.0, 1470.0, 1460.0, 1450.0, 1440.0, 1430.0, 1420.0, 1410.0, 1400.0, 1390.0, 1380.0, 1370.0, 1360.0, 1350.0, 1340.0, 1330.0, 1320.0, 1310.0, 1300.0, 1290.0, 1280.0, 1270.0, 1260.0, 1250.0, 1240.0, 1240.0, 1231.6666666666667, 1231.6666666666667, 1231.6666666666667, 1225.8796296296298, 1225.8796296296298, 1225.8796296296298, 1221.8608539094653, 1221.8608539094653], "phase_amounts": {"A1": [0.0, 0.0, 0.0, 0.0, 0.0, 0.0, 0.0, 0.0, 0.0, 0.0, 0.0, 0.0, 0.0, 0.0, 0.0, 0.0, 0.0, 0.0, 0.0, 0.0, 0.0, 0.0, 0.0, 0.0, 0.0, 0.0, 0.0, 0.0, 0.0, 0.0, 0.0, 0.0, 0.0, 0.0, 0.0, 0.0, 0.0, 0.0, 0.0, 0.0, 0.0, 0.0, 0.0, 0.0, 0.0, 0.0, 0.0, 0.0, 0.0, 0.0, 0.0, 0.0, 0.0, 0.0, 0.0, 0.0, 0.0, 0.0, 0.0, 0.0, 0.0, 0.0, 0.0, 0.0, 0.0, 0.0, 0.0, 0.0, 0.0, 0.0, 0.0, 0.0, 0.0, 0.0, 0.0, 0.0, 0.0, 0.0, 0.0, 0.0, 0.0, 0.0, 0.0, 0.0, 0.0, 0.0, 0.0], "A2": [0.0, 0.0, 0.0, 0.0, 0.0, 0.0, 0.0, 0.0, 0.0, 0.0, 0.0, 0.0, 0.0, 0.0, 0.0, 0.0, 0.0, 0.0, 0.0, 0.0, 0.0, 0.0, 0.0, 0.0, 0.0, 0.0, 0.0, 0.0, 0.0, 0.0, 0.0, 0.0, 0.0, 0.0, 0.0, 0.0, 0.0, 0.0, 0.0, 0.0, 0.0, 0.0, 0.0, 0.0, 0.0, 0.0, 0.0, 0.0, 0.0, 0.0, 0.0, 0.0, 0.0, 0.0, 0.0, 0.0, 0.0, 0.0, 0.0, 0.0, 0.0, 0.0, 0.0, 0.0, 0.0, 0.0, 0.0, 0.0, 0.0, 0.0, 0.0, 0.0, 0.0, 0.007842572553769888, 0.031016224164899842, 0.011757210127046964, 0.004987662605130691, 0.002243253772718673, 3.3305710958553854e-09, 0.0007687603901621695, 1.0075140843425836e-09, 8.38713271726009e-10, 0.00020960294918890584, 3.859930440362656e-10, 1.3439149863353406e-09, 6.635371259316071e-05, 2.045120812972083e-05], "A3": [0.0, 0.0, 0.0, 0.0, 0.0, 0.0, 0.0, 0.0, 0.0, 0.0, 0.0, 0.0, 0.0, 0.0, 0.0, 0.0, 0.0, 0.0, 0.0, 0.0, 0.0, 0.0, 0.0, 0.0, 0.0, 0.0, 0.0, 0.0, 0.0, 0.0, 0.0, 0.0, 0.0, 0.0, 0.0, 0.0, 0.0, 0.0, 0.0, 0.0, 0.0, 0.0, 0.0, 0.0, 0.0, 0.0, 0.0, 0.0, 0.0, 0.0, 0.0, 0.0, 0.0, 0.0, 0.0, 0.0, 0.0, 0.0, 0.0, 0.0, 0.0, 0.0, 0.0, 0.0, 0.0, 0.0, 0.0, 0.0, 0.0, 0.0, 0.0, 0.0, 0.0, 0.0, 0.0, 0.0, 0.0, 0.0, 0.0, 0.0, 0.0, 0.0, 0.0, 0.0, 0.0, 0.0, 0.0], "BCC2": [0.0, 0.0, 0.0, 0.0, 0.0, 0.0, 0.0, 0.0, 0.0, 0.0, 0.0, 0.0, 0.0, 0.0, 0.0, 0.0, 0.0, 0.0, 0.0, 0.0, 0.0, 0.0, 0.0, 0.0, 0.0, 0.0, 0.0, 0.0, 0.0, 0.0, 0.0, 0.0, 0.0, 0.0, 0.0, 0.0, 0.0, 0.0, 0.0, 0.0, 0.0, 0.0, 0.0, 0.0, 0.0, 0.0, 0.0, 0.18910517978243435, 0.12681513836793556, 0.08563390607253113, 0.0622915335381663, 0.047671671165433395, 0.03785495362334865, 0.030915621311673892, 0.02581223885028737, 0.02193924383308809, 0.01892389843986827, 0.016525991198117613, 0.014584741751230628, 0.012989059709528062, 0.011660082492645291, 0.010540505965707042, 0.00958783886847021, 0.008770009790131266, 0.00806243119839627, 0.007445992138902902, 0.006905658214735045, 0.006429478095476646, 0.006007868287193616, 0.005633092736422458, 0.0, 0.0, 0.0, 0.0, 0.0, 0.0, 0.0, 0.0, 0.0, 0.0, 0.0, 0.0, 0.0, 0.0, 0.0, 0.0, 0.0],