{"x_liquid": {"NI": [0.24413096557838546, 0.24413096557838546, 0.24413096557838546, 0.24413096557838543, 0.24413096557838548, 0.24413096557838548, 0.2441309655783855, 0.24413096557838554, 0.24413096557838557, 0.24413096557838557, 0.2441309655783856, 0.24413096557838562, 0.24413096557838565, 0.24413096557838565, 0.24413096557838565, 0.24413096557838565, 0.24413096557838565, 0.24413096557838568, 0.24413096557838568, 0.2441309655783857, 0.24413096557838573, 0.24413096557838576, 0.24413096557838576, 0.24413096557838576, 0.24413096557838576, 0.24413096557838576, 0.2441309655783858, 0.2441309655783858, 0.24413096557838582, 0.2441309655783858, 0.24413096557838582, 0.25952715023957557, 0.27376522362189437, 0.2858658865596136, 0.29646417435753813, 0.30594098436060235, 0.3145443623744734, 0.3224456762829685, 0.329768731912374, 0.3366061651007631, 0.34302927679055517, 0.3490942406380271, 0.3548461865148598, 0.3603219808748134, 0.3655521758652421, 0.37056241032902576, 0.3753744389412106, 0.38000690271272675, 0.38447591564981176, 0.38879551818252783, 0.392978032364834, 0.39703434352471634, 0.40097412606927685, 0.40480602634880564, 0.4085378121198974, 0.4121764957539105, 0.4157284366088156, 0.41919942671773275, 0.42259476301098015, 0.4259193085871687, 0.4291775450179436, 0.42661854245313874, 0.4266184486752659, 0.42661866221238826, 0.42661861001612517, 0.42661881110966976, 0.42661881110945554, 0.4233831885764862, 0.42338276628179206, 0.4233827924487501, 0.42338252230773066, 0.4233827292817198, NaN], "TI": [0.2997642761500531, 0.2997642761500531, 0.2997642761500531, 0.2997642761500531, 0.29976427615005313, 0.29976427615005313, 0.2997642761500532, 0.2997642761500532, 0.29976427615005324, 0.29976427615005324, 0.29976427615005324, 0.29976427615005324, 0.29976427615005324, 0.2997642761500533, 0.2997642761500533, 0.2997642761500533, 0.29976427615005335, 0.29976427615005335, 0.29976427615005335, 0.29976427615005335, 0.2997642761500534, 0.2997642761500534, 0.2997642761500534, 0.29976427615005347, 0.29976427615005347, 0.29976427615005347, 0.2997642761500535, 0.2997642761500536, 0.2997642761500536, 0.2997642761500536, 0.2997642761500536, 0.2923640972999614, 0.28512596855149097, 0.27874406272580754, 0.2730100801460006, 0.26778833182849066, 0.26298449466360835, 0.2585298306027172, 0.2543724066658498, 0.2504718502849232, 0.24679603966106642, 0.2433189214681506, 0.24001901911659912, 0.23687838184941326, 0.23388182517663916, 0.2310163696273363, 0.22827081799046187, 0.22563543144650064, 0.22310167771539285, 0.22066203257393113, 0.2183098215464076, 0.21603909226361467, 0.21384451053426234, 0.21172127496399964, 0.2096650462367865, 0.20767188810044096, 0.20573821777902365, 0.2038607640411339, 0.2020365315339376, 0.20026277028207892, 0.19853694947282555, 0.19410961898237822, 0.19410936417569596, 0.19410924844215954, 0.19410904298977497, 0.19410893400032947, 0.19410893400044557, 0.19133906576501983, 0.19133890802190084, 0.1913386896583561, 0.19133858874994028, 0.19133847429752499, NaN]}, "fraction_solid": [0.0, 0.0, 0.0, 0.0, 0.0, 0.0, 0.0, 0.0, 0.0, 0.0, 0.0, 0.0, 0.0, 0.0, 0.0, 0.0, 0.0, 0.0, 0.0, 0.0, 0.0, 0.0, 0.0, 0.0, 0.0, 0.0, 0.0, 0.0, 0.0, 0.0, 0.0, 0.24182012078388648, 0.39142885346291095, 0.4839429426684062, 0.5473234590279654, 0.5937442170536806, 0.6293800551658295, 0.6577077802523538, 0.6808402124024384, 0.7001383538875094, 0.7165202282037078, 0.7306286090559283, 0.7429276607116754, 0.7537613885025011, 0.7633904561059274, 0.7720161901325957, 0.7797967023347485, 0.786858000892473, 0.7933018237283112, 0.7992112727773106, 0.8046549396663228, 0.809689975587536, 0.8143644088636824, 0.8187189176877573, 0.8227882024354366, 0.8266020596911031, 0.8301862313185672, 0.8335630819459273, 0.8367521441969451, 0.8397705609944784, 0.8426334470367538, 0.8530844453647481, 0.8530849987352723, 0.8530851711930091, 0.8530856101642839, 0.8530857725716965, 0.8530857725716965, 0.8595011997264396, 0.8595016176402647, 0.8595020270049167, 0.8595022943423417, 0.8595024553810242, 1.0], "temperatures": [2000.0, 2000.0, 1990.0, 1980.0, 1970.0, 1960.0, 1950.0, 1940.0, 1930.0, 1920.0, 1910.0, 1900.0, 1890.0, 1880.0, 1870.0, 1860.0, 1850.0, 1840.0, 1830.0, 1820.0, 1810.0, 1800.0, 1790.0, 1780.0, 1770.0, 1760.0, 1750.0, 1740.0, 1730.0, 1720.0, 1710.0, 1700.0, 1690.0, 1680.0, 1670.0, 1660.0, 1650.0, 1640.0, 1630.0, 1620.0, 1610.0, 1600.0, 1590.0, 1580.0, 1570.0, 1560.0, 1550.0, 1540.0, 1530.0, 1520.0, 1510.0, 1500.0, 1490.0, 1480.0, 1470.0, 1460.0, 1450.0, 1440.0, 1430.0, 1420.0, 1410.0, 1400.0, 1400.0, 1400.0, 1400.0, 1400.0, 1400.0, 1395.9812242798355, 1395.9812242798355, 1395.9812242798355, 1395.9812242798355, 1395.9812242798355, 1394.0431572851573], "phase_amounts": {"A1": [0.0, 0.0, 0.0, 0.0, 0.0, 0.0, 0.0, 0.0, 0.0, 0.0, 0.0, 0.0, 0.0, 0.0, 0.0, 0.0, 0.0, 0.0, 0.0, 0.0, 0.0, 0.0, 0.0, 0.0, 0.0, 0.0, 0.0, 0.0, 0.0, 0.0, 0.0, 0.0, 0.0, 0.0, 0.0, 0.0, 0.0, 0.0, 0.0, 0.0, 0.0, 0.0, 0.0, 0.0, 0.0, 0.0, 0.0, 0.0, 0.0, 0.0, 0.0, 0.0, 0.0, 0.0, 0.0, 0.0, 0.0, 0.0, 0.0, 0.0, 0.0, 0.0, 0.0, 0.0, 0.0, 0.0, 0.0, 0.0, 0.0, 0.0, 0.0, 0.0, 0.07426171649379879], "A2": [0.0, 0.0, 0.0, 0.0, 0.0, 0.0, 0.0, 0.0, 0.0, 0.0, 0.0, 0.0, 0.0, 0.0, 0.0, 0.0, 0.0, 0.0, 0.0, 0.0, 0.0, 0.0, 0.0, 0.0, 0.0, 0.0, 0.0, 0.0, 0.0, 0.0, 0.0, 0.0, 0.0, 0.0, 0.0, 0.0, 0.0, 0.0, 0.0, 0.0, 0.0, 0.0, 0.0, 0.0, 0.0, 0.0, 0.0, 0.0, 0.0, 0.0, 0.0, 0.0, 0.0, 0.0, 0.0, 0.0, 0.0, 0.0, 0.0, 0.0, 0.0, 0.0, 0.0, 0.0, 0.0, 0.0, 0.0, 0.0, 0.0, 0.0, 0.0, 0.0, 0.0], "A3": [0.0, 0.0, 0.0, 0.0, 0.0, 0.0, 0.0, 0.0, 0.0, 0.0, 0.0, 0.0, 0.0, 0.0, 0.0, 0.0, 0.0, 0.0, 0.0, 0.0, 0.0, 0.0, 0.0, 0.0, 0.0, 0.0, 0.0, 0.0, 0.0, 0.0, 0.0, 0.0, 0.0, 0.0, 0.0, 0.0, 0.0, 0.0, 0.0, 0.0, 0.0, 0.0, 0.0, 0.0, 0.0, 0.0, 0.0, 0.0, 0.0, 0.0, 0.0, 0.0, 0.0, 0.0, 0.0, 0.0, 0.0, 0.0, 0.0, 0.0, 0.0, 0.0, 0.0, 0.0, 0.0, 0.0, 0.0, 0.0, 0.0, 0.0, 0.0, 0.0, 0.0], "BCC2": [0.0, 0.0, 0.0, 0.0, 0.0, 0.0, 0.0, 0.0, 0.0, 0.0, 0.0, 0.0, 0.0, 0.0, 0.0, 0.0, 0.0, 0.0, 0.0, 0.0, 0.0, 0.0, 0.0, 0.0, 0.0, 0.0, 0.0, 0.0, 0.0, 0.0, 0.0, 0.0, 0.0, 0.0, 0.0, 0.0, 0.0, 0.0, 0.0, 0.0, 0.0, 0.0, 0.0, 0.0, 0.0, 0.0, 0.0, 0.0, 0.0, 0.0, 0.0, 0.0, 0.0, 0.0, 0.0, 0.0, 0.0, 0.0, 0.0, 0.0, 0.0, 0.0, 0.0, 0.0, 0.0, 0.0, 0.0, 0.0, 0.0, 0.0, 0.0, 0.0, 0.0], "C14": [0.0, 0.0, 0.0, 0.0, 0.0, 0.0, 0.0, 0.0, 0.0, 0.0, 0.0, 0.0, 0.0, 0.0, 0.0, 0.0, 0.0, 0.0, 0.0, 0.0, 0.0, 0.0, 0.0, 0.0, 0.0, 0.0, 0.0, 0.0, 0.0, 0.0, 0.0, 0.24182012078388648, 0.14960873267902447, 0.09251408920549525, 0.06338051635955927, 0.04642075802571524, 0.035635838112148835, 0.02832772508652422, 0.023132432150084606, 0.01929814148507102, 0.016381874316198336, 0.014108380852220551, 0.012299051655747023, 0.010833727790825686, 0.009629067603426257, 0.008625734026668328, 0.007780512202152813, 0.0070612985577244835, 0.006443822835838098, 0.00590944904899951, 0.0054436668890122195, 0.005035035921213124, 0.004674433276146418, 0.004354508824074811, 0.004069284747679301, 0.0038138572556665044, 0.0035841716274640847, 0.0033768506273601506, 0.003189062251017821, 0.003018416797533346, 0.002862886042275326, 0.003355501232839333, 1.9757254693346693e-07, 1.7245773671028802e-07, 1.6686577273054374e-07, 1.6240741258346726e-07, 0.0, 0.0013709623544218513, 0.0, 1.9158416742033835e-07, 0.0, 1.610386825458705e-07, 0.01961858790660611], "FCC4": [0.0, 0.0, 0.0, 0.0, 0.0, 0.0, 0.0, 0.0, 0.0, 0.0, 0.0, 0.0, 0.0, 0.0, 0.0, 0.0, 0.0, 0.0, 0.0, 0.0, 0.0, 0.0, 0.0, 0.0, 0.0, 0.0, 0.0, 0.0, 0.0, 0.0, 0.0, 0.0, 0.0, 0.0, 0.0, 0.0, 0.0, 0.0, 0.0, 0.0, 0.0, 0.0, 0.0, 0.0, 0.0, 0.0, 0.0, 0.0, 0.0, 0.0, 0.0, 0.0, 0.0, 0.0, 0.0, 0.0, 0.0, 0.0, 0.0, 0.0, 0.0, 0.0, 0.0, 0.0, 0.0, 0.0, 0.0, 0.0, 0.0, 0.0, 0.0, 0.0, 0.0],