{"x_liquid": {"NI": [0.006302664204666159, 0.00630266420466616, 0.00630266420466616, 0.00630266420466616, 0.00630266420466616, 0.00630266420466616, 0.006302664204666161, 0.006302664204666161, 0.006302664204666163, 0.006302664204666164, 0.006302673375275997, 0.008715149934444806, 0.011151707802831999, 0.013600622187373979, 0.016053620245212185, 0.018505949508513655, 0.020954896721179714, 0.023398988845132286, 0.02583753346303417, 0.028270341499100574, 0.030697541827250235, 0.03311951921405926, 0.0355367843093011, 0.03794996166673986, 0.040359745147855716, 0.042766875743171846, 0.04517212656536685, 0.04757629276693445, 0.04998018487841775, 0.05238459108708719, 0.05479041683906098, 0.057198480225581765, 0.05960964289898169, 0.06202477766980533, 0.06444476961990005, 0.06687051756262306, 0.06930293575558531, 0.07174295579560844, 0.07419152864395605, 0.07664962673899531, 0.07911824616537814, 0.08159840885031008, 0.08409116476330335, 0.0865975940956741, 0.08911880939647294, 0.09165595763975368, 0.09421022219606828, 0.096782824676617, 0.09937502661531378, 0.10198813094652652, 0.10462348323097145, 0.10728247257392164, 0.1099665321702612, 0.1126771394017533, 0.11541581539944777, 0.11818412397130136, 0.12098366978175237, 0.12381609565380121, 0.12668307884766392, 0.12958632615330912, 0.13252756761524875, 0.135508548691089, 0.13853102062739667, 0.141596728821221, 0.14470739892401996, 0.14786472043658735, 0.1510703275455604, 0.1543257769601101, 0.15763252253400922, 0.16099188649860163, 0.16440502719578784, 0.1678729032918275, 0.17140045721328329, 0.17497972480040389, 0.17861512891641698, 0.1891602222895825, 0.20602266215341078, 0.2213488078482726, 0.22134887616734003, 0.233083986367809, 0.2330838963177332, 0.23308406945636748, 0.24074071093992255, 0.24074056565689358, 0.24074075823921265, 0.2458412222770549, NaN], "TI": [0.9819222005652516, 0.9819222005652517, 0.9819222005652517, 0.9819222005652517, 0.9819222005652517, 0.9819222005652517, 0.9819222005652518, 0.9819222005652517, 0.9819222005652519, 0.9819222005652519, 0.9819221790375864, 0.9766437817171365, 0.9715504853727418, 0.9666118962563152, 0.9618093305440119, 0.957127553035955, 0.9525538692948836, 0.948077533756474, 0.943689338197276, 0.9393813126372826, 0.9351465193420317, 0.9309788012644152, 0.9268727416892241, 0.9228234952000707, 0.9188267212788918, 0.9148785132902217, 0.9109753399941247, 0.9071139969888496, 0.9032915661149058, 0.8995054360893597, 0.8957530431446047, 0.8920321729054884, 0.888340730607517, 0.884676774501572, 0.88103849974078, 0.877424224394, 0.8738323772740046, 0.8702614873245428, 0.8667101743537174, 0.8631771409417619, 0.8596611653755372, 0.8561610954920671, 0.8526758433297094, 0.849204380504617, 0.8457457342436395, 0.842298984017561, 0.8388632587283997, 0.8354377344148871, 0.8320216324464295, 0.8286142181856625, 0.8252148001044443, 0.821822729344994, 0.8184373997244976, 0.8150582481856685, 0.8116847557022818, 0.8083164486538416, 0.804952900687479, 0.8015937350908572, 0.7982386277040749, 0.7948873104015276, 0.7915395751787857, 0.7881952788800978, 0.7848543486032765, 0.7815167878166942, 0.7781826832178893, 0.7748522123562537, 0.771525652027713, 0.7682033874336626, 0.7648859220688116, 0.7615738882712748, 0.758268058326649, 0.7549693559651444, 0.7516749697218008, 0.748393963501006, 0.7451237645373884, 0.7438951941127503, 0.7446564638384092, 0.7451539690924304, 0.7451539721732023, 0.7454046950222467, 0.745404809451989, 0.7454046905004253, 0.7455001103271183, 0.7455002811763863, 0.7455000957470497, 0.7455300548500083, NaN]}, "fraction_solid": [0.0, 0.0, 0.0, 0.0, 0.0, 0.0, 0.0, 0.0, 0.0, 0.0, 1.8225058551666113e-06, 0.31765949076533406, 0.48986247011946504, 0.5966599418068597, 0.6687925716298995, 0.7205060605031036, 0.7592519734818266, 0.7892843198138888, 0.813198318980655, 0.8326620462876406, 0.8487937587509835, 0.8623699432357014, 0.8739454810166585, 0.8839270524809185, 0.8926191435714389, 0.9002540334837242, 0.9070118581726748, 0.9130343677004163, 0.918434566607913, 0.9233035279407824, 0.9277157089103985, 0.9317322005896173, 0.9354037801329323, 0.9387729403700698, 0.9418755025645195, 0.9447418680438077, 0.9473979993232308, 0.9498661963250964, 0.9521657157721588, 0.9543132693914436, 0.9563234276288903, 0.9582089490724727, 0.9599810510087048, 0.9616496329916147, 0.9632234626482202, 0.9647103309370314, 0.9661171825466123, 0.9674502259455794, 0.96871502668689, 0.9699165868595871, 0.9710594130261198, 0.9721475745442325, 0.9731847538237126, 0.9741742897904694, 0.9751192156065456, 0.9760222915143646, 0.9768860335275416, 0.9777127385711273, 0.9785045065767083, 0.9792632599579059, 0.979990760825513, 0.9806886262472416, 0.9813583418115797, 0.9820012737177284, 0.9826186795824486, 0.9832117181283934, 0.9837814578972147, 0.984328885112244, 0.9848549108010892, 0.985360377275786, 0.9858460640577946, 0.9863126933266406, 0.9867614640004025, 0.9871919203981208, 0.9876052060099592, 0.9914325264529529, 0.996540604030244, 0.9988575534291669, 0.9988575577244281, 0.9996655104066141, 0.9996655108934405, 0.999665512371434, 0.9998940274335995, 0.9998940276636671, 0.9998940278055984, 0.9999673397223573, 1.0], "temperatures": [2000.0, 2000.0, 1990.0, 1980.0, 1970.0, 1960.0, 1950.0, 1940.0, 1930.0, 1920.0, 1910.0, 1900.0, 1890.0, 1880.0, 1870.0, 1860.0, 1850.0, 1840.0, 1830.0, 1820.0, 1810.0, 1800.0, 1790.0, 1780.0, 1770.0, 1760.0, 1750.0, 1740.0, 1730.0, 1720.0, 1710.0, 1700.0, 1690.0, 1680.0, 1670.0, 1660.0, 1650.0, 1640.0, 1630.0, 1620.0, 1610.0, 1600.0, 1590.0, 1580.0, 1570.0, 1560.0, 1550.0, 1540.0, 1530.0, 1520.0, 1510.0, 1500.0, 1490.0, 1480.0, 1470.0, 1460.0, 1450.0, 1440.0, 1430.0, 1420.0, 1410.0, 1400.0, 1390.0, 1380.0, 1370.0, 1360.0, 1350.0, 1340.0, 1330.0, 1320.0, 1310.0, 1300.0, 1290.0, 1280.0, 1270.0, 1260.0, 1250.0, 1240.0, 1240.0, 1231.6666666666667, 1231.6666666666667, 1231.6666666666667, 1225.8796296296298, 1225.8796296296298, 1225.8796296296298, 1221.8608539094653, 1221.8608539094653], "phase_amounts": {"A1": [0.0, 0.0, 0.0, 0.0, 0.0, 0.0, 0.0, 0.0, 0.0, 0.0, 0.0, 0.0, 0.0, 0.0, 0.0, 0.0, 0.0, 0.0, 0.0, 0.0, 0.0, 0.0, 0.0, 0.0, 0.0, 0.0, 0.0, 0.0, 0.0, 0.0, 0.0, 0.0, 0.0, 0.0, 0.0, 0.0, 0.0, 0.0, 0.0, 0.0, 0.0, 0.0, 0.0, 0.0, 0.0, 0.0, 0.0, 0.0, 0.0, 0.0, 0.0, 0.0, 0.0, 0.0, 0.0, 0.0, 0.0, 0.0, 0.0, 0.0, 0.0, 0.0, 0.0, 0.0, 0.0, 0.0, 0.0, 0.0, 0.0, 0.0, 0.0, 0.0, 0.0, 0.0, 0.0, 0.0, 0.0, 0.0, 0.0, 0.0, 0.0, 0.0, 0.0, 0.0, 0.0, 0.0, 0.0],