{"x_liquid": {"NI": [0.05580590733858385, 0.05580590733858384, 0.05580590733858383, 0.05580590733858383, 0.05580590733858383, 0.05580590733858383, 0.055805907338583816, 0.055805907338583816, 0.055805907338583816, 0.05580590733858381, 0.05580590733858381, 0.05580590733858381, 0.0558059073385838, 0.055805907338583795, 0.055805907338583795, 0.0558059073385838, 0.0558059073385838, 0.055805907338583795, 0.0558059073385838, 0.0558059073385838, 0.0558059073385838, 0.05580590733858381, 0.0558059073385838, 0.0558059073385838, 0.0558059073385838, 0.05580590733858381, 0.05580590733858381, 0.0558059073385838, 0.0558059073385838, 0.0558059073385838, 0.0558059073385838, 0.0558059073385838, 0.0558059073385838, 0.0558059073385838, 0.0558059073385838, 0.0558059073385838, 0.0558059073385838, 0.0558059073385838, 0.0558059073385838, 0.0558059073385838, 0.055805907338583795, 0.055805907338583795, 0.0558059073385838, 0.0558059073385838, 0.05718248859676971, 0.05894380271356877, 0.06072786022197145, 0.0625366867981188, 0.06437246070590628, 0.06623752496307689, 0.0681344004252105, 0.0700657997833222, 0.07203464244718004, 0.07404407025528287, 0.07609746390924987, 0.07819845997460008, 0.08035096821867665, 0.08255918896480834, 0.08482763002834572, 0.0871611226607069, 0.08956483575746418, 0.09204428738576993, 0.09460535245022861, 0.09725426504767494, 0.099997613763417, 0.10284232784030005, 0.10579565182573022, 0.10886510598506177, 0.11205842950072463, 0.11538350328725035, 0.11884824919596625, 0.12246050251990753, 0.12799673348479002, 0.1502118147180101, 0.17059339009104668, 0.18916022228957555, 0.2060226621534128, 0.22134880784826527, 0.2213488761673425, 0.2330839863678163, 0.2330840371826992, 0.23308408946254372, 0.24074071093992488, 0.2407407467425789, 0.24074078538766122, 0.245841222277053, NaN], "TI": [0.8399330874403583, 0.8399330874403583, 0.8399330874403582, 0.8399330874403582, 0.8399330874403582, 0.8399330874403582, 0.8399330874403581, 0.8399330874403582, 0.8399330874403583, 0.8399330874403583, 0.8399330874403584, 0.8399330874403586, 0.8399330874403587, 0.8399330874403588, 0.8399330874403589, 0.839933087440359, 0.839933087440359, 0.8399330874403589, 0.839933087440359, 0.839933087440359, 0.839933087440359, 0.8399330874403591, 0.839933087440359, 0.8399330874403591, 0.839933087440359, 0.839933087440359, 0.839933087440359, 0.8399330874403589, 0.839933087440359, 0.839933087440359, 0.839933087440359, 0.839933087440359, 0.8399330874403591, 0.839933087440359, 0.8399330874403591, 0.839933087440359, 0.8399330874403591, 0.8399330874403591, 0.8399330874403591, 0.8399330874403592, 0.8399330874403592, 0.8399330874403591, 0.8399330874403591, 0.8399330874403591, 0.837147897009403, 0.8336400966074643, 0.8301441248955674, 0.8266582219510397, 0.8231806408673851, 0.8197096465087991, 0.8162435150890968, 0.8127805346419763, 0.8093190064663996, 0.8058572476462641, 0.8023935947615164, 0.7989264089245456, 0.7954540822907268, 0.7919750462075029, 0.7884877811775984, 0.7849908288186815, 0.7814828060038281, 0.777962421358024, 0.774428494268068, 0.7708799765299155, 0.7673159767068205, 0.7637357872040064, 0.7601389139738123, 0.7565251086584154, 0.7528944028470792, 0.7492471439863371, 0.745584032337606, 0.7419061582358409, 0.7388072103925656, 0.7411541630866156, 0.7427775269392936, 0.7438951941127521, 0.7446564638384103, 0.7451539690924319, 0.7451539721731985, 0.7454046950222462, 0.7454046983225754, 0.7454046883899209, 0.7455001103271168, 0.7455001147226985, 0.7455001071304167, 0.7455300548500094, NaN]}, "fraction_solid": [0.0, 0.0, 0.0, 0.0, 0.0, 0.0, 0.0, 0.0, 0.0, 0.0, 0.0, 0.0, 0.0, 0.0, 0.0, 0.0, 0.0, 0.0, 0.0, 0.0, 0.0, 0.0, 0.0, 0.0, 0.0, 0.0, 0.0, 0.0, 0.0, 0.0, 0.0, 0.0, 0.0, 0.0, 0.0, 0.0, 0.0, 0.0, 0.0, 0.0, 0.0, 0.0, 0.0, 0.0, 0.03522641591428086, 0.07772715981935469, 0.11796605900772769, 0.15612962788211088, 0.19238448165989397, 0.22687980099995086, 0.259749427459919, 0.29111365098998176, 0.32108073932242653, 0.3497482501190298, 0.3772041595420206, 0.4035278351690731, 0.42879087657733084, 0.45305784322599696, 0.4763868863273737, 0.4988302990624769, 0.5204349976509429, 0.5412429443678064, 0.5612915225031858, 0.5806138724473427, 0.5992391974824576, 0.6171930473948566, 0.6344975876505199, 0.6511718614761932, 0.6672320517307797, 0.6826917487942069, 0.6975622297842615, 0.7118527531678945, 0.7464827540666685, 0.9084110757475519, 0.9626467022963535, 0.9841766693004973, 0.9936108158199323, 0.9978900069200629, 0.9978900148530132, 0.9993822286788964, 0.9993822311657995, 0.9993822331364101, 0.9998042780030644, 0.9998042788635157, 0.9998042795346397, 0.9999396788391905, 1.0], "temperatures": [2000.0, 2000.0, 1990.0, 1980.0, 1970.0, 1960.0, 1950.0, 1940.0, 1930.0, 1920.0, 1910.0, 1900.0, 1890.0, 1880.0, 1870.0, 1860.0, 1850.0, 1840.0, 1830.0, 1820.0, 1810.0, 1800.0, 1790.0, 1780.0, 1770.0, 1760.0, 1750.0, 1740.0, 1730.0, 1720.0, 1710.0, 1700.0, 1690.0, 1680.0, 1670.0, 1660.0, 1650.0, 1640.0, 1630.0, 1620.0, 1610.0, 1600.0, 1590.0, 1580.0, 1570.0, 1560.0, 1550.0, 1540.0, 1530.0, 1520.0, 1510.0, 1500.0, 1490.0, 1480.0, 1470.0, 1460.0, 1450.0, 1440.0, 1430.0, 1420.0, 1410.0, 1400.0, 1390.0, 1380.0, 1370.0, 1360.0, 1350.0, 1340.0, 1330.0, 1320.0, 1310.0, 1300.0, 1290.0, 1280.0, 1270.0, 1260.0, 1250.0, 1240.0, 1240.0, 1231.6666666666667, 1231.6666666666667, 1231.6666666666667, 1225.8796296296298, 1225.8796296296298, 1225.8796296296298, 1221.8608539094653, 1221.8608539094653], "phase_amounts": {"A1": [0.0, 0.0, 0.0, 0.0, 0.0, 0.0, 0.0, 0.0, 0.0, 0.0, 0.0, 0.0, 0.0, 0.0, 0.0, 0.0, 0.0, 0.0, 0.0, 0.0, 0.0, 0.0, 0.0, 0.0, 0.0, 0.0, 0.0, 0.0, 0.0, 0.0, 0.0, 0.0, 0.0, 0.0, 0.0, 0.0, 0.0, 0.0, 0.0, 0.0, 0.0, 0.0, 0.0, 0.0, 0.0, 0.0, 0.0, 0.0, 0.0, 0.0, 0.0, 0.0, 0.0, 0.0, 0.0, 0.0, 0.0, 0.0, 0.0, 0.0, 0.0, 0.0, 0.0, 0.0, 0.0, 0.0, 0.0, 0.0, 0.0, 0.0, 0.0, 0.0, 0.0, 0.0, 0.0, 0.0, 0.0, 0.0, 0.0, 0.0, 0.0, 0.0, 0.0, 0.0, 0.0, 0.0, 0.0], "A2": [0.0, 0.0, 0.0, 0.0, 0.0, 0.0, 0.0, 0.0, 0.0, 0.0, 0.0, 0.0, 0.0, 0.0, 0.0, 0.0, 0.0, 0.0, 0.0, 0.0, 0.0, 0.0, 0.0, 0.0, 0.0, 0.0, 0.0, 0.0, 0.0, 0.0, 0.0, 0.0, 0.0, 0.0, 0.0, 0.0, 0.0, 0.0, 0.0, 0.0, 0.0, 0.0, 0.0, 0.0, 0.03522641591428086, 0.04250074390507383, 0.040238899188373006, 0.0381635688743832, 0.036254853777783085, 0.0344953193400569, 0.03286962645996817, 0.03136422353006275, 0.029967088332444766, 0.0286675107966033, 0.027455909422990775, 0.02632367562705253, 0.02526304140825775, 0.024266966648666097, 0.02332904310137672, 0.022443412735103207, 0.021604698588466073, 0.020807946716863437, 0.0200485781353794, 0.019322349944156946, 0.018625325035114857, 0.01795384991239898, 0.017304540255663338, 0.016674273825673293, 0.01606019025458645, 0.015459697063427187, 0.014870480990054637, 0.01429052338363297, 0.023015257761705075, 0.08901536272832254, 0.028125344757404674, 0.010661374719577494, 0.004522785544656657, 0.0020341704199893598, 3.020143991269551e-09, 0.0006971077747630498, 9.136086925045601e-10, 7.605406135971795e-10, 0.0001900668236323, 3.0791465407798295e-10, 2.5009587358629573e-10, 6.017169070567551e-05, 1.8544949934344192e-05], "A3": [0.0, 0.0, 0.0, 0.0, 0.0, 0.0, 0.0, 0.0, 0.0, 0.0, 0.0, 0.0, 0.0, 0.0, 0.0, 0.0, 0.0, 0.0, 0.0, 0.0, 0.0, 0.0, 0.0, 0.0, 0.0, 0.0, 0.0, 0.0, 0.0, 0.0, 0.0, 0.0, 0.0, 0.0, 0.0, 0.0, 0.0, 0.0, 0.0, 0.0, 0.0, 0.0, 0.0, 0.0, 0.0, 0.0, 0.0, 0.0, 0.0, 0.0, 0.0, 0.0, 0.0, 0.0, 0.0, 0.0, 0.0, 0.0, 0.0, 0.0, 0.0, 0.0, 0.0, 0.0, 0.0, 0.0, 0.0, 0.0, 0.0, 0.0, 0.0, 0.0, 0.0, 0.0, 0.0, 0.0, 0.0, 0.0, 0.0, 0.0, 0.0, 0.0, 0.0, 0.0, 0.0, 0.0, 0.0], "BCC2": [0.0, 0.0, 0.0, 0.0, 0.0, 0.0, 0.0, 0.0, 0.0, 0.0, 0.0, 0.0, 0.0, 0.0, 0.0, 0.0, 0.0, 0.0, 0.0, 0.0, 0.0, 0.0, 0.0, 0.0, 0.0, 0.0, 0.0, 0.0, 0.0, 0.0, 0.0, 0.0, 0.0, 0.0, 0.0, 0.0, 0.0, 0.0, 0.0, 0.0, 0.0, 0.0, 0.0, 0.0, 0.0, 0.0, 0.0, 0.0, 0.0, 0.0, 0.0, 0.0, 0.0, 0.0, 0.0, 0.0, 0.0, 0.0, 0.0, 0.0, 0.0, 0.0, 0.0, 0.0, 0.0, 0.0, 0.0, 0.0, 0.0, 0.0, 0.0, 0.0, 0.0, 0.0, 0.0, 0.0, 0.0, 0.0, 0.0, 0.0, 0.0, 0.0, 0.0, 0.0, 0.0, 0.0, 0.0],