{"x_liquid": {"NI": [0.21393226551184685, 0.21393226551184683, 0.21393226551184688, 0.21393226551184694, 0.21393226551184696, 0.21393226551184696, 0.213932265511847, 0.21393226551184696, 0.21393226551184694, 0.2139322655118469, 0.21393226551184694, 0.21393226551184694, 0.21393226551184694, 0.21393226551184694, 0.21393226551184694, 0.21393226551184694, 0.21393226551184688, 0.21393226551184688, 0.21393226551184685, 0.21393226551184685, 0.21393226551184685, 0.21393226551184683, 0.21393226551184683, 0.21393226551184683, 0.21393226551184683, 0.21393226551184688, 0.2139322655118469, 0.2139322655118469, 0.21393226551184688, 0.21393226551184688, 0.21393226551184688, 0.21393226551184694, 0.22091331272055287, 0.2269113908208223, 0.23219533777927417, 0.23695062500633166, 0.24129634991020724, 0.2453139607756547, 0.24906185657426844, 0.25258348348520215, 0.2559121349181547, 0.25907395182210324, 0.2620898805300263, 0.2649769968310059, 0.2677494288229522, 0.2704190169706565, 0.29321142602695965, 0.3300358115640857, 0.35936711109840536, 0.38342803844127926, 0.40364629160541754, 0.42099023199518876, 0.4361354593878398, 0.4495624572805801, 0.4616189773287222, 0.47256120381653044, 0.4825812693538138, 0.4918258311975882, 0.5004087572272842, 0.508419904078967, 0.515931276969215, 0.5230014138071185, 0.5296785490353565, 0.536002927580689, 0.5360032679452288, 0.5360032679450105, 0.5360032679447922, 0.5360032679445741, 0.5360032679443559, 0.5360032679441377, 0.5380481630035263, 0.5380482417029703, 0.5380482417028908, 0.5380482417030032, NaN], "TI": [0.38638257362952816, 0.3863825736295281, 0.3863825736295282, 0.3863825736295283, 0.38638257362952844, 0.3863825736295285, 0.3863825736295286, 0.38638257362952855, 0.38638257362952855, 0.3863825736295286, 0.38638257362952866, 0.38638257362952866, 0.38638257362952866, 0.38638257362952866, 0.38638257362952866, 0.38638257362952866, 0.3863825736295286, 0.3863825736295286, 0.3863825736295285, 0.38638257362952855, 0.3863825736295286, 0.38638257362952855, 0.3863825736295285, 0.3863825736295285, 0.38638257362952855, 0.38638257362952866, 0.38638257362952866, 0.38638257362952866, 0.3863825736295286, 0.38638257362952866, 0.3863825736295286, 0.38638257362952866, 0.39549267452297376, 0.4035318757702128, 0.4107419313855595, 0.41730984568385693, 0.42336090206288923, 0.42898399347304944, 0.43424496097067794, 0.4391942284285622, 0.4438714595694834, 0.4483085452215332, 0.45253159938668447, 0.4565623389761397, 0.46041906513576086, 0.46411737851547114, 0.4600009223048269, 0.4485763121118624, 0.4383603067926903, 0.4292157189393657, 0.4209979620513822, 0.413565460952913, 0.40679060104230413, 0.40056479857378213, 0.3947987298166715, 0.3894201680889493, 0.3843711109403516, 0.3796050089280794, 0.37508438834747415, 0.37077891854812806, 0.36666388146450024, 0.362718975104346, 0.3589273834458388, 0.35527505466308357, 0.3552750927777913, 0.3552750927777668, 0.35527509277774233, 0.3552750927777179, 0.3552750927776935, 0.35527509277766905, 0.3540809102023718, 0.354080836371082, 0.35408083637115667, 0.35408083637105364, NaN]}, "fraction_solid": [0.0, 0.0, 0.0, 0.0, 0.0, 0.0, 0.0, 0.0, 0.0, 0.0, 0.0, 0.0, 0.0, 0.0, 0.0, 0.0, 0.0, 0.0, 0.0, 0.0, 0.0, 0.0, 0.0, 0.0, 0.0, 0.0, 0.0, 0.0, 0.0, 0.0, 0.0, 0.0, 0.15099651840252537, 0.25186354807672995, 0.32450040542991204, 0.37976302814492674, 0.4234845078490339, 0.4591028476904219, 0.4887872996562176, 0.5139802157302157, 0.535681360395819, 0.5546075750007545, 0.571287483635322, 0.5861202580390658, 0.5994134859318946, 0.6114083719218711, 0.7911686319200234, 0.9300830989967541, 0.9636154421108261, 0.9769061778044537, 0.9835827096312093, 0.9874553075675563, 0.9899320227750787, 0.991632128608715, 0.9928631206154974, 0.9937921382833449, 0.9945166676242121, 0.9950968867618779, 0.9955717198551846, 0.995967349382207, 0.9963019840070785, 0.9965886557131985, 0.9968369271928615, 0.9970539705349238, 0.9970539753674804, 0.9970539753674804, 0.9970539753674804, 0.9970539753674804, 0.9970539753674804, 0.9970539753674804, 0.99711981597029, 0.9971198191712336, 0.9971198191712336, 0.9971198191712336, 1.0], "temperatures": [2000.0, 2000.0, 1990.0, 1980.0, 1970.0, 1960.0, 1950.0, 1940.0, 1930.0, 1920.0, 1910.0, 1900.0, 1890.0, 1880.0, 1870.0, 1860.0, 1850.0, 1840.0, 1830.0, 1820.0, 1810.0, 1800.0, 1790.0, 1780.0, 1770.0, 1760.0, 1750.0, 1740.0, 1730.0, 1720.0, 1710.0, 1700.0, 1690.0, 1680.0, 1670.0, 1660.0, 1650.0, 1640.0, 1630.0, 1620.0, 1610.0, 1600.0, 1590.0, 1580.0, 1570.0, 1560.0, 1550.0, 1540.0, 1530.0, 1520.0, 1510.0, 1500.0, 1490.0, 1480.0, 1470.0, 1460.0, 1450.0, 1440.0, 1430.0, 1420.0, 1410.0, 1400.0, 1390.0, 1380.0, 1380.0, 1380.0, 1380.0, 1380.0, 1380.0, 1380.0, 1376.651020233196, 1376.651020233196, 1376.651020233196, 1376.651020233196, 1374.712953238518], "phase_amounts": {"A1": [0.0, 0.0, 0.0, 0.0, 0.0, 0.0, 0.0, 0.0, 0.0, 0.0, 0.0, 0.0, 0.0, 0.0, 0.0, 0.0, 0.0, 0.0, 0.0, 0.0, 0.0, 0.0, 0.0, 0.0, 0.0, 0.0, 0.0, 0.0, 0.0, 0.0, 0.0, 0.0, 0.0, 0.0, 0.0, 0.0, 0.0, 0.0, 0.0, 0.0, 0.0, 0.0, 0.0, 0.0, 0.0, 0.0, 0.0, 0.0, 0.0, 0.0, 0.0, 0.0, 0.0, 0.0, 0.0, 0.0, 0.0, 0.0, 0.0, 0.0, 0.0, 0.0, 0.0, 0.0, 0.0, 0.0, 0.0, 0.0, 0.0, 0.0, 0.0, 0.0, 0.0, 0.0, 0.0], "A2": [0.0, 0.0, 0.0, 0.0, 0.0, 0.0, 0.0, 0.0, 0.0, 0.0, 0.0, 0.0, 0.0, 0.0, 0.0, 0.0, 0.0, 0.0, 0.0, 0.0, 0.0, 0.0, 0.0, 0.0, 0.0, 0.0, 0.0, 0.0, 0.0, 0.0, 0.0, 0.0, 0.0, 0.0, 0.0, 0.0, 0.0, 0.0, 0.0, 0.0, 0.0, 0.0, 0.0, 0.0, 0.0, 0.0, 0.0, 0.0, 0.0, 0.0, 0.0, 0.0, 0.0, 0.0, 0.0, 0.0, 0.0, 0.0, 0.0, 0.0, 0.0, 0.0, 0.0, 0.0, 0.0, 0.0, 0.0, 0.0, 0.0, 0.0, 0.0, 0.0, 0.0, 0.0, 0.0], "A3": [0.0, 0.0, 0.0, 0.0, 0.0, 0.0, 0.0, 0.0, 0.0, 0.0, 0.0, 0.0, 0.0, 0.0, 0.0, 0.0, 0.0, 0.0, 0.0, 0.0, 0.0, 0.0, 0.0, 0.0, 0.0, 0.0, 0.0, 0.0, 0.0, 0.0, 0.0, 0.0, 0.0, 0.0, 0.0, 0.0, 0.0, 0.0, 0.0, 0.0, 0.0, 0.0, 0.0, 0.0, 0.0, 0.0, 0.0, 0.0, 0.0, 0.0, 0.0, 0.0, 0.0, 0.0, 0.0, 0.0, 0.0, 0.0, 0.0, 0.0, 0.0, 0.0, 0.0, 0.0, 0.0, 0.0, 0.0, 0.0, 0.0, 0.0, 0.0, 0.0, 0.0, 0.0, 0.0], "BCC2": [0.0, 0.0, 0.0, 0.0, 0.0, 0.0, 0.0, 0.0, 0.0, 0.0, 0.0, 0.0, 0.0, 0.0, 0.0, 0.0, 0.0, 0.0, 0.0, 0.0, 0.0, 0.0, 0.0, 0.0, 0.0, 0.0, 0.0, 0.0, 0.0, 0.0, 0.0, 0.0, 0.0, 0.0, 0.0, 0.0, 0.0, 0.0, 0.0, 0.0, 0.0, 0.0, 0.0, 0.0, 0.0, 0.0, 0.1756637728411284, 0.13652375111637854, 0.03207565736537304, 0.012372847007550885, 0.006069206384515576, 0.003452352691137536, 0.002174437168572771, 0.0014754129314996922, 0.001059283084765001, 0.0007947128640543836, 0.0006174069664445997, 0.0004933558555635154, 0.00040340402298096896, 0.00033618569044466956, 0.0002846542146494845, 0.00024427337304125043, 0.00021202630078362875, 0.00018584852679818297, 0.0, 0.0, 0.0, 0.0, 0.0, 0.0, 5.621925415712363e-05, 3.2009436708333327e-09, 0.0, 0.0, 0.001744396858853233], "C14": [0.0, 0.0, 0.0, 0.0, 0.0, 0.0, 0.0, 0.0, 0.0, 0.0, 0.0, 0.0, 0.0, 0.0, 0.0, 0.0, 0.0, 0.0, 0.0, 0.0, 0.0, 0.0, 0.0, 0.0, 0.0, 0.0, 0.0, 0.0, 0.0, 0.0, 0.0, 0.0, 0.15099651840252537, 0.10086702967420456, 0.0726368573531821, 0.0552626227150147, 0.04372147970410718, 0.035618339841388, 0.029684451965795694, 0.025192916073998088, 0.02170114466560337, 0.018926214604935515, 0.016679908634567447, 0.01483277440374373, 0.013293227892828835, 0.01199488598997661, 0.0040964871570237866, 0.0023907159603522203, 0.0014566857486989187, 0.0009178886860766373, 0.0006073254422400561, 0.00042024524520940386, 0.00030227803894969043, 0.00022469290213653198, 0.00017170892201745692, 0.0001343048037930786, 0.00010712237442255926, 8.68632821023061e-05, 7.142907032559749e-05, 5.9443836577797637e-05, 4.998041022200723e-05, 4.239833307889642e-05, 3.6245178879376165e-05, 3.119481526409488e-05, 4.83255656636106e-09, 0.0, 0.0, 0.0, 0.0, 0.0, 9.62134865248973e-06, 0.0, 0.0, 0.0, 1.124219777581354e-05],