{"x_liquid": {"NI": [0.2991465283188981, 0.29914652831889815, 0.29914652831889815, 0.2991465283188982, 0.29914652831889826, 0.2991465283188983, 0.2991465283188984, 0.2991465283188984, 0.29914652831889843, 0.29914652831889843, 0.29914652831889843, 0.29914652831889843, 0.29914652831889843, 0.29914652831889843, 0.29914652831889843, 0.29914652831889843, 0.29914652831889843, 0.29914652831889843, 0.29914652831889843, 0.2991465283188984, 0.29914652831889843, 0.29914652831889843, 0.29914652831889843, 0.29914652831889843, 0.2991465283188984, 0.29914652831889843, 0.29914652831889843, 0.2991465283188984, 0.29914652831889843, 0.29914652831889843, 0.29914652831889843, 0.29914652831889843, 0.29914652831889843, 0.29914652831889843, 0.29914652831889843, 0.29914652831889843, 0.2991465283188983, 0.2991465283188983, 0.2991465283188983, 0.2991465283188983, 0.2991465283188984, 0.29914652831889843, 0.29914652831889843, 0.29914652831889843, 0.29914652831889843, 0.29914652831889843, 0.2991465283188984, 0.29914652831889843, 0.29914652831889843, 0.2991465283188983, 0.2991465283188983, 0.3019807311895286, 0.3064505936597054, 0.3108417770150911, 0.3151566288267151, 0.319397352500241, 0.327931788664679, 0.3474358592629635, 0.36600032756983186, 0.3836962992433088, 0.400576805790634, 0.4166787667332684, 0.41667939952058247, 0.4166795377105009, 0.41667953771029154, 0.4166795377100821, 0.41667953770987265, 0.42293613392391055, 0.4229365770958049, 0.4229369275981508, 0.42293706106796924, 0.422937274492059, NaN], "TI": [0.1419642924103999, 0.1419642924103999, 0.1419642924103999, 0.14196429241039993, 0.14196429241039993, 0.14196429241039998, 0.1419642924104, 0.1419642924104, 0.1419642924104, 0.14196429241040004, 0.14196429241040004, 0.14196429241040004, 0.14196429241040004, 0.14196429241040004, 0.14196429241040004, 0.1419642924104, 0.14196429241040004, 0.1419642924104, 0.1419642924104, 0.14196429241039998, 0.14196429241039998, 0.1419642924104, 0.1419642924104, 0.1419642924104, 0.14196429241039998, 0.1419642924104, 0.1419642924104, 0.1419642924104, 0.14196429241039998, 0.14196429241039998, 0.1419642924104, 0.1419642924104, 0.1419642924104, 0.1419642924104, 0.1419642924104, 0.1419642924104, 0.14196429241039996, 0.14196429241039996, 0.14196429241039996, 0.14196429241039996, 0.14196429241039996, 0.14196429241039998, 0.1419642924104, 0.14196429241040004, 0.14196429241040004, 0.14196429241040004, 0.14196429241040004, 0.14196429241040004, 0.14196429241040004, 0.14196429241039998, 0.14196429241039998, 0.14527706370026885, 0.15053323804490365, 0.15572375266605676, 0.16084644721295496, 0.16589928675786986, 0.17049920010662004, 0.17412339654433645, 0.1778462014975197, 0.18165991446546476, 0.18555564137727273, 0.18952180861869103, 0.1895219279088576, 0.18952212528586654, 0.18952212528598608, 0.18952212528610562, 0.18952212528622517, 0.19113228316635417, 0.19113236066096995, 0.19113240009256138, 0.19113259627742804, 0.19113247798534333, NaN]}, "fraction_solid": [0.0, 0.0, 0.0, 0.0, 0.0, 0.0, 0.0, 0.0, 0.0, 0.0, 0.0, 0.0, 0.0, 0.0, 0.0, 0.0, 0.0, 0.0, 0.0, 0.0, 0.0, 0.0, 0.0, 0.0, 0.0, 0.0, 0.0, 0.0, 0.0, 0.0, 0.0, 0.0, 0.0, 0.0, 0.0, 0.0, 0.0, 0.0, 0.0, 0.0, 0.0, 0.0, 0.0, 0.0, 0.0, 0.0, 0.0, 0.0, 0.0, 0.0, 0.0, 0.05800926726305278, 0.14336810899276917, 0.21891231601990638, 0.28596779516787635, 0.34565056800571464, 0.43317811905823816, 0.5744904694208246, 0.6739365383578014, 0.7461859641356051, 0.7999850440922249, 0.8408032259839181, 0.8408045024543415, 0.840805033105234, 0.840805033105234, 0.840805033105234, 0.840805033105234, 0.8538535058743802, 0.8538543167150735, 0.8538549274458409, 0.853855413268493, 0.8538555862215095, 1.0], "temperatures": [2000.0, 2000.0, 1990.0, 1980.0, 1970.0, 1960.0, 1950.0, 1940.0, 1930.0, 1920.0, 1910.0, 1900.0, 1890.0, 1880.0, 1870.0, 1860.0, 1850.0, 1840.0, 1830.0, 1820.0, 1810.0, 1800.0, 1790.0, 1780.0, 1770.0, 1760.0, 1750.0, 1740.0, 1730.0, 1720.0, 1710.0, 1700.0, 1690.0, 1680.0, 1670.0, 1660.0, 1650.0, 1640.0, 1630.0, 1620.0, 1610.0, 1600.0, 1590.0, 1580.0, 1570.0, 1560.0, 1550.0, 1540.0, 1530.0, 1520.0, 1510.0, 1500.0, 1490.0, 1480.0, 1470.0, 1460.0, 1450.0, 1440.0, 1430.0, 1420.0, 1410.0, 1400.0, 1400.0, 1400.0, 1400.0, 1400.0, 1400.0, 1395.9812242798355, 1395.9812242798355, 1395.9812242798355, 1395.9812242798355, 1395.9812242798355, 1394.0431572851573], "phase_amounts": {"A1": [0.0, 0.0, 0.0, 0.0, 0.0, 0.0, 0.0, 0.0, 0.0, 0.0, 0.0, 0.0, 0.0, 0.0, 0.0, 0.0, 0.0, 0.0, 0.0, 0.0, 0.0, 0.0, 0.0, 0.0, 0.0, 0.0, 0.0, 0.0, 0.0, 0.0, 0.0, 0.0, 0.0, 0.0, 0.0, 0.0, 0.0, 0.0, 0.0, 0.0, 0.0, 0.0, 0.0, 0.0, 0.0, 0.0, 0.0, 0.0, 0.0, 0.0, 0.0, 0.05800926726305278, 0.08535884172971639, 0.07554420702713721, 0.06705547914796998, 0.059682772837838294, 0.0751620417914102, 0.10814452046943422, 0.07636521525001438, 0.05571080136575634, 0.04166900893769826, 0.03175532932984265, 9.230179878088971e-07, 5.306508925948708e-07, 0.0, 0.0, 0.0, 0.009946783372794045, 5.810697813576477e-07, 4.202556124873887e-07, 4.858226520549977e-07, 0.0, 0.07753037911392716], "A2": [0.0, 0.0, 0.0, 0.0, 0.0, 0.0, 0.0, 0.0, 0.0, 0.0, 0.0, 0.0, 0.0, 0.0, 0.0, 0.0, 0.0, 0.0, 0.0, 0.0, 0.0, 0.0, 0.0, 0.0, 0.0, 0.0, 0.0, 0.0, 0.0, 0.0, 0.0, 0.0, 0.0, 0.0, 0.0, 0.0, 0.0, 0.0, 0.0, 0.0, 0.0, 0.0, 0.0, 0.0, 0.0, 0.0, 0.0, 0.0, 0.0, 0.0, 0.0, 0.0, 0.0, 0.0, 0.0, 0.0, 0.0, 0.0, 0.0, 0.0, 0.0, 0.0, 0.0, 0.0, 0.0, 0.0, 0.0, 0.0, 0.0, 0.0, 0.0, 0.0, 0.0], "A3": [0.0, 0.0, 0.0, 0.0, 0.0, 0.0, 0.0, 0.0, 0.0, 0.0, 0.0, 0.0, 0.0, 0.0, 0.0, 0.0, 0.0, 0.0, 0.0, 0.0, 0.0, 0.0, 0.0, 0.0, 0.0, 0.0, 0.0, 0.0, 0.0, 0.0, 0.0, 0.0, 0.0, 0.0, 0.0, 0.0, 0.0, 0.0, 0.0, 0.0, 0.0, 0.0, 0.0, 0.0, 0.0, 0.0, 0.0, 0.0, 0.0, 0.0, 0.0, 0.0, 0.0, 0.0, 0.0, 0.0, 0.0, 0.0, 0.0, 0.0, 0.0, 0.0, 0.0, 0.0, 0.0, 0.0, 0.0, 0.0, 0.0, 0.0, 0.0, 0.0, 0.0], "BCC2": [0.0, 0.0, 0.0, 0.0, 0.0, 0.0, 0.0, 0.0, 0.0, 0.0, 0.0, 0.0, 0.0, 0.0, 0.0, 0.0, 0.0, 0.0, 0.0, 0.0, 0.0, 0.0, 0.0, 0.0, 0.0, 0.0, 0.0, 0.0, 0.0, 0.0, 0.0, 0.0, 0.0, 0.0, 0.0, 0.0, 0.0, 0.0, 0.0, 0.0, 0.0, 0.0, 0.0, 0.0, 0.0, 0.0, 0.0, 0.0, 0.0, 0.0, 0.0, 0.0, 0.0, 0.0, 0.0, 0.0, 0.0, 0.0, 0.0, 0.0, 0.0, 0.0, 0.0, 0.0, 0.0, 0.0, 0.0, 0.0, 0.0, 0.0, 0.0, 0.0, 0.0], "C14": [0.0, 0.0, 0.0, 0.0, 0.0, 0.0, 0.0, 0.0, 0.0, 0.0, 0.0, 0.0, 0.0, 0.0, 0.0, 0.0, 0.0, 0.0, 0.0, 0.0, 0.0, 0.0, 0.0, 0.0, 0.0, 0.0, 0.0, 0.0, 0.0, 0.0, 0.0, 0.0, 0.0, 0.0, 0.0, 0.0, 0.0, 0.0, 0.0, 0.0, 0.0, 0.0, 0.0, 0.0, 0.0, 0.0, 0.0, 0.0, 0.0, 0.0, 0.0, 0.0, 0.0, 0.0, 0.0, 0.0, 0.012365509261113291, 0.0331678298931522, 0.023080853686962485, 0.016538624412047342, 0.012130071018921615, 0.009062852561850469, 3.5345243555010176e-07, 0.0, 0.0, 0.0, 0.0, 0.003101689396352167, 2.2977091184903392e-07, 1.9047515491947112e-07, 0.0, 1.7295301644025404e-07, 0.020447600763519685], "FCC4": [0.0, 0.0, 0.0, 0.0, 0.0, 0.0, 0.0, 0.0, 0.0, 0.0, 0.0, 0.0, 0.0, 0.0, 0.0, 0.0, 0.0, 0.0, 0.0, 0.0, 0.0, 0.0, 0.0, 0.0, 0.0, 0.0, 0.0, 0.0, 0.0, 0.0, 0.0, 0.0, 0.0, 0.0, 0.0, 0.0, 0.0, 0.0, 0.0, 0.0, 0.0, 0.0, 0.0, 0.0, 0.0, 0.0, 0.0, 0.0, 0.0, 0.0, 0.0, 0.0, 0.0, 0.0, 0.0, 0.0, 0.0, 0.0, 0.0, 0.0, 0.0, 0.0, 0.0, 0.0, 0.0, 0.0, 0.0, 0.0, 0.0, 0.0, 0.0, 0.0, 0.0], "NI3TI": [0.0, 0.0, 0.0, 0.0, 0.0, 0.0, 0.0, 0.0, 0.0, 0.0, 0.0, 0.0, 0.0, 0.0, 0.0, 0.0, 0.0, 0.0, 0.0, 0.0, 0.0, 0.0, 0.0, 0.0, 0.0, 0.0, 0.0, 0.0, 0.0, 0.0, 0.0, 0.0, 0.0, 0.0, 0.0, 0.0, 0.0, 0.0, 0.0, 0.0, 0.0, 0.0, 0.0, 0.0, 0.0, 0.0, 0.0, 0.0, 0.0, 0.0, 0.0, 0.0, 0.0, 0.0, 0.0, 0.0, 0.0, 0.0, 0.0, 0.0, 0.0, 0.0, 0.0, 0.0, 0.0, 0.0, 0.0, 0.0, 0.0, 0.0, 0.0, 0.0, 0.04816643390104368], "NITI2": [0.0, 0.0, 0.0, 0.0, 0.0, 0.0, 0.0, 0.0, 0.0, 0.0, 0.0, 0.0, 0.0, 0.0, 0.0, 0.0, 0.0, 0.0, 0.0, 0.0, 0.0, 0.0, 0.0, 0.0, 0.0, 0.0, 0.0, 0.0, 0.0, 0.0, 0.0, 0.0, 0.0, 0.0, 0.0, 0.0, 0.0, 0.0, 0.0, 0.0, 0.0, 0.0, 0.0, 0.0, 0.0, 0.0, 0.0, 0.0, 0.0, 0.0, 0.0, 0.0, 0.0, 0.0, 0.0, 0.0, 0.0, 0.0, 0.0, 0.0, 0.0, 0.0, 0.0, 0.0, 0.0, 0.0, 0.0, 0.0, 0.0, 0.0, 0.0, 0.0, 0.0]}, "converged": false, "method": "scheil"}