{"x_liquid": {"NI": [0.22140051575953718, 0.22140051575953723, 0.22140051575953723, 0.22140051575953718, 0.22140051575953718, 0.2214005157595372, 0.2214005157595372, 0.2214005157595372, 0.2214005157595372, 0.2214005157595372, 0.2214005157595372, 0.22140051575953723, 0.22140051575953723, 0.22140051575953726, 0.22140051575953726, 0.2214005157595373, 0.2214005157595373, 0.22140051575953734, 0.2214005157595373, 0.2214005157595373, 0.2214005157595373, 0.22140051575953734, 0.2214005157595374, 0.22140051575953745, 0.22140051575953745, 0.22140051575953745, 0.22140051575953745, 0.22140051575953748, 0.2214005157595375, 0.22140051575953754, 0.223655115193001, 0.23572524275915374, 0.2453927606377175, 0.2535532059952892, 0.26066809932317764, 0.2670091690939056, 0.27275108280474014, 0.2780133719463758, 0.28288177532214076, 0.28742008931632634, 0.2916771998600197, 0.2956914812619256, 0.29949366860091226, 0.30310880148216357, 0.30655757960579544, 0.3098573328320425, 0.3130227310527555, 0.3300358115640799, 0.3593671110984014, 0.3834280384412826, 0.40364629160541865, 0.4209902319951959, 0.4361354593878395, 0.44956245728057703, 0.46161897732871976, 0.47256120381652866, 0.4825812693538119, 0.4918258311975862, 0.5004087572272863, 0.5084199040789674, 0.5159312769692144, 0.5230014138071187, 0.5296785490353537, 0.5360029275806887, 0.5360032679452288, 0.5360032679451483, 0.5360032679450677, 0.5360032679449872, 0.5360032679449871, 0.5360032679447688, 0.5380481630035259, 0.5380482417029697, 0.5380482417028902, 0.5380482417028107, NaN], "TI": [0.3649615482151797, 0.36496154821517973, 0.36496154821517973, 0.3649615482151797, 0.36496154821517973, 0.36496154821517973, 0.36496154821517973, 0.36496154821517973, 0.36496154821517973, 0.3649615482151797, 0.3649615482151797, 0.36496154821517973, 0.36496154821517973, 0.36496154821517973, 0.36496154821517973, 0.36496154821517973, 0.36496154821517973, 0.36496154821517973, 0.3649615482151797, 0.36496154821517973, 0.3649615482151797, 0.36496154821517973, 0.36496154821517973, 0.36496154821517973, 0.3649615482151797, 0.3649615482151797, 0.36496154821517973, 0.36496154821517973, 0.36496154821517973, 0.36496154821517973, 0.36669242893899556, 0.37680195326037724, 0.385346040156428, 0.3928275933534072, 0.3995257419494966, 0.40561488908934157, 0.4112127938210239, 0.4164034812781962, 0.4212494431909443, 0.4257986826269372, 0.4300890413682941, 0.4341509916963041, 0.4380095107998021, 0.44168538167326366, 0.4451961216195488, 0.44855666104615516, 0.4517798501313679, 0.44857631211186405, 0.43836030679269133, 0.4292157189393639, 0.42099796205138235, 0.4135654609529096, 0.4067906010423037, 0.40056479857378535, 0.3947987298166722, 0.38942016808894786, 0.3843711109403525, 0.3796050089280808, 0.37508438834747343, 0.37077891854812633, 0.36666388146450024, 0.3627189751043473, 0.3589273834458402, 0.35527505466308446, 0.3552750927777922, 0.35527509277786784, 0.3552750927779435, 0.35527509277801916, 0.3552750927780191, 0.3552750927779947, 0.35408091020237314, 0.35408083637108334, 0.35408083637115795, 0.3540808363712326, NaN]}, "fraction_solid": [0.0, 0.0, 0.0, 0.0, 0.0, 0.0, 0.0, 0.0, 0.0, 0.0, 0.0, 0.0, 0.0, 0.0, 0.0, 0.0, 0.0, 0.0, 0.0, 0.0, 0.0, 0.0, 0.0, 0.0, 0.0, 0.0, 0.0, 0.0, 0.0, 0.0, 0.050326654605500426, 0.2708425404339576, 0.3922721133854163, 0.4704827718012411, 0.5256686370486806, 0.5670100934998451, 0.5993191469464025, 0.6253775598706618, 0.6469131217679824, 0.6650596619462665, 0.6805943423129014, 0.6940690157367846, 0.7058871857499003, 0.7163512479342016, 0.7256926438973277, 0.7340917583608131, 0.7416914291201078, 0.8171956450686716, 0.9048691297962012, 0.9396190161637923, 0.9570754405226386, 0.9672007143477696, 0.9736763206655954, 0.9781214082735012, 0.9813399533820018, 0.9837689580011107, 0.9856633085356096, 0.987180346385655, 0.9884218424485018, 0.9894562532911072, 0.9903311871891994, 0.9910807174967844, 0.9917298467779222, 0.9922973271377282, 0.9922973397729048, 0.9922973397729048, 0.9922973397729048, 0.9922973397729048, 0.9922973397729048, 0.9922973397729048, 0.9924694862604041, 0.9924694946295742, 0.9924694946295742, 0.9924694946295742, 1.0], "temperatures": [2000.0, 2000.0, 1990.0, 1980.0, 1970.0, 1960.0, 1950.0, 1940.0, 1930.0, 1920.0, 1910.0, 1900.0, 1890.0, 1880.0, 1870.0, 1860.0, 1850.0, 1840.0, 1830.0, 1820.0, 1810.0, 1800.0, 1790.0, 1780.0, 1770.0, 1760.0, 1750.0, 1740.0, 1730.0, 1720.0, 1710.0, 1700.0, 1690.0, 1680.0, 1670.0, 1660.0, 1650.0, 1640.0, 1630.0, 1620.0, 1610.0, 1600.0, 1590.0, 1580.0, 1570.0, 1560.0, 1550.0, 1540.0, 1530.0, 1520.0, 1510.0, 1500.0, 1490.0, 1480.0, 1470.0, 1460.0, 1450.0, 1440.0, 1430.0, 1420.0, 1410.0, 1400.0, 1390.0, 1380.0, 1380.0, 1380.0, 1380.0, 1380.0, 1380.0, 1380.0, 1376.651020233196, 1376.651020233196, 1376.651020233196, 1376.651020233196, 1374.712953238518], "phase_amounts": {"A1": [0.0, 0.0, 0.0, 0.0, 0.0, 0.0, 0.0, 0.0, 0.0, 0.0, 0.0, 0.0, 0.0, 0.0, 0.0, 0.0, 0.0, 0.0, 0.0, 0.0, 0.0, 0.0, 0.0, 0.0, 0.0, 0.0, 0.0, 0.0, 0.0, 0.0, 0.0, 0.0, 0.0, 0.0, 0.0, 0.0, 0.0, 0.0, 0.0, 0.0, 0.0, 0.0, 0.0, 0.0, 0.0, 0.0, 0.0, 0.0, 0.0, 0.0, 0.0, 0.0, 0.0, 0.0, 0.0, 0.0, 0.0, 0.0, 0.0, 0.0, 0.0, 0.0, 0.0, 0.0, 0.0, 0.0, 0.0, 0.0, 0.0, 0.0, 0.0, 0.0, 0.0, 0.0, 0.0], "A2": [0.0, 0.0, 0.0, 0.0, 0.0, 0.0, 0.0, 0.0, 0.0, 0.0, 0.0, 0.0, 0.0, 0.0, 0.0, 0.0, 0.0, 0.0, 0.0, 0.0, 0.0, 0.0, 0.0, 0.0, 0.0, 0.0, 0.0, 0.0, 0.0, 0.0, 0.0, 0.0, 0.0, 0.0, 0.0, 0.0, 0.0, 0.0, 0.0, 0.0, 0.0, 0.0, 0.0, 0.0, 0.0, 0.0, 0.0, 0.0, 0.0, 0.0, 0.0, 0.0, 0.0, 0.0, 0.0, 0.0, 0.0, 0.0, 0.0, 0.0, 0.0, 0.0, 0.0, 0.0, 0.0, 0.0, 0.0, 0.0, 0.0, 0.0, 0.0, 0.0, 0.0, 0.0, 0.0], "A3": [0.0, 0.0, 0.0, 0.0, 0.0, 0.0, 0.0, 0.0, 0.0, 0.0, 0.0, 0.0, 0.0, 0.0, 0.0, 0.0, 0.0, 0.0, 0.0, 0.0, 0.0, 0.0, 0.0, 0.0, 0.0, 0.0, 0.0, 0.0, 0.0, 0.0, 0.0, 0.0, 0.0, 0.0, 0.0, 0.0, 0.0, 0.0, 0.0, 0.0, 0.0, 0.0, 0.0, 0.0, 0.0, 0.0, 0.0, 0.0, 0.0, 0.0, 0.0, 0.0, 0.0, 0.0, 0.0, 0.0, 0.0, 0.0, 0.0, 0.0, 0.0, 0.0, 0.0, 0.0, 0.0, 0.0, 0.0, 0.0, 0.0, 0.0, 0.0, 0.0, 0.0, 0.0, 0.0], "BCC2": [0.0, 0.0, 0.0, 0.0, 0.0, 0.0, 0.0, 0.0, 0.0, 0.0, 0.0, 0.0, 0.0, 0.0, 0.0, 0.0, 0.0, 0.0, 0.0, 0.0, 0.0, 0.0, 0.0, 0.0, 0.0, 0.0, 0.0, 0.0, 0.0, 0.0, 0.0, 0.0, 0.0, 0.0, 0.0, 0.0, 0.0, 0.0, 0.0, 0.0, 0.0, 0.0, 0.0, 0.0, 0.0, 0.0, 0.0, 0.07026787270055583, 0.08386484197009118, 0.03234997952461998, 0.01586851451002583, 0.009026502857580524, 0.005685271776003062, 0.0038576067492961507, 0.0027695958805608297, 0.0020778519983653816, 0.0016142689480148013, 0.0012899255778467417, 0.0010547379981035207, 0.0008789893058335779, 0.0007442553851899246, 0.0006386758529760383, 0.0005543628305467623, 0.0004859185628765613, 0.0, 0.0, 0.0, 0.0, 0.0, 0.0, 0.00014699056087037624, 8.369170179798312e-09, 0.0, 0.0, 0.004560890685255139], "C14": [0.0, 0.0, 0.0, 0.0, 0.0, 0.0, 0.0, 0.0, 0.0, 0.0, 0.0, 0.0, 0.0, 0.0, 0.0, 0.0, 0.0, 0.0, 0.0, 0.0, 0.0, 0.0, 0.0, 0.0, 0.0, 0.0, 0.0, 0.0, 0.0, 0.0, 0.050326654605500426, 0.22051588582845716, 0.12142957295145866, 0.07821065841582481, 0.05518586524743956, 0.04134145645116449, 0.0323090534465574, 0.026058412924259224, 0.021535561897320667, 0.018146540178284133, 0.015534680366634865, 0.013474673423883223, 0.011818170013115737, 0.01046406218430134, 0.009341395963126055, 0.008399114463485421, 0.00759967075929469, 0.005236343248008082, 0.003808642757438417, 0.002399906842971243, 0.0015879098488205427, 0.0010987709675504289, 0.0007903345418227487, 0.000587480858609767, 0.0004489492279396518, 0.0003511526207435989, 0.0002800815864840233, 0.00022711227219857143, 0.00018675806474337971, 0.00015542153677167847, 0.000130678512902265, 0.00011085445460885643, 9.476645059108806e-05, 8.15617969293853e-05, 1.2635176523231105e-08, 0.0, 0.0, 0.0, 0.0, 0.0, 2.5155926628858194e-05, 0.0, 0.0, 0.0, 2.9393790098357245e-05],