{"x_liquid": {"NI": [0.10132253408860277, 0.10132253408860278, 0.10132253408860278, 0.1013225340886028, 0.1013225340886028, 0.10132253408860281, 0.10132253408860283, 0.10132253408860283, 0.10132253408860283, 0.10132253408860283, 0.10132253408860283, 0.10132253408860284, 0.10132253408860284, 0.10132253408860284, 0.10132253408860285, 0.10132253408860287, 0.10132253408860288, 0.10132253408860288, 0.10132253408860288, 0.10132253408860287, 0.10132253408860287, 0.10132253408860285, 0.10132253408860288, 0.10132253408860287, 0.10132253408860287, 0.10132253408860288, 0.10132253408860287, 0.10132253408860287, 0.10132253408860285, 0.10132253408860288, 0.10132253408860288, 0.10132253408860288, 0.10132253408860287, 0.10132253408860288, 0.10132253408860291, 0.10132253408860292, 0.10132253408860292, 0.10132253408860294, 0.10132253408860294, 0.10132253408860292, 0.10132253408860291, 0.10132253408860292, 0.1013225340886029, 0.1013225340886029, 0.10132253408860291, 0.10132253408860292, 0.10132253408860291, 0.10132253408860292, 0.10132253408860292, 0.10132253408860291, 0.10132253408860291, 0.10132253408860292, 0.10132253408860291, 0.10132253408860292, 0.10132253408860292, 0.10132253408860291, 0.10132253408860291, 0.10132253408860294, 0.10132253408860292, 0.10132253408860292, 0.10132253408860291, 0.10132253408860294, 0.10132253408860295, 0.10132253408860294, 0.10132253408860291, 0.1013225340886029, 0.10132253408860291, 0.10132253408860292, 0.10081536698782465, 0.10030398964106181, 0.09871281278075092, 0.104004742390805, 0.12799673348476404, 0.15021181471800388, 0.17059339009105126, 0.18916022228957163, 0.20602266215340329, 0.2213488078482691, 0.22134887616734378, 0.23308398636781716, 0.23308403718267737, 0.23308412976335843, 0.24074071093992092, 0.24074074674257115, 0.24074078538766125, 0.24584122227705296, NaN], "TI": [0.709378702403636, 0.709378702403636, 0.7093787024036359, 0.7093787024036359, 0.7093787024036358, 0.7093787024036358, 0.7093787024036358, 0.7093787024036357, 0.7093787024036357, 0.7093787024036357, 0.7093787024036357, 0.7093787024036357, 0.7093787024036355, 0.7093787024036354, 0.7093787024036354, 0.7093787024036354, 0.7093787024036354, 0.7093787024036354, 0.7093787024036353, 0.7093787024036352, 0.7093787024036351, 0.7093787024036351, 0.7093787024036351, 0.709378702403635, 0.709378702403635, 0.709378702403635, 0.7093787024036349, 0.7093787024036349, 0.7093787024036348, 0.7093787024036348, 0.7093787024036348, 0.7093787024036348, 0.7093787024036347, 0.7093787024036348, 0.7093787024036349, 0.7093787024036349, 0.709378702403635, 0.709378702403635, 0.709378702403635, 0.7093787024036351, 0.7093787024036351, 0.7093787024036352, 0.7093787024036351, 0.7093787024036351, 0.7093787024036351, 0.7093787024036352, 0.7093787024036353, 0.7093787024036353, 0.7093787024036354, 0.7093787024036355, 0.7093787024036355, 0.7093787024036354, 0.7093787024036354, 0.7093787024036355, 0.7093787024036354, 0.7093787024036354, 0.7093787024036354, 0.7093787024036355, 0.7093787024036354, 0.7093787024036357, 0.7093787024036355, 0.7093787024036355, 0.7093787024036354, 0.7093787024036353, 0.7093787024036353, 0.7093787024036353, 0.7093787024036353, 0.7093787024036354, 0.7137927682701377, 0.718043801578373, 0.727213849095235, 0.7354425174387629, 0.7388072103925625, 0.7411541630866171, 0.742777526939293, 0.7438951941127522, 0.7446564638384109, 0.7451539690924318, 0.7451539721731989, 0.7454046950222464, 0.7454046983225803, 0.7454046850997051, 0.7455001103271174, 0.745500114722701, 0.745500107130414, 0.7455300548500085, NaN]}, "fraction_solid": [0.0, 0.0, 0.0, 0.0, 0.0, 0.0, 0.0, 0.0, 0.0, 0.0, 0.0, 0.0, 0.0, 0.0, 0.0, 0.0, 0.0, 0.0, 0.0, 0.0, 0.0, 0.0, 0.0, 0.0, 0.0, 0.0, 0.0, 0.0, 0.0, 0.0, 0.0, 0.0, 0.0, 0.0, 0.0, 0.0, 0.0, 0.0, 0.0, 0.0, 0.0, 0.0, 0.0, 0.0, 0.0, 0.0, 0.0, 0.0, 0.0, 0.0, 0.0, 0.0, 0.0, 0.0, 0.0, 0.0, 0.0, 0.0, 0.0, 0.0, 0.0, 0.0, 0.0, 0.0, 0.0, 0.0, 0.0, 0.0, 0.024640639318119995, 0.047538772605288326, 0.1917233863322729, 0.497176010485586, 0.8583204107650344, 0.9488149963180235, 0.979124892053276, 0.9911570394922122, 0.9964293672138748, 0.9988208180798397, 0.998820822513215, 0.9996547548996413, 0.9996547562894611, 0.9996547583473275, 0.9998906190733299, 0.9998906195542006, 0.999890619929264, 0.9999662889988328, 1.0], "temperatures": [2000.0, 2000.0, 1990.0, 1980.0, 1970.0, 1960.0, 1950.0, 1940.0, 1930.0, 1920.0, 1910.0, 1900.0, 1890.0, 1880.0, 1870.0, 1860.0, 1850.0, 1840.0, 1830.0, 1820.0, 1810.0, 1800.0, 1790.0, 1780.0, 1770.0, 1760.0, 1750.0, 1740.0, 1730.0, 1720.0, 1710.0, 1700.0, 1690.0, 1680.0, 1670.0, 1660.0, 1650.0, 1640.0, 1630.0, 1620.0, 1610.0, 1600.0, 1590.0, 1580.0, 1570.0, 1560.0, 1550.0, 1540.0, 1530.0, 1520.0, 1510.0, 1500.0, 1490.0, 1480.0, 1470.0, 1460.0, 1450.0, 1440.0, 1430.0, 1420.0, 1410.0, 1400.0, 1390.0, 1380.0, 1370.0, 1360.0, 1350.0, 1340.0, 1330.0, 1320.0, 1310.0, 1300.0, 1290.0, 1280.0, 1270.0, 1260.0, 1250.0, 1240.0, 1240.0, 1231.6666666666667, 1231.6666666666667, 1231.6666666666667, 1225.8796296296298, 1225.8796296296298, 1225.8796296296298, 1221.8608539094653, 1221.8608539094653], "phase_amounts": {"A1": [0.0, 0.0, 0.0, 0.0, 0.0, 0.0, 0.0, 0.0, 0.0, 0.0, 0.0, 0.0, 0.0, 0.0, 0.0, 0.0, 0.0, 0.0, 0.0, 0.0, 0.0, 0.0, 0.0, 0.0, 0.0, 0.0, 0.0, 0.0, 0.0, 0.0, 0.0, 0.0, 0.0, 0.0, 0.0, 0.0, 0.0, 0.0, 0.0, 0.0, 0.0, 0.0, 0.0, 0.0, 0.0, 0.0, 0.0, 0.0, 0.0, 0.0, 0.0, 0.0, 0.0, 0.0, 0.0, 0.0, 0.0, 0.0, 0.0, 0.0, 0.0, 0.0, 0.0, 0.0, 0.0, 0.0, 0.0, 0.0, 0.0, 0.0, 0.0, 0.0, 0.0, 0.0, 0.0, 0.0, 0.0, 0.0, 0.0, 0.0, 0.0, 0.0, 0.0, 0.0, 0.0, 0.0, 0.0], "A2": [0.0, 0.0, 0.0, 0.0, 0.0, 0.0, 0.0, 0.0, 0.0, 0.0, 0.0, 0.0, 0.0, 0.0, 0.0, 0.0, 0.0, 0.0, 0.0, 0.0, 0.0, 0.0, 0.0, 0.0, 0.0, 0.0, 0.0, 0.0, 0.0, 0.0, 0.0, 0.0, 0.0, 0.0, 0.0, 0.0, 0.0, 0.0, 0.0, 0.0, 0.0, 0.0, 0.0, 0.0, 0.0, 0.0, 0.0, 0.0, 0.0, 0.0, 0.0, 0.0, 0.0, 0.0, 0.0, 0.0, 0.0, 0.0, 0.0, 0.0, 0.0, 0.0, 0.0, 0.0, 0.0, 0.0, 0.0, 0.0, 0.0, 0.0, 0.0, 0.11950269107860102, 0.21410327969096696, 0.04974675383732638, 0.01571801270421413, 0.0059581713480100565, 0.002527585039844618, 0.00113680798510174, 1.6878250041579053e-09, 0.0003895827394980721, 5.105753565469272e-10, 7.855175475537231e-10, 0.00010621914244115701, 1.720807516312001e-10, 1.3976825066552226e-10, 3.3627468510140516e-05, 1.0364005275988972e-05], "A3": [0.0, 0.0, 0.0, 0.0, 0.0, 0.0, 0.0, 0.0, 0.0, 0.0, 0.0, 0.0, 0.0, 0.0, 0.0, 0.0, 0.0, 0.0, 0.0, 0.0, 0.0, 0.0, 0.0, 0.0, 0.0, 0.0, 0.0, 0.0, 0.0, 0.0, 0.0, 0.0, 0.0, 0.0, 0.0, 0.0, 0.0, 0.0, 0.0, 0.0, 0.0, 0.0, 0.0, 0.0, 0.0, 0.0, 0.0, 0.0, 0.0, 0.0, 0.0, 0.0, 0.0, 0.0, 0.0, 0.0, 0.0, 0.0, 0.0, 0.0, 0.0, 0.0, 0.0, 0.0, 0.0, 0.0, 0.0, 0.0, 0.0, 0.0, 0.0, 0.0, 0.0, 0.0, 0.0, 0.0, 0.0, 0.0, 0.0, 0.0, 0.0, 0.0, 0.0, 0.0, 0.0, 0.0, 0.0], "BCC2": [0.0, 0.0, 0.0, 0.0, 0.0, 0.0, 0.0, 0.0, 0.0, 0.0, 0.0, 0.0, 0.0, 0.0, 0.0, 0.0, 0.0, 0.0, 0.0, 0.0, 0.0, 0.0, 0.0, 0.0, 0.0, 0.0, 0.0, 0.0, 0.0, 0.0, 0.0, 0.0, 0.0, 0.0, 0.0, 0.0, 0.0, 0.0, 0.0, 0.0, 0.0, 0.0, 0.0, 0.0, 0.0, 0.0, 0.0, 0.0, 0.0, 0.0, 0.0, 0.0, 0.0, 0.0, 0.0, 0.0, 0.0, 0.0, 0.0, 0.0, 0.0, 0.0, 0.0, 0.0, 0.0, 0.0, 0.0, 0.0, 0.024640639318119995, 0.022898133287168332, 0.0, 0.0, 0.0, 0.0, 0.0, 0.0, 0.0, 0.0, 0.0, 0.0, 0.0, 0.0, 0.0, 0.0, 0.0, 0.0, 0.0], "C14": [0.0, 0.0, 0.0, 0.0, 0.0, 0.0, 0.0, 0.0, 0.0, 0.0, 0.0, 0.0, 0.0, 0.0, 0.0, 0.0, 0.0, 0.0, 0.0, 0.0, 0.0, 0.0, 0.0, 0.0, 0.0, 0.0, 0.0, 0.0, 0.0, 0.0, 0.0, 0.0, 0.0, 0.0, 0.0, 0.0, 0.0, 0.0, 0.0, 0.0, 0.0, 0.0, 0.0, 0.0, 0.0, 0.0, 0.0, 0.0, 0.0, 0.0, 0.0, 0.0, 0.0, 0.0, 0.0, 0.0, 0.0, 0.0, 0.0, 0.0, 0.0, 0.0, 0.0, 0.0, 0.0, 0.0, 0.0, 0.0, 0.0, 0.0, 0.0, 0.0, 0.0, 0.0, 0.0, 0.0, 0.0, 0.0, 0.0, 0.0, 0.0, 0.0, 0.0, 0.0, 0.0, 0.0, 0.0],