{"x_liquid": {"NI": [0.1631160164534118, 0.1631160164534118, 0.1631160164534118, 0.1631160164534118, 0.1631160164534118, 0.1631160164534118, 0.16311601645341178, 0.16311601645341176, 0.16311601645341176, 0.16311601645341176, 0.16311601645341176, 0.16311601645341176, 0.16311601645341176, 0.16311601645341176, 0.16311601645341176, 0.16311601645341173, 0.16311601645341173, 0.16311601645341176, 0.16311601645341176, 0.16311601645341178, 0.16311601645341176, 0.16311601645341176, 0.16311601645341173, 0.1631160164534117, 0.1631160164534117, 0.1631160164534117, 0.16311601645341167, 0.16311601645341164, 0.16311601645341162, 0.1631160164534116, 0.16311601645341156, 0.16311601645341156, 0.16311601645341153, 0.16311601645341153, 0.16311601645341156, 0.16311601645341153, 0.16311601645341153, 0.16311601645341153, 0.16311601645341156, 0.16311601645341156, 0.16311601645341156, 0.16311601645341153, 0.16311601645341153, 0.16311601645341153, 0.16311601645341153, 0.1631160164534116, 0.1677732505458308, 0.17064005582905908, 0.17237540140231275, 0.17342812509643998, 0.17403256545009088, 0.17432575509786508, 0.17439418556296957, 0.17429554626419735, 0.1740699617694048, 0.17374627506179122, 0.17334578042500595, 0.17288455098751823, 0.17237494851699883, 0.17182663563886888, 0.1712472737971011, 0.17064301638195287, 0.17001886471140806, 0.1693789300546131, 0.16872663002477536, 0.16806483839806036, 0.1673960014957751, 0.16672223042356007, 0.1660453759483699, 0.16536709117552964, 0.1656195276096343, 0.16395239592048627, 0.16135186707424032, 0.15828916897155237, 0.1705933900910436, 0.1891602222895794, 0.2060226621534069, 0.22134880784827143, 0.22134887616734383, 0.23308398636781344, 0.23308403718268828, 0.23308408946253625, 0.24074071093992566, 0.24074074674258142, 0.24074078538766788, 0.24584122227705324, NaN], "TI": [0.5321377540855173, 0.5321377540855174, 0.5321377540855174, 0.5321377540855174, 0.5321377540855174, 0.5321377540855176, 0.5321377540855176, 0.5321377540855176, 0.5321377540855176, 0.5321377540855176, 0.5321377540855176, 0.5321377540855176, 0.5321377540855176, 0.5321377540855176, 0.5321377540855176, 0.5321377540855176, 0.5321377540855177, 0.5321377540855178, 0.5321377540855178, 0.5321377540855178, 0.5321377540855177, 0.5321377540855177, 0.5321377540855177, 0.5321377540855177, 0.5321377540855178, 0.5321377540855178, 0.5321377540855177, 0.5321377540855177, 0.5321377540855177, 0.5321377540855177, 0.5321377540855176, 0.5321377540855177, 0.5321377540855177, 0.5321377540855177, 0.5321377540855177, 0.5321377540855177, 0.5321377540855177, 0.5321377540855177, 0.5321377540855178, 0.5321377540855177, 0.5321377540855178, 0.5321377540855177, 0.5321377540855177, 0.5321377540855177, 0.5321377540855177, 0.5321377540855178, 0.5478190164517339, 0.56158126780224, 0.5734025121720104, 0.5838810913854291, 0.5933590076930425, 0.6020538220474276, 0.6101142118960257, 0.6176471604671998, 0.62473271399305, 0.6314326266096589, 0.6377957315453682, 0.6438614383890947, 0.6496620989889349, 0.6552246597542826, 0.6605718470960549, 0.665723037789486, 0.6706949109364378, 0.6755019449826244, 0.6801568025481549, 0.6846706325599612, 0.689053310451825, 0.693313631334834, 0.6974594670286633, 0.7014978950554354, 0.7082185946913824, 0.7197645202856279, 0.7298516387314458, 0.7389191296651025, 0.7427775269392934, 0.7438951941127517, 0.7446564638384112, 0.7451539690924321, 0.7451539721732, 0.7454046950222456, 0.74540469832258, 0.7454046883899228, 0.7455001103271178, 0.7455001147226982, 0.7455001071304151, 0.7455300548500089, NaN]}, "fraction_solid": [0.0, 0.0, 0.0, 0.0, 0.0, 0.0, 0.0, 0.0, 0.0, 0.0, 0.0, 0.0, 0.0, 0.0, 0.0, 0.0, 0.0, 0.0, 0.0, 0.0, 0.0, 0.0, 0.0, 0.0, 0.0, 0.0, 0.0, 0.0, 0.0, 0.0, 0.0, 0.0, 0.0, 0.0, 0.0, 0.0, 0.0, 0.0, 0.0, 0.0, 0.0, 0.0, 0.0, 0.0, 0.0, 0.0, 0.3016414735338112, 0.45487461521970785, 0.5443804080884793, 0.6038748070893666, 0.6466743675239045, 0.6791571680755812, 0.7047830616351657, 0.7256009129228914, 0.7429059830372885, 0.7575597116491937, 0.7701587217472408, 0.7811301704086844, 0.7907884695164024, 0.7993705384146599, 0.8070585378105685, 0.8139950004319265, 0.8202931800143678, 0.8260443008403386, 0.8313227444324247, 0.836189830991854, 0.8406966236601722, 0.8448860408412477, 0.8487944707628928, 0.8524530232019262, 0.8762732429854337, 0.9031640594704418, 0.9186265743230049, 0.9288449241275021, 0.9607338711734935, 0.9833663697743563, 0.9932836310437354, 0.9977819559398187, 0.9977819642790082, 0.9993505931264158, 0.999350595740671, 0.9993505978121948, 0.9997942552433571, 0.9997942561478714, 0.9997942568533632, 0.9999365898430147, 1.0], "temperatures": [2000.0, 2000.0, 1990.0, 1980.0, 1970.0, 1960.0, 1950.0, 1940.0, 1930.0, 1920.0, 1910.0, 1900.0, 1890.0, 1880.0, 1870.0, 1860.0, 1850.0, 1840.0, 1830.0, 1820.0, 1810.0, 1800.0, 1790.0, 1780.0, 1770.0, 1760.0, 1750.0, 1740.0, 1730.0, 1720.0, 1710.0, 1700.0, 1690.0, 1680.0, 1670.0, 1660.0, 1650.0, 1640.0, 1630.0, 1620.0, 1610.0, 1600.0, 1590.0, 1580.0, 1570.0, 1560.0, 1550.0, 1540.0, 1530.0, 1520.0, 1510.0, 1500.0, 1490.0, 1480.0, 1470.0, 1460.0, 1450.0, 1440.0, 1430.0, 1420.0, 1410.0, 1400.0, 1390.0, 1380.0, 1370.0, 1360.0, 1350.0, 1340.0, 1330.0, 1320.0, 1310.0, 1300.0, 1290.0, 1280.0, 1270.0, 1260.0, 1250.0, 1240.0, 1240.0, 1231.6666666666667, 1231.6666666666667, 1231.6666666666667, 1225.8796296296298, 1225.8796296296298, 1225.8796296296298, 1221.8608539094653, 1221.8608539094653], "phase_amounts": {"A1": [0.0, 0.0, 0.0, 0.0, 0.0, 0.0, 0.0, 0.0, 0.0, 0.0, 0.0, 0.0, 0.0, 0.0, 0.0, 0.0, 0.0, 0.0, 0.0, 0.0, 0.0, 0.0, 0.0, 0.0, 0.0, 0.0, 0.0, 0.0, 0.0, 0.0, 0.0, 0.0, 0.0, 0.0, 0.0, 0.0, 0.0, 0.0, 0.0, 0.0, 0.0, 0.0, 0.0, 0.0, 0.0, 0.0, 0.0, 0.0, 0.0, 0.0, 0.0, 0.0, 0.0, 0.0, 0.0, 0.0, 0.0, 0.0, 0.0, 0.0, 0.0, 0.0, 0.0, 0.0, 0.0, 0.0, 0.0, 0.0, 0.0, 0.0, 0.0, 0.0, 0.0, 0.0, 0.0, 0.0, 0.0, 0.0, 0.0, 0.0, 0.0, 0.0, 0.0, 0.0, 0.0, 0.0, 0.0], "A2": [0.0, 0.0, 0.0, 0.0, 0.0, 0.0, 0.0, 0.0, 0.0, 0.0, 0.0, 0.0, 0.0, 0.0, 0.0, 0.0, 0.0, 0.0, 0.0, 0.0, 0.0, 0.0, 0.0, 0.0, 0.0, 0.0, 0.0, 0.0, 0.0, 0.0, 0.0, 0.0, 0.0, 0.0, 0.0, 0.0, 0.0, 0.0, 0.0, 0.0, 0.0, 0.0, 0.0, 0.0, 0.0, 0.0, 0.0, 0.0, 0.0, 0.0, 0.0, 0.0, 0.0, 0.0, 0.0, 0.0, 0.0, 0.0, 0.0, 0.0, 0.0, 0.0, 0.0, 0.0, 0.0, 0.0, 0.0, 0.0, 0.0, 0.0, 0.0, 0.0, 0.0, 0.0, 0.014411378619683717, 0.011207334798873023, 0.004754393608295551, 0.002138338585261352, 3.17480286669975e-09, 0.000732806080655437, 9.603937583167293e-10, 7.994872853065199e-10, 0.00019979998664683556, 3.23682709151134e-10, 2.629030983047449e-10, 6.325303264242702e-05, 1.9494621304364205e-05], "A3": [0.0, 0.0, 0.0, 0.0, 0.0, 0.0, 0.0, 0.0, 0.0, 0.0, 0.0, 0.0, 0.0, 0.0, 0.0, 0.0, 0.0, 0.0, 0.0, 0.0, 0.0, 0.0, 0.0, 0.0, 0.0, 0.0, 0.0, 0.0, 0.0, 0.0, 0.0, 0.0, 0.0, 0.0, 0.0, 0.0, 0.0, 0.0, 0.0, 0.0, 0.0, 0.0, 0.0, 0.0, 0.0, 0.0, 0.0, 0.0, 0.0, 0.0, 0.0, 0.0, 0.0, 0.0, 0.0, 0.0, 0.0, 0.0, 0.0, 0.0, 0.0, 0.0, 0.0, 0.0, 0.0, 0.0, 0.0, 0.0, 0.0, 0.0, 0.0, 0.0, 0.0, 0.0, 0.0, 0.0, 0.0, 0.0, 0.0, 0.0, 0.0, 0.0, 0.0, 0.0, 0.0, 0.0, 0.0], "BCC2": [0.0, 0.0, 0.0, 0.0, 0.0, 0.0, 0.0, 0.0, 0.0, 0.0, 0.0, 0.0, 0.0, 0.0, 0.0, 0.0, 0.0, 0.0, 0.0, 0.0, 0.0, 0.0, 0.0, 0.0, 0.0, 0.0, 0.0, 0.0, 0.0, 0.0, 0.0, 0.0, 0.0, 0.0, 0.0, 0.0, 0.0, 0.0, 0.0, 0.0, 0.0, 0.0, 0.0, 0.0, 0.0, 0.0, 0.3016414735338112, 0.15323314168589663, 0.08950579286877143, 0.0594943990008873, 0.04279956043453794, 0.032482800551676724, 0.02562589355958448, 0.02081785128772574, 0.01730507011439711, 0.014653728611905158, 0.01259901009804704, 0.010971448661443646, 0.00965829910771798, 0.00858206889825754, 0.007687999395908633, 0.006936462621358039, 0.006298179582441264, 0.0057511208259708405, 0.005278443592086074, 0.004867086559429208, 0.004506792668318237, 0.004189417181075604, 0.00390842992164507, 0.003658552439033327, 0.0, 0.0, 0.0, 0.0, 0.0, 0.0, 0.0, 0.0, 0.0, 0.0, 0.0, 0.0, 0.0, 0.0, 0.0, 0.0, 0.0],