{"x_liquid": {"NI": [0.043185964747553846, 0.043185964747553846, 0.04318596474755384, 0.04318596474755383, 0.043185964747553825, 0.043185964747553825, 0.04318596474755382, 0.04318596474755381, 0.043185964747553804, 0.0431859647475538, 0.0431859647475538, 0.043185964747553804, 0.0431859647475538, 0.0431859647475538, 0.043185964747553804, 0.0431859647475538, 0.043185964747553804, 0.043185964747553804, 0.043185964747553804, 0.04318596474755381, 0.04318596474755382, 0.04318596474755381, 0.043185964747553804, 0.043185964747553804, 0.043185964747553804, 0.043185964747553804, 0.043185964747553804, 0.0431859647475538, 0.043185964747553804, 0.0431859647475538, 0.0431859647475538, 0.0431859647475538, 0.0431859647475538, 0.043185964747553804, 0.04396884787989249, 0.04571213216801696, 0.04746416890545151, 0.04922595342224881, 0.05099855155791371, 0.05278310355787998, 0.05458082857571167, 0.056393029768400986, 0.05822109998331171, 0.06006652804087356, 0.061930905622087945, 0.06381593477194637, 0.06572343603050318, 0.06765535720053634, 0.0696137827567222, 0.07160094389181268, 0.07361922918399898, 0.07567119585241747, 0.07775958154428098, 0.07988731656783495, 0.0820575364459377, 0.0842735946159999, 0.08653907504094875, 0.08885780441963757, 0.09123386359240315, 0.09367159762671973, 0.09617562393496158, 0.09875083762279506, 0.10140241308930002, 0.10413580070119888, 0.1069567171470271, 0.109871127846619, 0.11288521956077502, 0.11600536112499056, 0.11923805004787988, 0.12258984259145587, 0.12606726492563325, 0.12967670307036747, 0.1334287925529753, 0.1502118147180164, 0.170593390091047, 0.1891602222895774, 0.20602266215340484, 0.22134880784826796, 0.22134887616734228, 0.2330839863678095, 0.23308403718267087, 0.2330840894625193, 0.2407407109399179, 0.2407407467425727, 0.24074078538766125, 0.24584122227704802, NaN], "TI": [0.8761306038604426, 0.8761306038604427, 0.8761306038604427, 0.8761306038604427, 0.8761306038604427, 0.8761306038604427, 0.8761306038604426, 0.8761306038604425, 0.8761306038604424, 0.8761306038604424, 0.8761306038604424, 0.8761306038604425, 0.8761306038604425, 0.8761306038604426, 0.8761306038604426, 0.8761306038604426, 0.8761306038604426, 0.8761306038604426, 0.8761306038604426, 0.8761306038604428, 0.8761306038604431, 0.8761306038604431, 0.8761306038604431, 0.8761306038604433, 0.8761306038604432, 0.8761306038604434, 0.8761306038604434, 0.8761306038604434, 0.8761306038604434, 0.8761306038604434, 0.8761306038604433, 0.8761306038604433, 0.8761306038604433, 0.8761306038604433, 0.8744441836003662, 0.8707377664014567, 0.867061207861991, 0.8634124852114782, 0.8597896470416261, 0.8561908042710796, 0.8526141221346338, 0.849057813098955, 0.845520130623112, 0.8419993637025568, 0.8384938321504402, 0.8350018825856176, 0.8315218851096348, 0.8280522306692427, 0.8245913291119426, 0.8211376079567658, 0.8176895119133516, 0.814245503195409, 0.8108040626883686, 0.8073636920426267, 0.803922916777922, 0.8004802904971059, 0.7970344003193416, 0.7935838736547716, 0.7901273864527212, 0.7866636730619027, 0.7831915378460387, 0.779709868696062, 0.7762176525733822, 0.7727139932035683, 0.7691981310142555, 0.7656694653764573, 0.7621275791585778, 0.7585722655432536, 0.7550035569795653, 0.7514217560550067, 0.7478274679695691, 0.7442216341758784, 0.7406012999097804, 0.7411541630866174, 0.7427775269392946, 0.7438951941127518, 0.744656463838411, 0.7451539690924315, 0.745153972173199, 0.7454046950222469, 0.7454046983225813, 0.7454046883899264, 0.7455001103271188, 0.7455001147227006, 0.7455001071304163, 0.7455300548500086, NaN]}, "fraction_solid": [0.0, 0.0, 0.0, 0.0, 0.0, 0.0, 0.0, 0.0, 0.0, 0.0, 0.0, 0.0, 0.0, 0.0, 0.0, 0.0, 0.0, 0.0, 0.0, 0.0, 0.0, 0.0, 0.0, 0.0, 0.0, 0.0, 0.0, 0.0, 0.0, 0.0, 0.0, 0.0, 0.0, 0.0, 0.024091315111975382, 0.07483940432688742, 0.12176785315321668, 0.1652966729800465, 0.20578742745589335, 0.24355295401599059, 0.2788652153124793, 0.3119616847313677, 0.3430505736918306, 0.3723151369654268, 0.39991723890426417, 0.4260003232465479, 0.4506918986120739, 0.4741056283801652, 0.49634309558985634, 0.5174952994481049, 0.5376439290650096, 0.5568624513924215, 0.5752170435016897, 0.5927673939090966, 0.6095673933092972, 0.6256657315983563, 0.6411064152735005, 0.6559292170409873, 0.6701700676484037, 0.6838613985019786, 0.697032442452727, 0.7097094992041684, 0.7219161710462708, 0.7336735740290373, 0.7450005292212194, 0.7559137383135517, 0.766427947507994, 0.776556103330224, 0.7863095037095255, 0.795697947331179, 0.8047298838659652, 0.8134125672019354, 0.8217620263475807, 0.9090112035276764, 0.9628914562533741, 0.9842803501811708, 0.9936526803461236, 0.9979038324505348, 0.9979038403315049, 0.9993862765671591, 0.9993862790377662, 0.9993862809954647, 0.999805560452973, 0.9998055613077863, 0.9998055619745129, 0.9999400740879022, 1.0], "temperatures": [2000.0, 2000.0, 1990.0, 1980.0, 1970.0, 1960.0, 1950.0, 1940.0, 1930.0, 1920.0, 1910.0, 1900.0, 1890.0, 1880.0, 1870.0, 1860.0, 1850.0, 1840.0, 1830.0, 1820.0, 1810.0, 1800.0, 1790.0, 1780.0, 1770.0, 1760.0, 1750.0, 1740.0, 1730.0, 1720.0, 1710.0, 1700.0, 1690.0, 1680.0, 1670.0, 1660.0, 1650.0, 1640.0, 1630.0, 1620.0, 1610.0, 1600.0, 1590.0, 1580.0, 1570.0, 1560.0, 1550.0, 1540.0, 1530.0, 1520.0, 1510.0, 1500.0, 1490.0, 1480.0, 1470.0, 1460.0, 1450.0, 1440.0, 1430.0, 1420.0, 1410.0, 1400.0, 1390.0, 1380.0, 1370.0, 1360.0, 1350.0, 1340.0, 1330.0, 1320.0, 1310.0, 1300.0, 1290.0, 1280.0, 1270.0, 1260.0, 1250.0, 1240.0, 1240.0, 1231.6666666666667, 1231.6666666666667, 1231.6666666666667, 1225.8796296296298, 1225.8796296296298, 1225.8796296296298, 1221.8608539094653, 1221.8608539094653], "phase_amounts": {"A1": [0.0, 0.0, 0.0, 0.0, 0.0, 0.0, 0.0, 0.0, 0.0, 0.0, 0.0, 0.0, 0.0, 0.0, 0.0, 0.0, 0.0, 0.0, 0.0, 0.0, 0.0, 0.0, 0.0, 0.0, 0.0, 0.0, 0.0, 0.0, 0.0, 0.0, 0.0, 0.0, 0.0, 0.0, 0.0, 0.0, 0.0, 0.0, 0.0, 0.0, 0.0, 0.0, 0.0, 0.0, 0.0, 0.0, 0.0, 0.0, 0.0, 0.0, 0.0, 0.0, 0.0, 0.0, 0.0, 0.0, 0.0, 0.0, 0.0, 0.0, 0.0, 0.0, 0.0, 0.0, 0.0, 0.0, 0.0, 0.0, 0.0, 0.0, 0.0, 0.0, 0.0, 0.0, 0.0, 0.0, 0.0, 0.0, 0.0, 0.0, 0.0, 0.0, 0.0, 0.0, 0.0, 0.0, 0.0], "A2": [0.0, 0.0, 0.0, 0.0, 0.0, 0.0, 0.0, 0.0, 0.0, 0.0, 0.0, 0.0, 0.0, 0.0, 0.0, 0.0, 0.0, 0.0, 0.0, 0.0, 0.0, 0.0, 0.0, 0.0, 0.0, 0.0, 0.0, 0.0, 0.0, 0.0, 0.0, 0.0, 0.0, 0.0, 0.024091315111975382, 0.050748089214912036, 0.046928448826329267, 0.04352881982682981, 0.040490754475846866, 0.03776552656009724, 0.035312261296488706, 0.03309646941888839, 0.031088888960462902, 0.029264563273596167, 0.02760210193883737, 0.02608308434228372, 0.024691575365526037, 0.023413729768091234, 0.022237467209691157, 0.021152203858248533, 0.020148629616904657, 0.01921852232741196, 0.01835459210926816, 0.017550350407406937, 0.0167999994002006, 0.016098338289059065, 0.015440683675144274, 0.0148228017674867, 0.014240850607416446, 0.01369133085357488, 0.013171043950748381, 0.01267705675144135, 0.012206671842102418, 0.011757402982766497, 0.011326955192182051, 0.010913209092332291, 0.010514209194442329, 0.010128155822229909, 0.009753400379301459, 0.009388443621653532, 0.009031936534786194, 0.008682683335970179, 0.008349459145645194, 0.046160412878464646, 0.027941056090920072, 0.010591517068170745, 0.004493150419327152, 0.002020841710342449, 3.000354685399949e-09, 0.0006925400418757888, 9.076220604007441e-10, 7.555573049821839e-10, 0.00018882142871362622, 3.058970787331184e-10, 2.4845717449801605e-10, 5.977742138245539e-05, 1.8423435900584165e-05], "A3": [0.0, 0.0, 0.0, 0.0, 0.0, 0.0, 0.0, 0.0, 0.0, 0.0, 0.0, 0.0, 0.0, 0.0, 0.0, 0.0, 0.0, 0.0, 0.0, 0.0, 0.0, 0.0, 0.0, 0.0, 0.0, 0.0, 0.0, 0.0, 0.0, 0.0, 0.0, 0.0, 0.0, 0.0, 0.0, 0.0, 0.0, 0.0, 0.0, 0.0, 0.0, 0.0, 0.0, 0.0, 0.0, 0.0, 0.0, 0.0, 0.0, 0.0, 0.0, 0.0, 0.0, 0.0, 0.0, 0.0, 0.0, 0.0, 0.0, 0.0, 0.0, 0.0, 0.0, 0.0, 0.0, 0.0, 0.0, 0.0, 0.0, 0.0, 0.0, 0.0, 0.0, 0.0, 0.0, 0.0, 0.0, 0.0, 0.0, 0.0, 0.0, 0.0, 0.0, 0.0, 0.0, 0.0, 0.0],