{"x_liquid": {"NI": [0.012350462563372466, 0.012350462563372466, 0.01235046256337247, 0.01235046256337247, 0.01235046256337247, 0.01235046256337247, 0.01235046256337247, 0.01235046256337247, 0.01235046256337247, 0.01235046256337247, 0.012350462563372473, 0.012350462563372473, 0.012350462563372475, 0.012350462563372475, 0.013963705026410606, 0.01615164669583163, 0.018342222788945366, 0.02053306443066349, 0.02272319129364976, 0.024911464533544075, 0.027097643264662626, 0.029281684262732914, 0.03146372681535745, 0.03364407428250523, 0.035823142911473885, 0.03800143455568672, 0.040179517505802086, 0.04235801302337335, 0.04453758594229178, 0.04671891116735769, 0.04890278460620144, 0.05108995525262682, 0.05328123078015674, 0.05547745037567479, 0.05767948530182527, 0.05988824003689235, 0.06210465387739067, 0.06432970291775801, 0.06656440234359237, 0.06880980898747281, 0.07106702411065828, 0.07333719637774551, 0.07562152499867687, 0.0779212630136202, 0.08023772069736604, 0.08257226905843483, 0.08492634340587504, 0.08730144695153218, 0.08969915441101282, 0.09212111555694309, 0.09456905866993207, 0.0970447938202069, 0.09955021589826217, 0.10208730729673997, 0.10465814012537428, 0.1072648778176432, 0.10990977596200464, 0.11259518215955769, 0.11532353467593244, 0.11809735961764725, 0.12091926632041276, 0.12379194059274863, 0.12671813540997026, 0.1297006586048212, 0.13274235705414567, 0.13584609681603366, 0.13901473863821534, 0.14225110823439016, 0.1455579607270658, 0.14893793868378413, 0.15239352324432234, 0.15592697796322602, 0.1595446329453649, 0.16323948472517263, 0.17059339009104782, 0.18916022228957816, 0.20602266215340498, 0.22134880784827318, 0.22134887616734303, 0.23308398636780894, 0.2330840371826902, 0.23308408946252204, 0.24074071093992075, 0.24074074674257517, 0.24074060146809217, 0.24584122227705202, NaN], "TI": [0.9645754274864078, 0.9645754274864078, 0.964575427486408, 0.9645754274864081, 0.9645754274864081, 0.9645754274864081, 0.9645754274864081, 0.9645754274864081, 0.9645754274864081, 0.9645754274864081, 0.9645754274864083, 0.9645754274864083, 0.9645754274864085, 0.9645754274864086, 0.960940777584331, 0.9561513378481107, 0.9514751908620225, 0.9469018297996216, 0.942421216961833, 0.9380260736390247, 0.9337091096501663, 0.9294640517181036, 0.925285365089509, 0.9211680767428816, 0.9171077139503667, 0.9131002342146942, 0.9091419673084095, 0.905229566941355, 0.9013599701752963, 0.8975304131564077, 0.8937381916425633, 0.8899809338032392, 0.8862563885272194, 0.8825624538335727, 0.8788971603768062, 0.8752586570686853, 0.8716451985124526, 0.8680551339996759, 0.8644868978624801, 0.8609390010139614, 0.8574100235334381, 0.8538986081833545, 0.8504034547608996, 0.8469233152068245, 0.8434569894078658, 0.8400033216424697, 0.8365611976299234, 0.8331295421542436, 0.8297073172410627, 0.8262935208767432, 0.8228871862644855, 0.8194873816204797, 0.8160932105208489, 0.8127038128161205, 0.8093183661377426, 0.8059360880283073, 0.8025562387330564, 0.799178124698141, 0.7958011028275976, 0.7924245855566661, 0.78904804680589, 0.7856710288837595, 0.7822931504095312, 0.7789141153285725, 0.7755337230889684, 0.7721518800423637, 0.7687686121165885, 0.765384078788828, 0.7619985883535111, 0.7586126144357259, 0.7552268136403943, 0.7518420441463087, 0.7484553737157389, 0.7450761460291024, 0.7427775269392934, 0.7438951941127505, 0.7446564638384106, 0.7451539690924308, 0.7451539721732023, 0.7454046950222479, 0.7454046983225795, 0.745404688389923, 0.7455001103271173, 0.7455001147227002, 0.7455002855619073, 0.7455300548500089, NaN]}, "fraction_solid": [0.0, 0.0, 0.0, 0.0, 0.0, 0.0, 0.0, 0.0, 0.0, 0.0, 0.0, 0.0, 0.0, 0.0, 0.13518746260432957, 0.27318679396426704, 0.37612804906286895, 0.4556089542861881, 0.5186896131134247, 0.5698711560973899, 0.6121734645843578, 0.6476845239714287, 0.6778923912959389, 0.703885035440492, 0.7264751904407769, 0.7462815563898446, 0.763783006374287, 0.7793556786531683, 0.793298918505069, 0.8058536076195891, 0.8172163082169585, 0.8275481201610355, 0.836982741186922, 0.8456319086637784, 0.8535896982733014, 0.8609358556756693, 0.8677384047736391, 0.8740557086961777, 0.8799381124154058, 0.8854292624337815, 0.8905671749645112, 0.895385106573269, 0.8999122684522052, 0.9041744160001252, 0.9081943382787949, 0.9119922665494865, 0.915586217009781, 0.9189922797143308, 0.9222248632420759, 0.9252969027827465, 0.9282200378393061, 0.9310047645759347, 0.9336605669157807, 0.9361960297557285, 0.938618937072891, 0.9409363572204611, 0.9431547173249819, 0.9452798683820439, 0.9473171423909219, 0.9492714026585978, 0.9511470882297204, 0.9529482532569552, 0.9546786020073776, 0.9563415201025467, 0.9579401025089683, 0.959477178727219, 0.9609553355727338, 0.9623769378931633, 0.9637441475295695, 0.9650589407955227, 0.9663231247209088, 0.967538352284731, 0.9687075165772058, 0.969829190614668, 0.9750787760768647, 0.9894430534433476, 0.9957372896256443, 0.9985922632470494, 0.9985922685397233, 0.9995878377981865, 0.9995878394573885, 0.9995878407721321, 0.9998694189800587, 0.9998694195541311, 0.999869419837606, 0.9999597552057287, 1.0], "temperatures": [2000.0, 2000.0, 1990.0, 1980.0, 1970.0, 1960.0, 1950.0, 1940.0, 1930.0, 1920.0, 1910.0, 1900.0, 1890.0, 1880.0, 1870.0, 1860.0, 1850.0, 1840.0, 1830.0, 1820.0, 1810.0, 1800.0, 1790.0, 1780.0, 1770.0, 1760.0, 1750.0, 1740.0, 1730.0, 1720.0, 1710.0, 1700.0, 1690.0, 1680.0, 1670.0, 1660.0, 1650.0, 1640.0, 1630.0, 1620.0, 1610.0, 1600.0, 1590.0, 1580.0, 1570.0, 1560.0, 1550.0, 1540.0, 1530.0, 1520.0, 1510.0, 1500.0, 1490.0, 1480.0, 1470.0, 1460.0, 1450.0, 1440.0, 1430.0, 1420.0, 1410.0, 1400.0, 1390.0, 1380.0, 1370.0, 1360.0, 1350.0, 1340.0, 1330.0, 1320.0, 1310.0, 1300.0, 1290.0, 1280.0, 1270.0, 1260.0, 1250.0, 1240.0, 1240.0, 1231.6666666666667, 1231.6666666666667, 1231.6666666666667, 1225.8796296296298, 1225.8796296296298, 1225.8796296296298, 1221.8608539094653, 1221.8608539094653], "phase_amounts": {"A1": [0.0, 0.0, 0.0, 0.0, 0.0, 0.0, 0.0, 0.0, 0.0, 0.0, 0.0, 0.0, 0.0, 0.0, 0.0, 0.0, 0.0, 0.0, 0.0, 0.0, 0.0, 0.0, 0.0, 0.0, 0.0, 0.0, 0.0, 0.0, 0.0, 0.0, 0.0, 0.0, 0.0, 0.0, 0.0, 0.0, 0.0, 0.0, 0.0, 0.0, 0.0, 0.0, 0.0, 0.0, 0.0, 0.0, 0.0, 0.0, 0.0, 0.0, 0.0, 0.0, 0.0, 0.0, 0.0, 0.0, 0.0, 0.0, 0.0, 0.0, 0.0, 0.0, 0.0, 0.0, 0.0, 0.0, 0.0, 0.0, 0.0, 0.0, 0.0, 0.0, 0.0, 0.0, 0.0, 0.0, 0.0, 0.0, 0.0, 0.0, 0.0, 0.0, 0.0, 0.0, 0.0, 0.0, 0.0],