{"x_liquid": {"NI": [0.03693802642309204, 0.03693802642309204, 0.03693802642309203, 0.03693802642309203, 0.03693802642309203, 0.03693802642309203, 0.03693802642309203, 0.03693802642309203, 0.03693802642309203, 0.03693802642309203, 0.03693802642309203, 0.036938026423092025, 0.036938026423092025, 0.03693802642309202, 0.03693802642309202, 0.03693802642309202, 0.03693802642309202, 0.03693802642309202, 0.036938026423092025, 0.03693802642309202, 0.036938026423092025, 0.036938026423092025, 0.036938026423092025, 0.03693802642309202, 0.036938026423092025, 0.03693802642309202, 0.03693802642309202, 0.036938026423092025, 0.036938026423092025, 0.036938026423092025, 0.03871093208589355, 0.04049532950542675, 0.04228502738456075, 0.04408078131777699, 0.045883405405231024, 0.0476937732882959, 0.04951281995392225, 0.05134154422066759, 0.0531810118455524, 0.05503235920810931, 0.05689679754571755, 0.0587756177224464, 0.060670195524201546, 0.06258199747757388, 0.0645125871939492, 0.06646363224163998, 0.06843691154857687, 0.07043432333439661, 0.07245789356630442, 0.07450978492276952, 0.07659230623793409, 0.07870792238220964, 0.08085926451193104, 0.0830491405931152, 0.0852805460673553, 0.08755667448270411, 0.0898809278569388, 0.09225692647184382, 0.09468851771502104, 0.09717978348825053, 0.09973504558590322, 0.10235886831466619, 0.1050560574745369, 0.1078316546528111, 0.11069092560163409, 0.11363934127793927, 0.11668254993566396, 0.11982633848046738, 0.12307658115278819, 0.1264391735129342, 0.12991994969678008, 0.13352458103291842, 0.13726296127213947, 0.15021181471800443, 0.17059339009104882, 0.18916022228958476, 0.2060226621534138, 0.22134880784826966, 0.22134887616734286, 0.23308398636780958, 0.23308403718268011, 0.23308408946252374, 0.2407407109399163, 0.2407407467425682, 0.24074078538765253, 0.24584122227705127, NaN], "TI": [0.8940514342017891, 0.8940514342017892, 0.8940514342017891, 0.8940514342017892, 0.8940514342017893, 0.8940514342017893, 0.8940514342017893, 0.8940514342017893, 0.8940514342017893, 0.8940514342017893, 0.8940514342017893, 0.8940514342017893, 0.8940514342017893, 0.8940514342017893, 0.8940514342017895, 0.8940514342017892, 0.8940514342017892, 0.8940514342017892, 0.8940514342017892, 0.8940514342017892, 0.8940514342017893, 0.8940514342017893, 0.8940514342017893, 0.8940514342017893, 0.8940514342017893, 0.8940514342017893, 0.8940514342017892, 0.8940514342017892, 0.8940514342017892, 0.8940514342017892, 0.890192017626897, 0.8863581953754872, 0.8825624446772306, 0.8788023866480734, 0.8750757651471558, 0.8713804320915115, 0.8677143345083994, 0.8640755030947818, 0.8604620420927858, 0.8568721203281304, 0.8533039632809304, 0.8497558460882462, 0.846226087393821, 0.842713043980776, 0.8392151061379184, 0.8357306937252656, 0.8322582529168397, 0.8287962536124547, 0.8253431875199804, 0.8218975669238483, 0.8184579241647169, 0.8150228118675413, 0.8115908039673515, 0.8081604975922626, 0.8047305158760706, 0.8012995117839949, 0.7978661730455723, 0.7944292283000451, 0.7909874545687638, 0.7875396861761683, 0.7840848252468358, 0.7806218539067249, 0.7771498483142111, 0.7736679946380259, 0.7701756070821318, 0.7666721480343964, 0.7631572503792694, 0.7596307419709554, 0.7560926722016665, 0.7525433405265957, 0.7489833267167019, 0.7454135224981717, 0.741830935924122, 0.7411541630866166, 0.7427775269392933, 0.7438951941127512, 0.7446564638384101, 0.7451539690924318, 0.7451539721731996, 0.7454046950222476, 0.7454046983225824, 0.7454046883899267, 0.7455001103271179, 0.7455001147227022, 0.7455001071304196, 0.7455300548500093, NaN]}, "fraction_solid": [0.0, 0.0, 0.0, 0.0, 0.0, 0.0, 0.0, 0.0, 0.0, 0.0, 0.0, 0.0, 0.0, 0.0, 0.0, 0.0, 0.0, 0.0, 0.0, 0.0, 0.0, 0.0, 0.0, 0.0, 0.0, 0.0, 0.0, 0.0, 0.0, 0.0, 0.06007705305711869, 0.11482202077385875, 0.1647232413956406, 0.2103950813770186, 0.2523537028857277, 0.29103575935477843, 0.32681300054875345, 0.3600037893911821, 0.3908822626414608, 0.41968567632211407, 0.4466203399156827, 0.47186644404770645, 0.49558201369694843, 0.5179061651342309, 0.5389618045876742, 0.5588578763140097, 0.5776912447165353, 0.5955482774870213, 0.6125061831331385, 0.6286341456456187, 0.6439942907857688, 0.6586425119462932, 0.6726291783736033, 0.6859997444384285, 0.6987952753527559, 0.7110529020981092, 0.7228062162114895, 0.7340856133597159, 0.7449185932498514, 0.7553300223059254, 0.7653423646345845, 0.774975886075118, 0.7842488355388809, 0.7931776073676018, 0.8017768880584313, 0.8100597903835908, 0.8180379776701705, 0.8257217807611, 0.8331203099575206, 0.8402415640056888, 0.8470925379344852, 0.853679331261393, 0.8600147128276857, 0.9118442354495162, 0.9640468698107068, 0.984769798019421, 0.9938503108225719, 0.9979690988328976, 0.9979691064684855, 0.9994053854920363, 0.9994053878857189, 0.9994053897824621, 0.99981161453287, 0.9998116153610678, 0.999811616007035, 0.9999419399442331, 1.0], "temperatures": [2000.0, 2000.0, 1990.0, 1980.0, 1970.0, 1960.0, 1950.0, 1940.0, 1930.0, 1920.0, 1910.0, 1900.0, 1890.0, 1880.0, 1870.0, 1860.0, 1850.0, 1840.0, 1830.0, 1820.0, 1810.0, 1800.0, 1790.0, 1780.0, 1770.0, 1760.0, 1750.0, 1740.0, 1730.0, 1720.0, 1710.0, 1700.0, 1690.0, 1680.0, 1670.0, 1660.0, 1650.0, 1640.0, 1630.0, 1620.0, 1610.0, 1600.0, 1590.0, 1580.0, 1570.0, 1560.0, 1550.0, 1540.0, 1530.0, 1520.0, 1510.0, 1500.0, 1490.0, 1480.0, 1470.0, 1460.0, 1450.0, 1440.0, 1430.0, 1420.0, 1410.0, 1400.0, 1390.0, 1380.0, 1370.0, 1360.0, 1350.0, 1340.0, 1330.0, 1320.0, 1310.0, 1300.0, 1290.0, 1280.0, 1270.0, 1260.0, 1250.0, 1240.0, 1240.0, 1231.6666666666667, 1231.6666666666667, 1231.6666666666667, 1225.8796296296298, 1225.8796296296298, 1225.8796296296298, 1221.8608539094653, 1221.8608539094653], "phase_amounts": {"A1": [0.0, 0.0, 0.0, 0.0, 0.0, 0.0, 0.0, 0.0, 0.0, 0.0, 0.0, 0.0, 0.0, 0.0, 0.0, 0.0, 0.0, 0.0, 0.0, 0.0, 0.0, 0.0, 0.0, 0.0, 0.0, 0.0, 0.0, 0.0, 0.0, 0.0, 0.0, 0.0, 0.0, 0.0, 0.0, 0.0, 0.0, 0.0, 0.0, 0.0, 0.0, 0.0, 0.0, 0.0, 0.0, 0.0, 0.0, 0.0, 0.0, 0.0, 0.0, 0.0, 0.0, 0.0, 0.0, 0.0, 0.0, 0.0, 0.0, 0.0, 0.0, 0.0, 0.0, 0.0, 0.0, 0.0, 0.0, 0.0, 0.0, 0.0, 0.0, 0.0, 0.0, 0.0, 0.0, 0.0, 0.0, 0.0, 0.0, 0.0, 0.0, 0.0, 0.0, 0.0, 0.0, 0.0, 0.0], "A2": [0.0, 0.0, 0.0, 0.0, 0.0, 0.0, 0.0, 0.0, 0.0, 0.0, 0.0, 0.0, 0.0, 0.0, 0.0, 0.0, 0.0, 0.0, 0.0, 0.0, 0.0, 0.0, 0.0, 0.0, 0.0, 0.0, 0.0, 0.0, 0.0, 0.0, 0.06007705305711869, 0.05474496771674006, 0.04990122062178183, 0.045671839981378005, 0.041958621508709125, 0.03868205646905071, 0.035777241193975, 0.033190788842428674, 0.03087847325027871, 0.028803413680653252, 0.026934663593568605, 0.025246104132023748, 0.02371556964924201, 0.0223241514372825, 0.02105563945344323, 0.019896071726335507, 0.01883336840252561, 0.017857032770485955, 0.01695790564611722, 0.01612796251248013, 0.015360145140150099, 0.014648221160524399, 0.013986666427310094, 0.013370566064825251, 0.0127955309143274, 0.012257626745353346, 0.011753314113380323, 0.011279397148226308, 0.010832979890135512, 0.01041142905607399, 0.010012342328659078, 0.009633521440533584, 0.00927294946376287, 0.008928771828720865, 0.008599280690829509, 0.008282902325159495, 0.007978187286579681, 0.007683803090929558, 0.007398529196420537, 0.007121254048168187, 0.006850973928796402, 0.006586793326907658, 0.006335381566292753, 0.027176047946161658, 0.027071081908351287, 0.010261739039242277, 0.004353251453064705, 0.001957920677241143, 2.906935453348003e-09, 0.0006709770789408084, 8.793624495407724e-10, 7.320321450943819e-10, 0.0001829422748414342, 2.9637264615071104e-10, 2.407211791505288e-10, 5.7916188466677254e-05, 1.7849802837591845e-05], "A3": [0.0, 0.0, 0.0, 0.0, 0.0, 0.0, 0.0, 0.0, 0.0, 0.0, 0.0, 0.0, 0.0, 0.0, 0.0, 0.0, 0.0, 0.0, 0.0, 0.0, 0.0, 0.0, 0.0, 0.0, 0.0, 0.0, 0.0, 0.0, 0.0, 0.0, 0.0, 0.0, 0.0, 0.0, 0.0, 0.0, 0.0, 0.0, 0.0, 0.0, 0.0, 0.0, 0.0, 0.0, 0.0, 0.0, 0.0, 0.0, 0.0, 0.0, 0.0, 0.0, 0.0, 0.0, 0.0, 0.0, 0.0, 0.0, 0.0, 0.0, 0.0, 0.0, 0.0, 0.0, 0.0, 0.0, 0.0, 0.0, 0.0, 0.0, 0.0, 0.0, 0.0, 0.0, 0.0, 0.0, 0.0, 0.0, 0.0, 0.0, 0.0, 0.0, 0.0, 0.0, 0.0, 0.0, 0.0],