{"x_liquid": {"NI": [0.20651732965079278, 0.20651732965079278, 0.20651732965079278, 0.20651732965079278, 0.20651732965079278, 0.2065173296507928, 0.20651732965079284, 0.2065173296507928, 0.20651732965079284, 0.20651732965079284, 0.20651732965079284, 0.2065173296507928, 0.2065173296507928, 0.20651732965079284, 0.20651732965079286, 0.20651732965079286, 0.2065173296507929, 0.2065173296507929, 0.20651732965079295, 0.20651732965079292, 0.20651732965079295, 0.20651732965079295, 0.20651732965079292, 0.20651732965079295, 0.20651732965079292, 0.20651732965079295, 0.20651732965079297, 0.20651732965079292, 0.2065173296507929, 0.2065173296507929, 0.2065173296507929, 0.2065173296507929, 0.2065173296507929, 0.2077404316304983, 0.21193773517079856, 0.21574514950572837, 0.2192501170189763, 0.22251250602435294, 0.22557527978006411, 0.22847042374987261, 0.23122246441135616, 0.23385067106960894, 0.23637049383275685, 0.23879453672965723, 0.24113323625845387, 0.2450306711878456, 0.24503081668614474, 0.286113347600202, 0.3187374669779369, 0.3454745862619524, 0.3678904865967998, 0.38703390839184854, 0.4036462916054578, 0.41826768172487533, 0.43129847247181047, 0.44303945514894005, 0.4537193484014078, 0.4635141997168403, 0.47256120381653405, 0.48096861131270335, 0.4888228837201504, 0.496193902423717, 0.5031387957390207, 0.5097047780597248, 0.5159312769692214, 0.5218515425234377, 0.5274938764200829, 0.5328825795386108, 0.5380386889104973, 0.5380387676093152, 0.5380387676086852, 0.5380387676080555, 0.5380387676074253, 0.5380387676067967, 0.5380387676061669, 0.5380387676055368, 0.5380387676049068, NaN], "TI": [0.40765067850784614, 0.40765067850784614, 0.40765067850784614, 0.40765067850784614, 0.40765067850784614, 0.40765067850784614, 0.4076506785078462, 0.40765067850784614, 0.4076506785078462, 0.4076506785078462, 0.4076506785078462, 0.4076506785078462, 0.40765067850784625, 0.4076506785078463, 0.4076506785078463, 0.40765067850784625, 0.4076506785078463, 0.4076506785078463, 0.40765067850784636, 0.40765067850784636, 0.4076506785078464, 0.4076506785078465, 0.4076506785078464, 0.4076506785078465, 0.4076506785078465, 0.40765067850784653, 0.40765067850784664, 0.40765067850784664, 0.40765067850784664, 0.40765067850784664, 0.40765067850784664, 0.40765067850784664, 0.40765067850784664, 0.4098113426716623, 0.41730987294534555, 0.42415358601888015, 0.4304699059218249, 0.43634921255946035, 0.4418584364611166, 0.447048834285324, 0.45196072872468357, 0.4566265472811711, 0.46107285181829455, 0.46532174089071465, 0.4693918467406208, 0.4727735580511975, 0.47277380592084023, 0.46203193924099845, 0.4522436754765106, 0.4433255846550804, 0.43520011905948897, 0.4277856614674401, 0.4209979620513643, 0.4147553188234927, 0.4089829280080595, 0.40361508289127634, 0.3985955858095223, 0.3938771194882045, 0.389420168088946, 0.3851918376256238, 0.38116474702016856, 0.37731605680001773, 0.37362664946558727, 0.3700804518896174, 0.36666388146449697, 0.36336539613664887, 0.3601751298905384, 0.35708459771089757, 0.35408645667580285, 0.35408638284490107, 0.354086382844999, 0.3540863828450968, 0.3540863828451947, 0.3540863828452923, 0.3540863828453901, 0.35408638284548805, 0.35408638284558597, NaN]}, "fraction_solid": [0.0, 0.0, 0.0, 0.0, 0.0, 0.0, 0.0, 0.0, 0.0, 0.0, 0.0, 0.0, 0.0, 0.0, 0.0, 0.0, 0.0, 0.0, 0.0, 0.0, 0.0, 0.0, 0.0, 0.0, 0.0, 0.0, 0.0, 0.0, 0.0, 0.0, 0.0, 0.0, 0.0, 0.029524668296372503, 0.12046159030224449, 0.19022625396158072, 0.2457838448977035, 0.291285871466992, 0.3293754667935571, 0.36182320186921185, 0.3898640936655486, 0.4143884685583077, 0.4360559925877856, 0.45536687006887366, 0.472707975960893, 0.5111312184889056, 0.5111321436282927, 0.9510710002846136, 0.981403116248977, 0.9899855913900012, 0.9935895288647977, 0.9954471755502211, 0.9965364318782457, 0.9972350354252406, 0.9977137799619928, 0.9980589975936177, 0.9983181472635786, 0.9985190961473579, 0.9986791049545292, 0.9988093485944979, 0.9989173370978056, 0.9990082813317981, 0.9990858982313174, 0.999152903956098, 0.9992113260782712, 0.9992627070369722, 0.9993082401898565, 0.9993488629073687, 0.9993853216028923, 0.9993853222860284, 0.9993853222860284, 0.9993853222860284, 0.9993853222860284, 0.9993853222860284, 0.9993853222860284, 0.9993853222860284, 0.9993853222860284, 1.0], "temperatures": [2000.0, 2000.0, 1990.0, 1980.0, 1970.0, 1960.0, 1950.0, 1940.0, 1930.0, 1920.0, 1910.0, 1900.0, 1890.0, 1880.0, 1870.0, 1860.0, 1850.0, 1840.0, 1830.0, 1820.0, 1810.0, 1800.0, 1790.0, 1780.0, 1770.0, 1760.0, 1750.0, 1740.0, 1730.0, 1720.0, 1710.0, 1700.0, 1690.0, 1680.0, 1670.0, 1660.0, 1650.0, 1640.0, 1630.0, 1620.0, 1610.0, 1600.0, 1590.0, 1580.0, 1570.0, 1560.0, 1560.0, 1551.6666666666667, 1543.3333333333335, 1535.0000000000002, 1526.666666666667, 1518.3333333333337, 1510.0000000000005, 1501.6666666666672, 1493.333333333334, 1485.0000000000007, 1476.6666666666674, 1468.3333333333342, 1460.000000000001, 1451.6666666666677, 1443.3333333333344, 1435.0000000000011, 1426.6666666666679, 1418.3333333333346, 1410.0000000000014, 1401.666666666668, 1393.3333333333348, 1385.0000000000016, 1376.6666666666683, 1376.6666666666683, 1376.6666666666683, 1376.6666666666683, 1376.6666666666683, 1376.6666666666683, 1376.6666666666683, 1376.6666666666683, 1376.6666666666683, 1374.7285996719902], "phase_amounts": {"A1": [0.0, 0.0, 0.0, 0.0, 0.0, 0.0, 0.0, 0.0, 0.0, 0.0, 0.0, 0.0, 0.0, 0.0, 0.0, 0.0, 0.0, 0.0, 0.0, 0.0, 0.0, 0.0, 0.0, 0.0, 0.0, 0.0, 0.0, 0.0, 0.0, 0.0, 0.0, 0.0, 0.0, 0.0, 0.0, 0.0, 0.0, 0.0, 0.0, 0.0, 0.0, 0.0, 0.0, 0.0, 0.0, 0.0, 0.0, 0.0, 0.0, 0.0, 0.0, 0.0, 0.0, 0.0, 0.0, 0.0, 0.0, 0.0, 0.0, 0.0, 0.0, 0.0, 0.0, 0.0, 0.0, 0.0, 0.0, 0.0, 0.0, 0.0, 0.0, 0.0, 0.0, 0.0, 0.0, 0.0, 0.0, 0.0], "A2": [0.0, 0.0, 0.0, 0.0, 0.0, 0.0, 0.0, 0.0, 0.0, 0.0, 0.0, 0.0, 0.0, 0.0, 0.0, 0.0, 0.0, 0.0, 0.0, 0.0, 0.0, 0.0, 0.0, 0.0, 0.0, 0.0, 0.0, 0.0, 0.0, 0.0, 0.0, 0.0, 0.0, 0.0, 0.0, 0.0, 0.0, 0.0, 0.0, 0.0, 0.0, 0.0, 0.0, 0.0, 0.0, 0.0, 0.0, 0.0, 0.0, 0.0, 0.0, 0.0, 0.0, 0.0, 0.0, 0.0, 0.0, 0.0, 0.0, 0.0, 0.0, 0.0, 0.0, 0.0, 0.0, 0.0, 0.0, 0.0, 0.0, 0.0, 0.0, 0.0, 0.0, 0.0, 0.0, 0.0, 0.0, 0.0], "A3": [0.0, 0.0, 0.0, 0.0, 0.0, 0.0, 0.0, 0.0, 0.0, 0.0, 0.0, 0.0, 0.0, 0.0, 0.0, 0.0, 0.0, 0.0, 0.0, 0.0, 0.0, 0.0, 0.0, 0.0, 0.0, 0.0, 0.0, 0.0, 0.0, 0.0, 0.0, 0.0, 0.0, 0.0, 0.0, 0.0, 0.0, 0.0, 0.0, 0.0, 0.0, 0.0, 0.0, 0.0, 0.0, 0.0, 0.0, 0.0, 0.0, 0.0, 0.0, 0.0, 0.0, 0.0, 0.0, 0.0, 0.0, 0.0, 0.0, 0.0, 0.0, 0.0, 0.0, 0.0, 0.0, 0.0, 0.0, 0.0, 0.0, 0.0, 0.0, 0.0, 0.0, 0.0, 0.0, 0.0, 0.0, 0.0], "BCC2": [0.0, 0.0, 0.0, 0.0, 0.0, 0.0, 0.0, 0.0, 0.0, 0.0, 0.0, 0.0, 0.0, 0.0, 0.0, 0.0, 0.0, 0.0, 0.0, 0.0, 0.0, 0.0, 0.0, 0.0, 0.0, 0.0, 0.0, 0.0, 0.0, 0.0, 0.0, 0.0, 0.0, 0.0, 0.0, 0.0, 0.0, 0.0, 0.0, 0.0, 0.0, 0.0, 0.0, 0.0, 0.0, 0.024660204910150894, 0.0, 0.43968529974565845, 0.029900507284600312, 0.00827753205284943, 0.003395970672834558, 0.0017127497273008011, 0.0009853134656553388, 0.0006218775319474081, 0.00042061371189433777, 0.00030014564674847496, 0.00022348883318555214, 0.0001722333473705451, 0.00013653015821822479, 0.0001107906634039061, 9.168400244301726e-05, 7.71403883988503e-05, 6.582667984206847e-05, 5.68569921732969e-05, 4.962629738629026e-05, 4.3711236508816135e-05, 3.88090893818824e-05, 3.4699148793617694e-05, 3.12176500592527e-05, 6.831361351274822e-10, 0.0, 0.0, 0.0, 0.0, 0.0, 0.0, 0.0, 0.00037230069421608067],