{"x_liquid": {"NI": [0.049475121971409984, 0.04947512197140999, 0.04947512197140999, 0.04947512197141, 0.049475121971410005, 0.049475121971410005, 0.04947512197141, 0.049475121971410005, 0.049475121971410005, 0.04947512197141001, 0.04947512197141001, 0.04947512197141001, 0.04947512197141001, 0.049475121971410005, 0.04947512197141, 0.04947512197141, 0.04947512197140999, 0.04947512197141, 0.049475121971410005, 0.04947512197141, 0.04947512197140999, 0.04947512197141, 0.049475121971410005, 0.049475121971410005, 0.049475121971410005, 0.049475121971410005, 0.04947512197141, 0.049475121971410005, 0.04947512197141002, 0.04947512197141002, 0.04947512197141002, 0.049475121971410026, 0.04947512197141002, 0.04947512197141002, 0.04947512197141002, 0.04947512197141001, 0.049475121971410005, 0.049475121971410005, 0.04947512197141001, 0.050687352461794934, 0.05242225480994958, 0.05417168376715613, 0.05593704476309215, 0.057719843819283585, 0.05952169495345696, 0.0613443282859266, 0.06318959886958604, 0.06505949626331158, 0.06695615486545738, 0.06888186501541013, 0.07083908486050701, 0.07283045296841913, 0.07485880164148713, 0.0769271708589458, 0.07903882273163673, 0.08119725630108239, 0.08340622244876736, 0.08566973859733439, 0.0879921027826976, 0.09037790655114306, 0.09283204598494081, 0.0953597299836549, 0.0979664847233858, 0.10065815298417931, 0.10344088678147428, 0.10632113146420029, 0.10930559916712372, 0.11240122923889341, 0.11561513304336633, 0.11895452037630733, 0.12242660469740274, 0.12603848450273347, 0.12980153328127417, 0.1502118147180014, 0.17059339009104107, 0.189160222289575, 0.20602266215340295, 0.22134880784827146, 0.22134897342223137, 0.23308398636781297, 0.23308403718267243, 0.23308408946251924, 0.24074071093992028, 0.24074074734463916, 0.24074078594913687, 0.24584122227704852, NaN], "TI": [0.8580915462152172, 0.8580915462152173, 0.8580915462152172, 0.8580915462152173, 0.8580915462152173, 0.8580915462152173, 0.8580915462152172, 0.8580915462152173, 0.8580915462152173, 0.8580915462152173, 0.8580915462152172, 0.8580915462152172, 0.8580915462152172, 0.8580915462152171, 0.858091546215217, 0.858091546215217, 0.8580915462152169, 0.858091546215217, 0.8580915462152171, 0.858091546215217, 0.8580915462152169, 0.8580915462152169, 0.858091546215217, 0.858091546215217, 0.858091546215217, 0.8580915462152169, 0.8580915462152168, 0.8580915462152169, 0.858091546215217, 0.858091546215217, 0.858091546215217, 0.858091546215217, 0.858091546215217, 0.858091546215217, 0.858091546215217, 0.858091546215217, 0.8580915462152169, 0.8580915462152169, 0.8580915462152169, 0.8555513827824646, 0.8519661887766218, 0.8484016563864942, 0.8448559771321714, 0.8413273755098812, 0.8378141041860682, 0.8343144399043594, 0.8308266800921872, 0.8273491401687124, 0.823880151567558, 0.8204180605037965, 0.8169612275264989, 0.8135080279128761, 0.8100568529750017, 0.8066061123636437, 0.8031542374693585, 0.7996996860357498, 0.7962409481126346, 0.7927765534907262, 0.7893050807695594, 0.7858251682171284, 0.7823355265828176, 0.7788349540201761, 0.7753223532638678, 0.7717967511822944, 0.7682573207902738, 0.7647034057576002, 0.761134547380988, 0.7575505139077037, 0.753951331999357, 0.7503373200152382, 0.7467091226757866, 0.7430677465392986, 0.7394102919187094, 0.741154163086618, 0.7427775269392936, 0.743895194112752, 0.7446564638384114, 0.7451539690924307, 0.7451538892787554, 0.7454046950222469, 0.7454046983225817, 0.7454046883899279, 0.745500110327118, 0.7455001146214916, 0.7455001069959865, 0.7455300548500099, NaN]}, "fraction_solid": [0.0, 0.0, 0.0, 0.0, 0.0, 0.0, 0.0, 0.0, 0.0, 0.0, 0.0, 0.0, 0.0, 0.0, 0.0, 0.0, 0.0, 0.0, 0.0, 0.0, 0.0, 0.0, 0.0, 0.0, 0.0, 0.0, 0.0, 0.0, 0.0, 0.0, 0.0, 0.0, 0.0, 0.0, 0.0, 0.0, 0.0, 0.0, 0.0, 0.033655498287894645, 0.07901046584610968, 0.12151716865753825, 0.1614442688742947, 0.19902817600969952, 0.23447766103993245, 0.26797769765804647, 0.2996926760445653, 0.32976910412331384, 0.3583378878450674, 0.3855162638074183, 0.41140944329672813, 0.4361120156287782, 0.45970914980043714, 0.4822776264309609, 0.5038867263441082, 0.5245989976414254, 0.5444709195126993, 0.5635534781211994, 0.5818926675773998, 0.5995299271559814, 0.6165025244264666, 0.6328438928044249, 0.6485839311144039, 0.6637492720458869, 0.6783635258402592, 0.6924475051032967, 0.7060194362798586, 0.7190951629654105, 0.7316883458563457, 0.743810663665493, 0.7554720187191184, 0.7666807501750931, 0.7774565041738151, 0.9091436257918311, 0.9629454628736861, 0.9843032280705628, 0.993661918037717, 0.9979068831475869, 0.9979068929924996, 0.9993871689011646, 0.9993871713681794, 0.9993871733230315, 0.9998058431617806, 0.9998058440260765, 0.999805844690281, 0.9999401612126263, 1.0], "temperatures": [2000.0, 2000.0, 1990.0, 1980.0, 1970.0, 1960.0, 1950.0, 1940.0, 1930.0, 1920.0, 1910.0, 1900.0, 1890.0, 1880.0, 1870.0, 1860.0, 1850.0, 1840.0, 1830.0, 1820.0, 1810.0, 1800.0, 1790.0, 1780.0, 1770.0, 1760.0, 1750.0, 1740.0, 1730.0, 1720.0, 1710.0, 1700.0, 1690.0, 1680.0, 1670.0, 1660.0, 1650.0, 1640.0, 1630.0, 1620.0, 1610.0, 1600.0, 1590.0, 1580.0, 1570.0, 1560.0, 1550.0, 1540.0, 1530.0, 1520.0, 1510.0, 1500.0, 1490.0, 1480.0, 1470.0, 1460.0, 1450.0, 1440.0, 1430.0, 1420.0, 1410.0, 1400.0, 1390.0, 1380.0, 1370.0, 1360.0, 1350.0, 1340.0, 1330.0, 1320.0, 1310.0, 1300.0, 1290.0, 1280.0, 1270.0, 1260.0, 1250.0, 1240.0, 1240.0, 1231.6666666666667, 1231.6666666666667, 1231.6666666666667, 1225.8796296296298, 1225.8796296296298, 1225.8796296296298, 1221.8608539094653, 1221.8608539094653], "phase_amounts": {"A1": [0.0, 0.0, 0.0, 0.0, 0.0, 0.0, 0.0, 0.0, 0.0, 0.0, 0.0, 0.0, 0.0, 0.0, 0.0, 0.0, 0.0, 0.0, 0.0, 0.0, 0.0, 0.0, 0.0, 0.0, 0.0, 0.0, 0.0, 0.0, 0.0, 0.0, 0.0, 0.0, 0.0, 0.0, 0.0, 0.0, 0.0, 0.0, 0.0, 0.0, 0.0, 0.0, 0.0, 0.0, 0.0, 0.0, 0.0, 0.0, 0.0, 0.0, 0.0, 0.0, 0.0, 0.0, 0.0, 0.0, 0.0, 0.0, 0.0, 0.0, 0.0, 0.0, 0.0, 0.0, 0.0, 0.0, 0.0, 0.0, 0.0, 0.0, 0.0, 0.0, 0.0, 0.0, 0.0, 0.0, 0.0, 0.0, 0.0, 0.0, 0.0, 0.0, 0.0, 0.0, 0.0, 0.0, 0.0], "A2": [0.0, 0.0, 0.0, 0.0, 0.0, 0.0, 0.0, 0.0, 0.0, 0.0, 0.0, 0.0, 0.0, 0.0, 0.0, 0.0, 0.0, 0.0, 0.0, 0.0, 0.0, 0.0, 0.0, 0.0, 0.0, 0.0, 0.0, 0.0, 0.0, 0.0, 0.0, 0.0, 0.0, 0.0, 0.0, 0.0, 0.0, 0.0, 0.0, 0.033655498287894645, 0.04535496755821503, 0.04250670281142857, 0.03992710021675644, 0.03758390713540484, 0.035449485030232944, 0.033500036618114036, 0.031714978386518836, 0.030076428078748524, 0.028568783721753612, 0.027178375962350915, 0.02589317948930982, 0.02470257233205008, 0.023597134171658946, 0.022568476630523734, 0.021609099913147366, 0.020712271297317127, 0.01987192187127393, 0.019082558608500003, 0.01833918945620042, 0.017637259578581647, 0.016972597270485203, 0.016341368377958337, 0.015740038309979023, 0.015165340931482873, 0.014614253794372338, 0.014083979263037482, 0.013571931176561925, 0.01307572668555189, 0.012593182890935115, 0.012122317809147264, 0.011661355053625422, 0.01120873145597468, 0.010775753998721984, 0.07131899309879233, 0.02790039154701037, 0.010576102503679725, 0.004486611227964905, 0.0020179006401754205, 4.626823357286246e-09, 0.0006915296322176867, 9.063023809319077e-10, 7.544587383848128e-10, 0.00018854688846835875, 3.0943034875326247e-10, 2.475628337190698e-10, 5.969049901026007e-05, 1.8396648969706046e-05], "A3": [0.0, 0.0, 0.0, 0.0, 0.0, 0.0, 0.0, 0.0, 0.0, 0.0, 0.0, 0.0, 0.0, 0.0, 0.0, 0.0, 0.0, 0.0, 0.0, 0.0, 0.0, 0.0, 0.0, 0.0, 0.0, 0.0, 0.0, 0.0, 0.0, 0.0, 0.0, 0.0, 0.0, 0.0, 0.0, 0.0, 0.0, 0.0, 0.0, 0.0, 0.0, 0.0, 0.0, 0.0, 0.0, 0.0, 0.0, 0.0, 0.0, 0.0, 0.0, 0.0, 0.0, 0.0, 0.0, 0.0, 0.0, 0.0, 0.0, 0.0, 0.0, 0.0, 0.0, 0.0, 0.0, 0.0, 0.0, 0.0, 0.0, 0.0, 0.0, 0.0, 0.0, 0.0, 0.0, 0.0, 0.0, 0.0, 0.0, 0.0, 0.0, 0.0, 0.0, 0.0, 0.0, 0.0, 0.0],