{"x_liquid": {"NI": [0.06217873552858659, 0.06217873552858658, 0.062178735528586576, 0.06217873552858659, 0.0621787355285866, 0.062178735528586604, 0.06217873552858661, 0.06217873552858662, 0.062178735528586604, 0.062178735528586604, 0.062178735528586604, 0.06217873552858661, 0.06217873552858661, 0.06217873552858661, 0.062178735528586604, 0.062178735528586604, 0.06217873552858661, 0.06217873552858661, 0.06217873552858662, 0.06217873552858662, 0.06217873552858661, 0.06217873552858662, 0.06217873552858662, 0.06217873552858662, 0.062178735528586604, 0.06217873552858661, 0.06217873552858661, 0.06217873552858662, 0.062178735528586604, 0.06217873552858662, 0.06217873552858662, 0.06217873552858661, 0.06217873552858661, 0.06217873552858661, 0.06217873552858661, 0.06217873552858662, 0.06217873552858661, 0.06217873552858662, 0.06217873552858661, 0.062178735528586604, 0.06217873552858661, 0.062178735528586625, 0.06217873552858662, 0.062178735528586625, 0.06217873552858663, 0.06217873552858663, 0.06217873552858663, 0.06217873552858663, 0.062178735528586625, 0.06356163988664301, 0.06539647644918464, 0.06726613508256218, 0.06917361792469759, 0.07112216457874534, 0.07311527068635965, 0.07515670732470763, 0.07725054100789483, 0.07940115397398739, 0.08161326431383514, 0.08389194534233853, 0.08624264342110197, 0.08867119321218861, 0.09118382907102528, 0.09378719097413533, 0.0964883230281869, 0.099294662228274, 0.10221401474543951, 0.10525451664668002, 0.10842457562831881, 0.11173279011752417, 0.11518784202882604, 0.11879835962369201, 0.12799673348477378, 0.1502118147180048, 0.17059339009104577, 0.18916022228957588, 0.2060226621534038, 0.22134880784826816, 0.22134887616733223, 0.233083986367815, 0.23308403718269344, 0.23308408946253995, 0.24074071093991917, 0.24074074674257123, 0.24074078538766017, 0.24584122227705435, NaN], "TI": [0.8216540381193287, 0.8216540381193286, 0.8216540381193285, 0.8216540381193285, 0.8216540381193285, 0.8216540381193285, 0.8216540381193285, 0.8216540381193285, 0.8216540381193284, 0.8216540381193284, 0.8216540381193284, 0.8216540381193284, 0.8216540381193282, 0.8216540381193281, 0.821654038119328, 0.821654038119328, 0.821654038119328, 0.8216540381193279, 0.821654038119328, 0.821654038119328, 0.8216540381193279, 0.821654038119328, 0.8216540381193281, 0.8216540381193282, 0.8216540381193281, 0.8216540381193281, 0.8216540381193281, 0.8216540381193281, 0.821654038119328, 0.821654038119328, 0.821654038119328, 0.821654038119328, 0.8216540381193279, 0.8216540381193279, 0.8216540381193279, 0.8216540381193279, 0.8216540381193279, 0.8216540381193279, 0.8216540381193278, 0.8216540381193278, 0.8216540381193279, 0.8216540381193279, 0.8216540381193277, 0.8216540381193278, 0.8216540381193279, 0.8216540381193279, 0.8216540381193279, 0.8216540381193279, 0.8216540381193278, 0.8189839614742137, 0.8155075881945874, 0.8120338324530426, 0.8085609010071775, 0.8050870135617638, 0.8016104068126143, 0.7981293399452087, 0.7946421017625728, 0.7911470196348841, 0.7876424704763025, 0.7841268939617659, 0.7805988081971923, 0.7770568280437793, 0.7734996862713602, 0.7699262576704099, 0.7663355861836355, 0.7627269150254917, 0.7590997196350175, 0.7554537431620237, 0.7517890340144253, 0.7481059848128612, 0.7444053719180181, 0.7406883945323669, 0.7388072103925651, 0.7411541630866172, 0.7427775269392929, 0.7438951941127523, 0.7446564638384119, 0.7451539690924303, 0.7451539721732047, 0.7454046950222478, 0.7454046983225779, 0.7454046883899227, 0.7455001103271179, 0.745500114722702, 0.745500107130417, 0.7455300548500077, NaN]}, "fraction_solid": [0.0, 0.0, 0.0, 0.0, 0.0, 0.0, 0.0, 0.0, 0.0, 0.0, 0.0, 0.0, 0.0, 0.0, 0.0, 0.0, 0.0, 0.0, 0.0, 0.0, 0.0, 0.0, 0.0, 0.0, 0.0, 0.0, 0.0, 0.0, 0.0, 0.0, 0.0, 0.0, 0.0, 0.0, 0.0, 0.0, 0.0, 0.0, 0.0, 0.0, 0.0, 0.0, 0.0, 0.0, 0.0, 0.0, 0.0, 0.0, 0.0, 0.03304673827571867, 0.07453492832374042, 0.11413093106292437, 0.15197159472000188, 0.18818017059986983, 0.2228677375649472, 0.2561344281320256, 0.2880704858197844, 0.31875717871367837, 0.3482675905230693, 0.37666730750159616, 0.4040150173367643, 0.4303630344131727, 0.4557577645868907, 0.4802401217166902, 0.5038459075928771, 0.5266061664766316, 0.5485475251402371, 0.5696925289090912, 0.5900599836687745, 0.6096653129038171, 0.6285209374539744, 0.6466366836897106, 0.7396233528359084, 0.9059329596043645, 0.961636036314678, 0.9837485383712926, 0.9934379440388967, 0.9978329169612499, 0.9978329251088409, 0.9993655136765522, 0.9993655162307431, 0.9993655182546723, 0.9997989823644906, 0.9997989832482231, 0.9997989839375058, 0.9999380467330861, 1.0], "temperatures": [2000.0, 2000.0, 1990.0, 1980.0, 1970.0, 1960.0, 1950.0, 1940.0, 1930.0, 1920.0, 1910.0, 1900.0, 1890.0, 1880.0, 1870.0, 1860.0, 1850.0, 1840.0, 1830.0, 1820.0, 1810.0, 1800.0, 1790.0, 1780.0, 1770.0, 1760.0, 1750.0, 1740.0, 1730.0, 1720.0, 1710.0, 1700.0, 1690.0, 1680.0, 1670.0, 1660.0, 1650.0, 1640.0, 1630.0, 1620.0, 1610.0, 1600.0, 1590.0, 1580.0, 1570.0, 1560.0, 1550.0, 1540.0, 1530.0, 1520.0, 1510.0, 1500.0, 1490.0, 1480.0, 1470.0, 1460.0, 1450.0, 1440.0, 1430.0, 1420.0, 1410.0, 1400.0, 1390.0, 1380.0, 1370.0, 1360.0, 1350.0, 1340.0, 1330.0, 1320.0, 1310.0, 1300.0, 1290.0, 1280.0, 1270.0, 1260.0, 1250.0, 1240.0, 1240.0, 1231.6666666666667, 1231.6666666666667, 1231.6666666666667, 1225.8796296296298, 1225.8796296296298, 1225.8796296296298, 1221.8608539094653, 1221.8608539094653], "phase_amounts": {"A1": [0.0, 0.0, 0.0, 0.0, 0.0, 0.0, 0.0, 0.0, 0.0, 0.0, 0.0, 0.0, 0.0, 0.0, 0.0, 0.0, 0.0, 0.0, 0.0, 0.0, 0.0, 0.0, 0.0, 0.0, 0.0, 0.0, 0.0, 0.0, 0.0, 0.0, 0.0, 0.0, 0.0, 0.0, 0.0, 0.0, 0.0, 0.0, 0.0, 0.0, 0.0, 0.0, 0.0, 0.0, 0.0, 0.0, 0.0, 0.0, 0.0, 0.0, 0.0, 0.0, 0.0, 0.0, 0.0, 0.0, 0.0, 0.0, 0.0, 0.0, 0.0, 0.0, 0.0, 0.0, 0.0, 0.0, 0.0, 0.0, 0.0, 0.0, 0.0, 0.0, 0.0, 0.0, 0.0, 0.0, 0.0, 0.0, 0.0, 0.0, 0.0, 0.0, 0.0, 0.0, 0.0, 0.0, 0.0], "A2": [0.0, 0.0, 0.0, 0.0, 0.0, 0.0, 0.0, 0.0, 0.0, 0.0, 0.0, 0.0, 0.0, 0.0, 0.0, 0.0, 0.0, 0.0, 0.0, 0.0, 0.0, 0.0, 0.0, 0.0, 0.0, 0.0, 0.0, 0.0, 0.0, 0.0, 0.0, 0.0, 0.0, 0.0, 0.0, 0.0, 0.0, 0.0, 0.0, 0.0, 0.0, 0.0, 0.0, 0.0, 0.0, 0.0, 0.0, 0.0, 0.0, 0.03304673827571867, 0.04148819004802175, 0.03959600273918394, 0.03784066365707751, 0.03620857587986794, 0.034687566965077396, 0.033266690567078365, 0.031936057687758805, 0.03068669289389397, 0.02951041180939097, 0.02839971697852682, 0.027347709835168137, 0.026348017076408353, 0.025394730173718, 0.024482357129799535, 0.02360578587618679, 0.022760258883754526, 0.02194135866360542, 0.021145003768854132, 0.020367454759683396, 0.019605329235042566, 0.01885562455015735, 0.0181157462357362, 0.05237120201055435, 0.09142384616865064, 0.028886330558311805, 0.010949838909071455, 0.004645158287447713, 0.002089208849549544, 3.1018595086175967e-09, 0.0007159693788739937, 9.383280829651339e-10, 7.811185428141433e-10, 0.0001952094505138064, 3.1624588337666445e-10, 2.5686273400794917e-10, 6.179975260639372e-05, 1.9046719555305155e-05], "A3": [0.0, 0.0, 0.0, 0.0, 0.0, 0.0, 0.0, 0.0, 0.0, 0.0, 0.0, 0.0, 0.0, 0.0, 0.0, 0.0, 0.0, 0.0, 0.0, 0.0, 0.0, 0.0, 0.0, 0.0, 0.0, 0.0, 0.0, 0.0, 0.0, 0.0, 0.0, 0.0, 0.0, 0.0, 0.0, 0.0, 0.0, 0.0, 0.0, 0.0, 0.0, 0.0, 0.0, 0.0, 0.0, 0.0, 0.0, 0.0, 0.0, 0.0, 0.0, 0.0, 0.0, 0.0, 0.0, 0.0, 0.0, 0.0, 0.0, 0.0, 0.0, 0.0, 0.0, 0.0, 0.0, 0.0, 0.0, 0.0, 0.0, 0.0, 0.0, 0.0, 0.0, 0.0, 0.0, 0.0, 0.0, 0.0, 0.0, 0.0, 0.0, 0.0, 0.0, 0.0, 0.0, 0.0, 0.0], "BCC2": [0.0, 0.0, 0.0, 0.0, 0.0, 0.0, 0.0, 0.0, 0.0, 0.0, 0.0, 0.0, 0.0, 0.0, 0.0, 0.0, 0.0, 0.0, 0.0, 0.0, 0.0, 0.0, 0.0, 0.0, 0.0, 0.0, 0.0, 0.0, 0.0, 0.0, 0.0, 0.0, 0.0, 0.0, 0.0, 0.0, 0.0, 0.0, 0.0, 0.0, 0.0, 0.0, 0.0, 0.0, 0.0, 0.0, 0.0, 0.0, 0.0, 0.0, 0.0, 0.0, 0.0, 0.0, 0.0, 0.0, 0.0, 0.0, 0.0, 0.0, 0.0, 0.0, 0.0, 0.0, 0.0, 0.0, 0.0, 0.0, 0.0, 0.0, 0.0, 0.0, 0.0, 0.0, 0.0, 0.0, 0.0, 0.0, 0.0, 0.0, 0.0, 0.0, 0.0, 0.0, 0.0, 0.0, 0.0],