{"x_liquid": {"NI": [0.0002937385772031513, 0.0002937385772031513, 0.0002937385772031513, 0.0002937385772031513, 0.0002937385772031513, 0.0002937385772031513, 0.00029373857720315125, 0.0002937385772031513, 0.00029373857720315125, 0.0002937385772031513, 0.00029373857720315136, 0.002304322209852984, 0.004531393661247008, 0.006768711632558601, 0.008998064349037913, 0.01121227042497016, 0.013408367825825251, 0.015585322653529904, 0.017743068335175773, 0.019882045956421793, 0.022002964767022803, 0.02410667009963766, 0.02619406776673541, 0.02826607984452155, 0.030323618633042625, 0.032367571469127665, 0.03439879216549222, 0.036418096552319375, 0.03842626057543705, 0.0404240199872454, 0.042412071015118395, 0.04439107161384167, 0.04636164304699509, 0.04832436641586809, 0.05027980602893794, 0.052228480431730485, 0.05417088374276709, 0.05610748241376724, 0.058038716803289994, 0.05996500264939641, 0.06188673243869445, 0.06380427667385226, 0.06571798504174255, 0.06762818748707711, 0.06953519519656531, 0.07143930149823274, 0.07334078268279137, 0.07523983368268052, 0.07713682826176167, 0.07903193704164423, 0.080925379872019, 0.08281736344772808, 0.08470808182072234, 0.08659771687154597, 0.08848643873707426, 0.09037440620528366, 0.09226176707486394, 0.09414865848593627, 0.09603520722197925, 0.09792152998724832, 0.09980773366157139, 0.10169391553397811, 0.10358016351851146, 0.10546655635299497, 0.1073531637828763, 0.10924004673258274, 0.1111272574647343, 0.11301483972952203, 0.1149028440253605, 0.11679126805802621, 0.11868014542071487, 0.12056947137617828, 0.1224592791350933, 0.12434954960552012, 0.126240270580907, 0.12813142231364208, 0.13002297765042842, 0.1319149021422224, 0.13380715415973815, 0.13569968501218135, 0.13759243906821406, 0.13948535388045266, 0.14137836031346812, 0.14327138267627432, 0.14516433885894744, 0.14705714047390048, 0.14894969300226932, 0.15084189594472178, 0.1527336429777512, 0.15462482211448816, 0.15651531587023249, 0.158405001432668, 0.16029375083645314, 0.16218143114143915, 0.16406790461486964, 0.16595302891617422, 0.1678366572848271, 0.16971863872977358, NaN], "TI": [0.9991574758050737, 0.9991574758050736, 0.9991574758050735, 0.9991574758050734, 0.9991574758050733, 0.9991574758050732, 0.9991574758050731, 0.9991574758050731, 0.999157475805073, 0.999157475805073, 0.999157475805073, 0.9962209945615732, 0.9931932649942433, 0.9902551655027148, 0.987391823366455, 0.9845934339856262, 0.981852612833446, 0.9791634265186522, 0.9765209309443609, 0.9739209107707473, 0.9713597147605219, 0.9688341431971459, 0.9663413664975609, 0.9638788639460889, 0.9614443761669912, 0.959035867398275, 0.9566514949987708, 0.9542895844423339, 0.9519486085669356, 0.9496271701797044, 0.9473239873521546, 0.9450378808970611, 0.942767763634418, 0.9405126367677897, 0.9382715582452611, 0.9360436700794624, 0.9338281700962594, 0.9316243122162352, 0.9294314017382328, 0.9272487911740516, 0.925075876560226, 0.9229120941830171, 0.9207569176646834, 0.9186098553654172, 0.916470448062522, 0.9143382668746839, 0.91221291140134, 0.9100940809598442, 0.9079812826228312, 0.9058742576556503, 0.9037726990544825, 0.9016763206239842, 0.8995848559342134, 0.8974980573692919, 0.8954156952652347, 0.8933375571202272, 0.8912634468752985, 0.8891931842546997, 0.8871266041625556, 0.885063556128174, 0.8830039037953995, 0.880947524452167, 0.8788943085946089, 0.8768441595231187, 0.8747969929664922, 0.8727527367301193, 0.8707113303666071, 0.8686727248652318, 0.8666368671490721, 0.8646037608716353, 0.8625733739195675, 0.8605457160480438, 0.8585207601259099, 0.8564985355865825, 0.8544790658839759, 0.8524623838620052, 0.8504485314997845, 0.8484375596857957, 0.8464295279878202, 0.8444245044209069, 0.8424225652142184, 0.8404237945752017, 0.838428284450968, 0.8364361342857329, 0.8344474507746177, 0.8324623476131978, 0.8304809452423108, 0.8285033705888357, 0.8265297568013668, 0.8245602429818365, 0.8225949739129461, 0.8206340997815291, 0.8186777758982741, 0.8167261624146965, 0.8147794240371304, 0.8128377297393092, 0.8109012524732044, 0.8089701688798185, NaN]}, "fraction_solid": [0.0, 0.0, 0.0, 0.0, 0.0, 0.0, 0.0, 0.0, 0.0, 0.0, 0.0, 0.9798640039168641, 0.9910202901165033, 0.9943791144105996, 0.9959610830895237, 0.9968706071251179, 0.9974573171214792, 0.997865428343291, 0.9981648633424929, 0.9983934782188723, 0.9985734873212441, 0.9987187540983488, 0.9988383620140597, 0.9989385024410044, 0.999023535832112, 0.9990966189679591, 0.999160091651963, 0.9992157237850362, 0.99926487816551, 0.9993086206714397, 0.999347796606637, 0.9993830847150815, 0.9994150361126735, 0.9994441027456668, 0.9994706589319923, 0.9994950169109431, 0.999517439369717, 0.9995381488132965, 0.999557334938293, 0.999575160444871, 0.9995917656587205, 0.9996072722373289, 0.9996217861649822, 0.9996354001904773, 0.9996481958246375, 0.9996602449874677, 0.9996716113744744, 0.9996823512175551, 0.9996925157535094, 0.9997021497929579, 0.999711293872829, 0.999719984468231, 0.9997282544876664, 0.9997361336976582, 0.9997436490882088, 0.9997508251885072, 0.9997576843405824, 0.9997642469372989, 0.9997705316299867, 0.9997765555101321, 0.9997823342688293, 0.9997878823371001, 0.9997932130097096, 0.9997983385546951, 0.9998032703104968, 0.9998080187722965, 0.999812593668938, 0.9998170040316068, 0.9998212582913973, 0.999825364192808, 0.9998293290516483, 0.9998331596292663, 0.9998368623375928, 0.9998404430842135, 0.9998439074290595, 0.9998472605840143, 0.9998505074399725, 0.999853652591395, 0.9998567003586761, 0.9998596548085423, 0.9998625197726796, 0.9998652988647674, 0.9998679954960751, 0.9998706128897609, 0.999873154093997, 0.9998756219940306, 0.9998780193232804, 0.999880348673556, 0.9998826125044801, 0.9998848131521824, 0.9998869528373313, 0.9998890336725582, 0.999891057669328, 0.9998930267443, 0.9998949427252244, 0.9998968073564084, 0.9998986223037901, 0.9999003891596487, 1.0], "temperatures": [2000.0, 2000.0, 1990.0, 1980.0, 1970.0, 1960.0, 1950.0, 1940.0, 1940.0, 1940.0, 1940.0, 1934.212962962963, 1928.425925925926, 1922.6388888888891, 1916.8518518518522, 1911.0648148148152, 1905.2777777777783, 1899.4907407407413, 1893.7037037037044, 1887.9166666666674, 1882.1296296296305, 1876.3425925925935, 1870.5555555555566, 1864.7685185185196, 1858.9814814814827, 1853.1944444444457, 1847.4074074074088, 1841.6203703703718, 1835.8333333333348, 1830.046296296298, 1824.259259259261, 1818.472222222224, 1812.685185185187, 1806.89814814815, 1801.1111111111131, 1795.3240740740762, 1789.5370370370392, 1783.7500000000023, 1777.9629629629653, 1772.1759259259284, 1766.3888888888914, 1760.6018518518545, 1754.8148148148175, 1749.0277777777806, 1743.2407407407436, 1737.4537037037067, 1731.6666666666697, 1725.8796296296327, 1720.0925925925958, 1714.3055555555588, 1708.518518518522, 1702.731481481485, 1696.944444444448, 1691.157407407411, 1685.370370370374, 1679.5833333333371, 1673.7962962963002, 1668.0092592592632, 1662.2222222222263, 1656.4351851851893, 1650.6481481481524, 1644.8611111111154, 1639.0740740740785, 1633.2870370370415, 1627.5000000000045, 1621.7129629629676, 1615.9259259259306, 1610.1388888888937, 1604.3518518518567, 1598.5648148148198, 1592.7777777777828, 1586.9907407407459, 1581.203703703709, 1575.416666666672, 1569.629629629635, 1563.842592592598, 1558.055555555561, 1552.2685185185242, 1546.4814814814872, 1540.6944444444503, 1534.9074074074133, 1529.1203703703763, 1523.3333333333394, 1517.5462962963024, 1511.7592592592655, 1505.9722222222285, 1500.1851851851916, 1494.3981481481546, 1488.6111111111177, 1482.8240740740807, 1477.0370370370438, 1471.2500000000068, 1465.4629629629699, 1459.675925925933, 1453.888888888896, 1448.101851851859, 1442.314814814822, 1436.527777777785, 1436.527777777785],