{"x_liquid": {"NI": [0.25181832853286285, 0.2518183285328629, 0.2518183285328629, 0.2518183285328629, 0.25181832853286296, 0.25181832853286296, 0.25181832853286296, 0.2518183285328629, 0.2518183285328629, 0.2518183285328629, 0.2518183285328629, 0.2518183285328629, 0.2518183285328629, 0.25181832853286296, 0.25181832853286296, 0.25181832853286296, 0.25181832853286296, 0.25181832853286296, 0.25181832853286296, 0.25181832853286296, 0.25181832853286296, 0.25181832853286296, 0.25181832853286296, 0.2518183285328629, 0.2518183285328629, 0.2518183285328629, 0.2518183285328629, 0.25181832853286296, 0.25181832853286296, 0.25181832853286296, 0.25181832853286296, 0.25181832853286296, 0.25572937108305466, 0.2653467332471858, 0.2737918346498305, 0.28136958250559874, 0.28827621809944937, 0.2946461236713797, 0.3005757209971048, 0.3061367675498283, 0.31138425789177787, 0.31636137141527115, 0.32110270548236025, 0.3256364643670638, 0.32998598631055637, 0.33417083653457264, 0.3382076071965632, 0.34211051439340223, 0.3458918514532826, 0.34956233844156065, 0.3531313953899322, 0.3566073585801554, 0.359997653709692, 0.3633089359901918, 0.3665472045917281, 0.36971789697413854, 0.3728259672988389, 0.3758759521310278, 0.3788720259153337, 0.3818180481654357, 0.40057680579063626, 0.41667876673327764, 0.41667939952058874, 0.4166795377105063, 0.41667953771050636, 0.416679537710297, 0.41667953771008753, 0.42293613392391205, 0.42293655622909615, 0.4229369118429781, 0.42293711126245215, 0.42293727013963534, NaN], "TI": [0.2777147743583707, 0.2777147743583707, 0.2777147743583707, 0.27771477435837066, 0.2777147743583707, 0.27771477435837066, 0.2777147743583707, 0.2777147743583707, 0.27771477435837066, 0.2777147743583707, 0.2777147743583707, 0.2777147743583707, 0.2777147743583707, 0.2777147743583707, 0.27771477435837066, 0.27771477435837066, 0.2777147743583707, 0.27771477435837066, 0.2777147743583707, 0.2777147743583707, 0.27771477435837066, 0.2777147743583707, 0.2777147743583707, 0.2777147743583707, 0.27771477435837066, 0.2777147743583707, 0.27771477435837066, 0.2777147743583707, 0.2777147743583707, 0.2777147743583707, 0.27771477435837066, 0.2777147743583707, 0.27491061074981704, 0.26781869907808226, 0.26147571331359465, 0.2557147696626913, 0.2504228477501663, 0.24551918855642615, 0.24094370448588762, 0.2366502508899514, 0.23260247643170404, 0.22877113805308458, 0.22513229430095907, 0.22166604945866572, 0.21835565619484337, 0.21518685907176877, 0.21214740433362494, 0.2092266672394539, 0.20641536423621165, 0.20370532750609155, 0.2010893261314495, 0.19856092261960506, 0.19611435660885035, 0.19374444972335278, 0.19144652706672105, 0.189216351939273, 0.18705007116378083, 0.1849441689955903, 0.1828954280355263, 0.1809008958983575, 0.185555641377273, 0.1895218086186947, 0.1895219279088592, 0.1895221252858668, 0.1895221252858668, 0.18952212528598633, 0.18952212528610587, 0.1911322831663543, 0.19113234370527918, 0.19113239134069282, 0.19113228081064335, 0.19113251434130474, NaN]}, "fraction_solid": [0.0, 0.0, 0.0, 0.0, 0.0, 0.0, 0.0, 0.0, 0.0, 0.0, 0.0, 0.0, 0.0, 0.0, 0.0, 0.0, 0.0, 0.0, 0.0, 0.0, 0.0, 0.0, 0.0, 0.0, 0.0, 0.0, 0.0, 0.0, 0.0, 0.0, 0.0, 0.0, 0.06217002936110286, 0.19290863524329968, 0.2844043433503446, 0.3525543577239067, 0.4055984520834973, 0.4482581123644595, 0.483444921384354, 0.5130581265011945, 0.5383929161873325, 0.5603649646241118, 0.5796412493203905, 0.596719958018997, 0.6119812704719685, 0.6257207359823028, 0.6381718567285284, 0.6495217579373788, 0.6599223046614872, 0.6694981444681123, 0.6783526287695794, 0.6865722413004793, 0.6942299573717416, 0.701387825027533, 0.7080989717130125, 0.7144091811468192, 0.7203581447370366, 0.7259804637951821, 0.731306458969731, 0.7363628291263224, 0.7988649973885179, 0.8399117535379499, 0.839913037156363, 0.8399135707787987, 0.8399135707787987, 0.8399135707787987, 0.8399135707787987, 0.8530351125782675, 0.8530358708614737, 0.8530365046928454, 0.853036667202567, 0.8530372487441084, 1.0], "temperatures": [2000.0, 2000.0, 1990.0, 1980.0, 1970.0, 1960.0, 1950.0, 1940.0, 1930.0, 1920.0, 1910.0, 1900.0, 1890.0, 1880.0, 1870.0, 1860.0, 1850.0, 1840.0, 1830.0, 1820.0, 1810.0, 1800.0, 1790.0, 1780.0, 1770.0, 1760.0, 1750.0, 1740.0, 1730.0, 1720.0, 1710.0, 1700.0, 1690.0, 1680.0, 1670.0, 1660.0, 1650.0, 1640.0, 1630.0, 1620.0, 1610.0, 1600.0, 1590.0, 1580.0, 1570.0, 1560.0, 1550.0, 1540.0, 1530.0, 1520.0, 1510.0, 1500.0, 1490.0, 1480.0, 1470.0, 1460.0, 1450.0, 1440.0, 1430.0, 1420.0, 1410.0, 1400.0, 1400.0, 1400.0, 1400.0, 1400.0, 1400.0, 1395.9812242798355, 1395.9812242798355, 1395.9812242798355, 1395.9812242798355, 1395.9812242798355, 1394.0431572851573], "phase_amounts": {"A1": [0.0, 0.0, 0.0, 0.0, 0.0, 0.0, 0.0, 0.0, 0.0, 0.0, 0.0, 0.0, 0.0, 0.0, 0.0, 0.0, 0.0, 0.0, 0.0, 0.0, 0.0, 0.0, 0.0, 0.0, 0.0, 0.0, 0.0, 0.0, 0.0, 0.0, 0.0, 0.0, 0.0, 0.0, 0.0, 0.0, 0.0, 0.0, 0.0, 0.0, 0.0, 0.0, 0.0, 0.0, 0.0, 0.0, 0.0, 0.0, 0.0, 0.0, 0.0, 0.0, 0.0, 0.0, 0.0, 0.0, 0.0, 0.0, 0.0, 0.0, 0.04908239551933292, 0.03193315329197233, 9.281867103382728e-07, 5.336224356937456e-07, 0.0, 0.0, 0.0, 0.010002483517210704, 5.327474695748761e-07, 4.425675497198107e-07, 0.0, 5.815415414206922e-07, 0.07796447370764693], "A2": [0.0, 0.0, 0.0, 0.0, 0.0, 0.0, 0.0, 0.0, 0.0, 0.0, 0.0, 0.0, 0.0, 0.0, 0.0, 0.0, 0.0, 0.0, 0.0, 0.0, 0.0, 0.0, 0.0, 0.0, 0.0, 0.0, 0.0, 0.0, 0.0, 0.0, 0.0, 0.0, 0.0, 0.0, 0.0, 0.0, 0.0, 0.0, 0.0, 0.0, 0.0, 0.0, 0.0, 0.0, 0.0, 0.0, 0.0, 0.0, 0.0, 0.0, 0.0, 0.0, 0.0, 0.0, 0.0, 0.0, 0.0, 0.0, 0.0, 0.0, 0.0, 0.0, 0.0, 0.0, 0.0, 0.0, 0.0, 0.0, 0.0, 0.0, 0.0, 0.0, 0.0], "A3": [0.0, 0.0, 0.0, 0.0, 0.0, 0.0, 0.0, 0.0, 0.0, 0.0, 0.0, 0.0, 0.0, 0.0, 0.0, 0.0, 0.0, 0.0, 0.0, 0.0, 0.0, 0.0, 0.0, 0.0, 0.0, 0.0, 0.0, 0.0, 0.0, 0.0, 0.0, 0.0, 0.0, 0.0, 0.0, 0.0, 0.0, 0.0, 0.0, 0.0, 0.0, 0.0, 0.0, 0.0, 0.0, 0.0, 0.0, 0.0, 0.0, 0.0, 0.0, 0.0, 0.0, 0.0, 0.0, 0.0, 0.0, 0.0, 0.0, 0.0, 0.0, 0.0, 0.0, 0.0, 0.0, 0.0, 0.0, 0.0, 0.0, 0.0, 0.0, 0.0, 0.0], "BCC2": [0.0, 0.0, 0.0, 0.0, 0.0, 0.0, 0.0, 0.0, 0.0, 0.0, 0.0, 0.0, 0.0, 0.0, 0.0, 0.0, 0.0, 0.0, 0.0, 0.0, 0.0, 0.0, 0.0, 0.0, 0.0, 0.0, 0.0, 0.0, 0.0, 0.0, 0.0, 0.0, 0.0, 0.0, 0.0, 0.0, 0.0, 0.0, 0.0, 0.0, 0.0, 0.0, 0.0, 0.0, 0.0, 0.0, 0.0, 0.0, 0.0, 0.0, 0.0, 0.0, 0.0, 0.0, 0.0, 0.0, 0.0, 0.0, 0.0, 0.0, 0.0, 0.0, 0.0, 0.0, 0.0, 0.0, 0.0, 0.0, 0.0, 0.0, 0.0, 0.0, 0.0], "C14": [0.0, 0.0, 0.0, 0.0, 0.0, 0.0, 0.0, 0.0, 0.0, 0.0, 0.0, 0.0, 0.0, 0.0, 0.0, 0.0, 0.0, 0.0, 0.0, 0.0, 0.0, 0.0, 0.0, 0.0, 0.0, 0.0, 0.0, 0.0, 0.0, 0.0, 0.0, 0.0, 0.06217002936110286, 0.13073860588219682, 0.0914957081070449, 0.06815001437356209, 0.05304409435959059, 0.04265966028096221, 0.035186809019894516, 0.02961320511684051, 0.025334789686138004, 0.021972048436779242, 0.019276284696278772, 0.017078708698606525, 0.015261312452971467, 0.013739465510334286, 0.012451120746225548, 0.01134990120885035, 0.010400546724108343, 0.009575839806625184, 0.008854484301467088, 0.008219612530900006, 0.007657716071262279, 0.007157867655791448, 0.006711146685479478, 0.006310209433806656, 0.0059489635902175006, 0.005622319058145498, 0.0053259951745488615, 0.005056370156591464, 0.013419772742862573, 0.009113602857459602, 3.5543170273023227e-07, 0.0, 0.0, 0.0, 0.0, 0.0031190582822581666, 2.2553573660709068e-07, 1.9126382204526907e-07, 1.6250972151447004e-07, 0.0, 0.020562120726995547], "FCC4": [0.0, 0.0, 0.0, 0.0, 0.0, 0.0, 0.0, 0.0, 0.0, 0.0, 0.0, 0.0, 0.0, 0.0, 0.0, 0.0, 0.0, 0.0, 0.0, 0.0, 0.0, 0.0, 0.0, 0.0, 0.0, 0.0, 0.0, 0.0, 0.0, 0.0, 0.0, 0.0, 0.0, 0.0, 0.0, 0.0, 0.0, 0.0, 0.0, 0.0, 0.0, 0.0, 0.0, 0.0, 0.0, 0.0, 0.0, 0.0, 0.0, 0.0, 0.0, 0.0, 0.0, 0.0, 0.0, 0.0, 0.0, 0.0, 0.0, 0.0, 0.0, 0.0, 0.0, 0.0, 0.0, 0.0, 0.0, 0.0, 0.0, 0.0, 0.0, 0.0, 0.0],