{"x_liquid": {"NI": [0.26736252961194584, 0.26736252961194584, 0.26736252961194584, 0.26736252961194584, 0.26736252961194584, 0.26736252961194584, 0.26736252961194584, 0.26736252961194584, 0.26736252961194584, 0.26736252961194584, 0.26736252961194584, 0.26736252961194584, 0.2673625296119459, 0.2673625296119459, 0.26736252961194595, 0.267362529611946, 0.26736252961194606, 0.2673625296119461, 0.2673625296119461, 0.2673625296119461, 0.2673625296119462, 0.2673625296119462, 0.2673625296119462, 0.2673625296119462, 0.2673625296119462, 0.2673625296119462, 0.26736252961194623, 0.26736252961194623, 0.2673625296119463, 0.26736252961194623, 0.26736252961194623, 0.2673625296119463, 0.26736252961194623, 0.26736252961194623, 0.2673625296119463, 0.26736252961194623, 0.2673625296119463, 0.26736252961194623, 0.27058202033218903, 0.2750367442252004, 0.2792609261652184, 0.28328666356934135, 0.2871396795794395, 0.2908409553344676, 0.29440786743662345, 0.29785500141229937, 0.30119474668572876, 0.3044377404142008, 0.30759320441190946, 0.31066920494141215, 0.3136728558742663, 0.31661047961819355, 0.31948773610407366, 0.3223097273125311, 0.32508108285642445, 0.3278060307435809, 0.330488456442931, 0.3474358592629753, 0.36600032756983375, 0.38369629924331455, 0.40057680579063715, 0.4166787667332746, 0.41667939952058675, 0.4166793995208631, 0.41667939952100125, 0.4166793995211395, 0.4166793995212777, 0.4229361339239104, 0.4229366007384255, 0.42293694929627246, 0.4229370828845348, 0.42293729467365954, NaN], "TI": [0.23312966870209553, 0.23312966870209556, 0.23312966870209556, 0.23312966870209556, 0.23312966870209556, 0.23312966870209556, 0.23312966870209556, 0.23312966870209556, 0.23312966870209556, 0.23312966870209556, 0.23312966870209556, 0.23312966870209556, 0.23312966870209556, 0.23312966870209556, 0.23312966870209556, 0.23312966870209556, 0.23312966870209556, 0.2331296687020956, 0.2331296687020956, 0.2331296687020956, 0.2331296687020956, 0.23312966870209556, 0.2331296687020956, 0.2331296687020956, 0.23312966870209562, 0.2331296687020956, 0.23312966870209562, 0.23312966870209562, 0.2331296687020956, 0.23312966870209562, 0.23312966870209562, 0.2331296687020956, 0.2331296687020956, 0.2331296687020956, 0.23312966870209562, 0.23312966870209562, 0.2331296687020956, 0.23312966870209556, 0.22979417290982368, 0.2251932518153869, 0.22084936586272816, 0.216731647091922, 0.21281488621473463, 0.20907817601849504, 0.20550394647554887, 0.2020772616117905, 0.19878529625470767, 0.19561693943160513, 0.192562488859351, 0.18961341219683844, 0.18676215805760785, 0.18400200467347536, 0.18132693743716727, 0.17873154887103376, 0.17621095620856875, 0.17376073295261957, 0.17137685163134583, 0.17412339654434011, 0.1778462014975208, 0.18165991446546464, 0.18555564137727304, 0.18952180861869214, 0.18952192790885775, 0.18952192790925237, 0.18952192790944974, 0.18952192790964714, 0.1895219279098445, 0.19113228316635472, 0.19113235724501187, 0.1911323984767551, 0.19113259483573994, 0.19113247744985726, NaN]}, "fraction_solid": [0.0, 0.0, 0.0, 0.0, 0.0, 0.0, 0.0, 0.0, 0.0, 0.0, 0.0, 0.0, 0.0, 0.0, 0.0, 0.0, 0.0, 0.0, 0.0, 0.0, 0.0, 0.0, 0.0, 0.0, 0.0, 0.0, 0.0, 0.0, 0.0, 0.0, 0.0, 0.0, 0.0, 0.0, 0.0, 0.0, 0.0, 0.0, 0.0416941868246223, 0.09466022390097903, 0.14026568405458723, 0.1800453311111303, 0.21512582617068932, 0.2463545737648376, 0.27438230473390013, 0.29971777137269806, 0.3227650102811889, 0.3438493611516332, 0.3632360314754943, 0.3811435988872774, 0.3977540009242455, 0.4132200403448424, 0.427671102632155, 0.4412175667500962, 0.4539542471360824, 0.4659631081441305, 0.4773154255786466, 0.5900694295251393, 0.6858745310355756, 0.7554787259998391, 0.8073080881004289, 0.8466318150351433, 0.8466330447708115, 0.8466330447708115, 0.8466330447708115, 0.8466330447708115, 0.8466330447708115, 0.8592043309919674, 0.859205143650892, 0.8592057314757845, 0.8592061999264352, 0.8592063652707023, 1.0], "temperatures": [2000.0, 2000.0, 1990.0, 1980.0, 1970.0, 1960.0, 1950.0, 1940.0, 1930.0, 1920.0, 1910.0, 1900.0, 1890.0, 1880.0, 1870.0, 1860.0, 1850.0, 1840.0, 1830.0, 1820.0, 1810.0, 1800.0, 1790.0, 1780.0, 1770.0, 1760.0, 1750.0, 1740.0, 1730.0, 1720.0, 1710.0, 1700.0, 1690.0, 1680.0, 1670.0, 1660.0, 1650.0, 1640.0, 1630.0, 1620.0, 1610.0, 1600.0, 1590.0, 1580.0, 1570.0, 1560.0, 1550.0, 1540.0, 1530.0, 1520.0, 1510.0, 1500.0, 1490.0, 1480.0, 1470.0, 1460.0, 1450.0, 1440.0, 1430.0, 1420.0, 1410.0, 1400.0, 1400.0, 1400.0, 1400.0, 1400.0, 1400.0, 1395.9812242798355, 1395.9812242798355, 1395.9812242798355, 1395.9812242798355, 1395.9812242798355, 1394.0431572851573], "phase_amounts": {"A1": [0.0, 0.0, 0.0, 0.0, 0.0, 0.0, 0.0, 0.0, 0.0, 0.0, 0.0, 0.0, 0.0, 0.0, 0.0, 0.0, 0.0, 0.0, 0.0, 0.0, 0.0, 0.0, 0.0, 0.0, 0.0, 0.0, 0.0, 0.0, 0.0, 0.0, 0.0, 0.0, 0.0, 0.0, 0.0, 0.0, 0.0, 0.0, 0.0, 0.0, 0.0, 0.0, 0.0, 0.0, 0.0, 0.0, 0.0, 0.0, 0.0, 0.0, 0.0, 0.0, 0.0, 0.0, 0.0, 0.0, 0.0, 0.084583137079648, 0.07356929516771739, 0.05367109064372064, 0.04014340309065057, 0.030592687900751425, 8.892240043923243e-07, 0.0, 0.0, 0.0, 0.0, 0.009583155894805916, 5.765792903741903e-07, 4.0612030531355146e-07, 4.68450650725869e-07, 0.0, 0.07469176031658756], "A2": [0.0, 0.0, 0.0, 0.0, 0.0, 0.0, 0.0, 0.0, 0.0, 0.0, 0.0, 0.0, 0.0, 0.0, 0.0, 0.0, 0.0, 0.0, 0.0, 0.0, 0.0, 0.0, 0.0, 0.0, 0.0, 0.0, 0.0, 0.0, 0.0, 0.0, 0.0, 0.0, 0.0, 0.0, 0.0, 0.0, 0.0, 0.0, 0.0, 0.0, 0.0, 0.0, 0.0, 0.0, 0.0, 0.0, 0.0, 0.0, 0.0, 0.0, 0.0, 0.0, 0.0, 0.0, 0.0, 0.0, 0.0, 0.0, 0.0, 0.0, 0.0, 0.0, 0.0, 0.0, 0.0, 0.0, 0.0, 0.0, 0.0, 0.0, 0.0, 0.0, 0.0], "A3": [0.0, 0.0, 0.0, 0.0, 0.0, 0.0, 0.0, 0.0, 0.0, 0.0, 0.0, 0.0, 0.0, 0.0, 0.0, 0.0, 0.0, 0.0, 0.0, 0.0, 0.0, 0.0, 0.0, 0.0, 0.0, 0.0, 0.0, 0.0, 0.0, 0.0, 0.0, 0.0, 0.0, 0.0, 0.0, 0.0, 0.0, 0.0, 0.0, 0.0, 0.0, 0.0, 0.0, 0.0, 0.0, 0.0, 0.0, 0.0, 0.0, 0.0, 0.0, 0.0, 0.0, 0.0, 0.0, 0.0, 0.0, 0.0, 0.0, 0.0, 0.0, 0.0, 0.0, 0.0, 0.0, 0.0, 0.0, 0.0, 0.0, 0.0, 0.0, 0.0, 0.0], "BCC2": [0.0, 0.0, 0.0, 0.0, 0.0, 0.0, 0.0, 0.0, 0.0, 0.0, 0.0, 0.0, 0.0, 0.0, 0.0, 0.0, 0.0, 0.0, 0.0, 0.0, 0.0, 0.0, 0.0, 0.0, 0.0, 0.0, 0.0, 0.0, 0.0, 0.0, 0.0, 0.0, 0.0, 0.0, 0.0, 0.0, 0.0, 0.0, 0.0, 0.0, 0.0, 0.0, 0.0, 0.0, 0.0, 0.0, 0.0, 0.0, 0.0, 0.0, 0.0, 0.0, 0.0, 0.0, 0.0, 0.0, 0.0, 0.0, 0.0, 0.0, 0.0, 0.0, 0.0, 0.0, 0.0, 0.0, 0.0, 0.0, 0.0, 0.0, 0.0, 0.0, 0.0], "C14": [0.0, 0.0, 0.0, 0.0, 0.0, 0.0, 0.0, 0.0, 0.0, 0.0, 0.0, 0.0, 0.0, 0.0, 0.0, 0.0, 0.0, 0.0, 0.0, 0.0, 0.0, 0.0, 0.0, 0.0, 0.0, 0.0, 0.0, 0.0, 0.0, 0.0, 0.0, 0.0, 0.0, 0.0, 0.0, 0.0, 0.0, 0.0, 0.0416941868246223, 0.05296603707635672, 0.0456054601536082, 0.03977964705654308, 0.035080495059559, 0.031228747594148284, 0.028027730969062498, 0.02533546663879796, 0.023047238908490864, 0.0210843508704443, 0.01938667032386108, 0.017907567411783083, 0.016610402036968126, 0.015466039420596857, 0.014451062287312652, 0.013546464117941208, 0.012736680385986214, 0.012008861008048105, 0.011352317434516116, 0.028170866866844717, 0.02223580634271889, 0.015933104320542818, 0.011685959009939153, 0.008731039033963005, 3.405116638022934e-07, 0.0, 0.0, 0.0, 0.0, 0.0029881303263499504, 2.360796341240642e-07, 1.817045873187797e-07, 0.0, 1.653442670264546e-07, 0.01969894622103774], "FCC4": [0.0, 0.0, 0.0, 0.0, 0.0, 0.0, 0.0, 0.0, 0.0, 0.0, 0.0, 0.0, 0.0, 0.0, 0.0, 0.0, 0.0, 0.0, 0.0, 0.0, 0.0, 0.0, 0.0, 0.0, 0.0, 0.0, 0.0, 0.0, 0.0, 0.0, 0.0, 0.0, 0.0, 0.0, 0.0, 0.0, 0.0, 0.0, 0.0, 0.0, 0.0, 0.0, 0.0, 0.0, 0.0, 0.0, 0.0, 0.0, 0.0, 0.0, 0.0, 0.0, 0.0, 0.0, 0.0, 0.0, 0.0, 0.0, 0.0, 0.0, 0.0, 0.0, 0.0, 0.0, 0.0, 0.0, 0.0, 0.0, 0.0, 0.0, 0.0, 0.0, 0.0], "NI3TI": [0.0, 0.0, 0.0, 0.0, 0.0, 0.0, 0.0, 0.0, 0.0, 0.0, 0.0, 0.0, 0.0, 0.0, 0.0, 0.0, 0.0, 0.0, 0.0, 0.0, 0.0, 0.0, 0.0, 0.0, 0.0, 0.0, 0.0, 0.0, 0.0, 0.0, 0.0, 0.0, 0.0, 0.0, 0.0, 0.0, 0.0, 0.0, 0.0, 0.0, 0.0, 0.0, 0.0, 0.0, 0.0, 0.0, 0.0, 0.0, 0.0, 0.0, 0.0, 0.0, 0.0, 0.0, 0.0, 0.0, 0.0, 0.0, 0.0, 0.0, 0.0, 0.0, 0.0, 0.0, 0.0, 0.0, 0.0, 0.0, 0.0, 0.0, 0.0, 0.0, 0.04640292819167244],