{"x_liquid": {"NI": [0.29111196386475613, 0.29111196386475613, 0.29111196386475613, 0.29111196386475613, 0.29111196386475613, 0.29111196386475613, 0.29111196386475613, 0.29111196386475613, 0.29111196386475613, 0.29111196386475613, 0.29111196386475613, 0.29111196386475613, 0.29111196386475613, 0.29111196386475613, 0.29111196386475613, 0.29111196386475613, 0.29111196386475613, 0.29111196386475613, 0.29111196386475613, 0.29111196386475613, 0.29111196386475613, 0.29111196386475613, 0.29111196386475613, 0.29111196386475613, 0.29111196386475613, 0.29111196386475613, 0.29111196386475613, 0.29111196386475613, 0.29111196386475613, 0.29111196386475613, 0.29111196386475613, 0.29111196386475613, 0.29111196386475613, 0.29111196386475613, 0.29111196386475613, 0.29111196386475613, 0.29111196386475613, 0.29111196386475613, 0.29111196386475613, 0.29111196386475613, 0.29111196386475613, 0.29111196386475613, 0.29111196386475613, 0.29111196386475613, 0.29111196386475613, 0.29111196386475613, 0.29111196386475613, 0.29111196386475613, 0.29111196386475613, 0.29111196386475613, 0.29111196386475613, 0.29111196386475613, 0.29111196386475613, 0.29111196386475613, 0.29111196386475613, 0.3073967907119008, 0.3279317886645927, 0.3474358592629646, 0.3660003275698246, 0.38369629924330956, 0.4005768057906252, 0.4166787667332766, 0.4166792117364831, 0.41667956230291386, 0.4166796998664262, 0.4166796998664262, 0.4166796998664262, 0.42293613392390983, 0.4229366007384242, 0.42293694929624237, 0.42293708288449716, 0.4229372946736405, NaN], "TI": [0.16500966497522807, 0.1650096649752281, 0.16500966497522807, 0.1650096649752281, 0.1650096649752281, 0.1650096649752281, 0.16500966497522812, 0.16500966497522812, 0.16500966497522812, 0.16500966497522812, 0.16500966497522812, 0.1650096649752281, 0.1650096649752281, 0.16500966497522807, 0.16500966497522807, 0.16500966497522807, 0.16500966497522807, 0.1650096649752281, 0.1650096649752281, 0.1650096649752281, 0.16500966497522807, 0.16500966497522807, 0.1650096649752281, 0.1650096649752281, 0.1650096649752281, 0.1650096649752281, 0.1650096649752281, 0.1650096649752281, 0.1650096649752281, 0.1650096649752281, 0.16500966497522807, 0.1650096649752281, 0.1650096649752281, 0.1650096649752281, 0.1650096649752281, 0.16500966497522807, 0.1650096649752281, 0.1650096649752281, 0.1650096649752281, 0.16500966497522812, 0.1650096649752281, 0.1650096649752281, 0.1650096649752281, 0.16500966497522812, 0.1650096649752281, 0.1650096649752281, 0.16500966497522807, 0.1650096649752281, 0.1650096649752281, 0.1650096649752281, 0.1650096649752281, 0.1650096649752281, 0.1650096649752281, 0.1650096649752281, 0.1650096649752281, 0.16698203172106119, 0.17049920010661823, 0.1741233965443376, 0.17784620149751793, 0.18165991446546337, 0.18555564137727004, 0.18952180861869306, 0.1895218844932729, 0.18952192277417573, 0.1895221192566354, 0.1895221192566354, 0.1895221192566354, 0.19113228316635433, 0.19113235724501143, 0.1911323984767943, 0.1911325948357681, 0.1911324774498751, NaN]}, "fraction_solid": [0.0, 0.0, 0.0, 0.0, 0.0, 0.0, 0.0, 0.0, 0.0, 0.0, 0.0, 0.0, 0.0, 0.0, 0.0, 0.0, 0.0, 0.0, 0.0, 0.0, 0.0, 0.0, 0.0, 0.0, 0.0, 0.0, 0.0, 0.0, 0.0, 0.0, 0.0, 0.0, 0.0, 0.0, 0.0, 0.0, 0.0, 0.0, 0.0, 0.0, 0.0, 0.0, 0.0, 0.0, 0.0, 0.0, 0.0, 0.0, 0.0, 0.0, 0.0, 0.0, 0.0, 0.0, 0.0, 0.22346041365858407, 0.43280874518733004, 0.574213182838585, 0.6737240565767959, 0.7460205642526996, 0.7998547027965557, 0.8406994841727676, 0.840700370635188, 0.8407010373542387, 0.8407015659435919, 0.8407015659435919, 0.8407015659435919, 0.8537582585210602, 0.853759102614185, 0.853759713176555, 0.853760199747169, 0.8537603714870801, 1.0], "temperatures": [2000.0, 2000.0, 1990.0, 1980.0, 1970.0, 1960.0, 1950.0, 1940.0, 1930.0, 1920.0, 1910.0, 1900.0, 1890.0, 1880.0, 1870.0, 1860.0, 1850.0, 1840.0, 1830.0, 1820.0, 1810.0, 1800.0, 1790.0, 1780.0, 1770.0, 1760.0, 1750.0, 1740.0, 1730.0, 1720.0, 1710.0, 1700.0, 1690.0, 1680.0, 1670.0, 1660.0, 1650.0, 1640.0, 1630.0, 1620.0, 1610.0, 1600.0, 1590.0, 1580.0, 1570.0, 1560.0, 1550.0, 1540.0, 1530.0, 1520.0, 1510.0, 1500.0, 1490.0, 1480.0, 1470.0, 1460.0, 1450.0, 1440.0, 1430.0, 1420.0, 1410.0, 1400.0, 1400.0, 1400.0, 1400.0, 1400.0, 1400.0, 1395.9812242798355, 1395.9812242798355, 1395.9812242798355, 1395.9812242798355, 1395.9812242798355, 1394.0431572851573], "phase_amounts": {"A1": [0.0, 0.0, 0.0, 0.0, 0.0, 0.0, 0.0, 0.0, 0.0, 0.0, 0.0, 0.0, 0.0, 0.0, 0.0, 0.0, 0.0, 0.0, 0.0, 0.0, 0.0, 0.0, 0.0, 0.0, 0.0, 0.0, 0.0, 0.0, 0.0, 0.0, 0.0, 0.0, 0.0, 0.0, 0.0, 0.0, 0.0, 0.0, 0.0, 0.0, 0.0, 0.0, 0.0, 0.0, 0.0, 0.0, 0.0, 0.0, 0.0, 0.0, 0.0, 0.0, 0.0, 0.0, 0.0, 0.1646929245170196, 0.15986036522307798, 0.10821499368460039, 0.0764149792341307, 0.055747105741115195, 0.04169616287018334, 0.03177602293626587, 6.341233963779457e-07, 4.582420038202129e-07, 5.285893531234745e-07, 0.0, 0.0, 0.00995308383519304, 5.98881769784453e-07, 4.218293582596386e-07, 4.865706140536942e-07, 0.0, 0.07758088853003149], "A2": [0.0, 0.0, 0.0, 0.0, 0.0, 0.0, 0.0, 0.0, 0.0, 0.0, 0.0, 0.0, 0.0, 0.0, 0.0, 0.0, 0.0, 0.0, 0.0, 0.0, 0.0, 0.0, 0.0, 0.0, 0.0, 0.0, 0.0, 0.0, 0.0, 0.0, 0.0, 0.0, 0.0, 0.0, 0.0, 0.0, 0.0, 0.0, 0.0, 0.0, 0.0, 0.0, 0.0, 0.0, 0.0, 0.0, 0.0, 0.0, 0.0, 0.0, 0.0, 0.0, 0.0, 0.0, 0.0, 0.0, 0.0, 0.0, 0.0, 0.0, 0.0, 0.0, 0.0, 0.0, 0.0, 0.0, 0.0, 0.0, 0.0, 0.0, 0.0, 0.0, 0.0], "A3": [0.0, 0.0, 0.0, 0.0, 0.0, 0.0, 0.0, 0.0, 0.0, 0.0, 0.0, 0.0, 0.0, 0.0, 0.0, 0.0, 0.0, 0.0, 0.0, 0.0, 0.0, 0.0, 0.0, 0.0, 0.0, 0.0, 0.0, 0.0, 0.0, 0.0, 0.0, 0.0, 0.0, 0.0, 0.0, 0.0, 0.0, 0.0, 0.0, 0.0, 0.0, 0.0, 0.0, 0.0, 0.0, 0.0, 0.0, 0.0, 0.0, 0.0, 0.0, 0.0, 0.0, 0.0, 0.0, 0.0, 0.0, 0.0, 0.0, 0.0, 0.0, 0.0, 0.0, 0.0, 0.0, 0.0, 0.0, 0.0, 0.0, 0.0, 0.0, 0.0, 0.0], "BCC2": [0.0, 0.0, 0.0, 0.0, 0.0, 0.0, 0.0, 0.0, 0.0, 0.0, 0.0, 0.0, 0.0, 0.0, 0.0, 0.0, 0.0, 0.0, 0.0, 0.0, 0.0, 0.0, 0.0, 0.0, 0.0, 0.0, 0.0, 0.0, 0.0, 0.0, 0.0, 0.0, 0.0, 0.0, 0.0, 0.0, 0.0, 0.0, 0.0, 0.0, 0.0, 0.0, 0.0, 0.0, 0.0, 0.0, 0.0, 0.0, 0.0, 0.0, 0.0, 0.0, 0.0, 0.0, 0.0, 0.0, 0.0, 0.0, 0.0, 0.0, 0.0, 0.0, 0.0, 0.0, 0.0, 0.0, 0.0, 0.0, 0.0, 0.0, 0.0, 0.0, 0.0], "C14": [0.0, 0.0, 0.0, 0.0, 0.0, 0.0, 0.0, 0.0, 0.0, 0.0, 0.0, 0.0, 0.0, 0.0, 0.0, 0.0, 0.0, 0.0, 0.0, 0.0, 0.0, 0.0, 0.0, 0.0, 0.0, 0.0, 0.0, 0.0, 0.0, 0.0, 0.0, 0.0, 0.0, 0.0, 0.0, 0.0, 0.0, 0.0, 0.0, 0.0, 0.0, 0.0, 0.0, 0.0, 0.0, 0.0, 0.0, 0.0, 0.0, 0.0, 0.0, 0.0, 0.0, 0.0, 0.0, 0.05876748914156447, 0.04948796630566798, 0.03318944396665452, 0.023095894504080224, 0.016549401934788488, 0.012137975673672837, 0.009068758439946048, 2.523390240162584e-07, 2.0847704697526614e-07, 0.0, 0.0, 0.0, 0.0031036087422753583, 2.452113550210888e-07, 1.8873301180449872e-07, 0.0, 1.7173991111158182e-07, 0.020460914891513537], "FCC4": [0.0, 0.0, 0.0, 0.0, 0.0, 0.0, 0.0, 0.0, 0.0, 0.0, 0.0, 0.0, 0.0, 0.0, 0.0, 0.0, 0.0, 0.0, 0.0, 0.0, 0.0, 0.0, 0.0, 0.0, 0.0, 0.0, 0.0, 0.0, 0.0, 0.0, 0.0, 0.0, 0.0, 0.0, 0.0, 0.0, 0.0, 0.0, 0.0, 0.0, 0.0, 0.0, 0.0, 0.0, 0.0, 0.0, 0.0, 0.0, 0.0, 0.0, 0.0, 0.0, 0.0, 0.0, 0.0, 0.0, 0.0, 0.0, 0.0, 0.0, 0.0, 0.0, 0.0, 0.0, 0.0, 0.0, 0.0, 0.0, 0.0, 0.0, 0.0, 0.0, 0.0], "NI3TI": [0.0, 0.0, 0.0, 0.0, 0.0, 0.0, 0.0, 0.0, 0.0, 0.0, 0.0, 0.0, 0.0, 0.0, 0.0, 0.0, 0.0, 0.0, 0.0, 0.0, 0.0, 0.0, 0.0, 0.0, 0.0, 0.0, 0.0, 0.0, 0.0, 0.0, 0.0, 0.0, 0.0, 0.0, 0.0, 0.0, 0.0, 0.0, 0.0, 0.0, 0.0, 0.0, 0.0, 0.0, 0.0, 0.0, 0.0, 0.0, 0.0, 0.0, 0.0, 0.0, 0.0, 0.0, 0.0, 0.0, 0.0, 0.0, 0.0, 0.0, 0.0, 0.0, 0.0, 0.0, 0.0, 0.0, 0.0, 0.0, 0.0, 0.0, 0.0, 0.0, 0.04819782509137491], "NITI2": [0.0, 0.0, 0.0, 0.0, 0.0, 0.0, 0.0, 0.0, 0.0, 0.0, 0.0, 0.0, 0.0, 0.0, 0.0, 0.0, 0.0, 0.0, 0.0, 0.0, 0.0, 0.0, 0.0, 0.0, 0.0, 0.0, 0.0, 0.0, 0.0, 0.0, 0.0, 0.0, 0.0, 0.0, 0.0, 0.0, 0.0, 0.0, 0.0, 0.0, 0.0, 0.0, 0.0, 0.0, 0.0, 0.0, 0.0, 0.0, 0.0, 0.0, 0.0, 0.0, 0.0, 0.0, 0.0, 0.0, 0.0, 0.0, 0.0, 0.0, 0.0, 0.0, 0.0, 0.0, 0.0, 0.0, 0.0, 0.0, 0.0, 0.0, 0.0, 0.0, 0.0]}, "converged": false, "method": "scheil"}