{"x_liquid": {"NI": [0.25956197640170825, 0.25956197640170825, 0.2595619764017083, 0.2595619764017083, 0.2595619764017083, 0.2595619764017083, 0.25956197640170825, 0.25956197640170825, 0.2595619764017083, 0.2595619764017083, 0.2595619764017083, 0.2595619764017083, 0.2595619764017083, 0.25956197640170825, 0.25956197640170825, 0.2595619764017083, 0.2595619764017083, 0.2595619764017083, 0.2595619764017083, 0.2595619764017083, 0.2595619764017083, 0.2595619764017083, 0.2595619764017083, 0.2595619764017083, 0.2595619764017083, 0.2595619764017083, 0.25956197640170825, 0.2595619764017083, 0.25956197640170836, 0.25956197640170836, 0.25956197640170836, 0.25956197640170836, 0.25956197640170836, 0.2595619764017084, 0.25956197640164, 0.2661276629717854, 0.27214614050213665, 0.27771383348535034, 0.2829121506826453, 0.2878016210774526, 0.29242860525966746, 0.29682949054600716, 0.3010334283901937, 0.30506418553362274, 0.3089414341701721, 0.3126816746765812, 0.3162989105140986, 0.31980515165880924, 0.3232107967122505, 0.3265249274648563, 0.3297555391650948, 0.3329097228246182, 0.3359938112342693, 0.3390134971739951, 0.3419739300715377, 0.34487979578502437, 0.3477353830476194, 0.35054463928347185, 0.3660003275698322, 0.3836962992433083, 0.40057680579063704, 0.41667876673328086, 0.41667939952058963, 0.41667953771050786, 0.4166795377102985, 0.41667953771008914, 0.4166795377098797, 0.4229361339239116, 0.4229365562290946, 0.42293691184298077, 0.42293704720771463, 0.42293726069588217, NaN], "TI": [0.2555038317283212, 0.2555038317283212, 0.25550383172832125, 0.2555038317283213, 0.2555038317283213, 0.2555038317283213, 0.25550383172832125, 0.2555038317283212, 0.25550383172832125, 0.25550383172832125, 0.2555038317283212, 0.2555038317283212, 0.25550383172832125, 0.2555038317283212, 0.2555038317283212, 0.25550383172832125, 0.2555038317283212, 0.2555038317283212, 0.2555038317283212, 0.25550383172832125, 0.2555038317283212, 0.2555038317283212, 0.25550383172832125, 0.25550383172832125, 0.25550383172832125, 0.25550383172832125, 0.2555038317283212, 0.25550383172832125, 0.2555038317283213, 0.2555038317283213, 0.2555038317283213, 0.2555038317283213, 0.2555038317283213, 0.2555038317283213, 0.2555038317283831, 0.24951871613981952, 0.24400468864673755, 0.23889255948811958, 0.23411947393545698, 0.2296373293962844, 0.2254083367390855, 0.22140216413488256, 0.2175940240364822, 0.21396334849728665, 0.21049284574654697, 0.20716781193182457, 0.20397561844240933, 0.20090532299796612, 0.1979473698428052, 0.19509335530479485, 0.19233584211035096, 0.18966821061598266, 0.18708453837284747, 0.1845795017051413, 0.1821482945856936, 0.17978656124321596, 0.17749033977465936, 0.1752560146554113, 0.17784620149751923, 0.1816599144654633, 0.18555564137727423, 0.18952180861869386, 0.18952192790885902, 0.18952212528586765, 0.18952212528598725, 0.18952212528610682, 0.18952212528622636, 0.19113228316635533, 0.19113234370527926, 0.1911323913406893, 0.19113259031082386, 0.19113247198321523, NaN]}, "fraction_solid": [0.0, 0.0, 0.0, 0.0, 0.0, 0.0, 0.0, 0.0, 0.0, 0.0, 0.0, 0.0, 0.0, 0.0, 0.0, 0.0, 0.0, 0.0, 0.0, 0.0, 0.0, 0.0, 0.0, 0.0, 0.0, 0.0, 0.0, 0.0, 0.0, 0.0, 0.0, 0.0, 0.0, 0.0, 0.0, 0.09163790656536192, 0.1636925122807586, 0.22199364038709313, 0.2703312424976967, 0.3111952796287919, 0.3462942453024375, 0.37684250914588224, 0.40372882201696564, 0.42761983873505294, 0.44902624637998534, 0.46834642943891086, 0.4858961372557448, 0.5019291481937074, 0.5166519804878947, 0.5302345694390048, 0.5428181518308199, 0.554521178955081, 0.5654438136296488, 0.575671394006486, 0.5852771326287333, 0.5943242420113519, 0.6028676250100424, 0.6109552312602508, 0.6859461256604573, 0.755534456625377, 0.8073520059183574, 0.8466667702958992, 0.8466679997512833, 0.8466685108572124, 0.8466685108572124, 0.8466685108572124, 0.8466685108572124, 0.859236381561651, 0.8592371078486533, 0.8592377149351428, 0.8592381895072811, 0.8592383561401379, 1.0], "temperatures": [2000.0, 2000.0, 1990.0, 1980.0, 1970.0, 1960.0, 1950.0, 1940.0, 1930.0, 1920.0, 1910.0, 1900.0, 1890.0, 1880.0, 1870.0, 1860.0, 1850.0, 1840.0, 1830.0, 1820.0, 1810.0, 1800.0, 1790.0, 1780.0, 1770.0, 1760.0, 1750.0, 1740.0, 1730.0, 1720.0, 1710.0, 1700.0, 1690.0, 1680.0, 1670.0, 1660.0, 1650.0, 1640.0, 1630.0, 1620.0, 1610.0, 1600.0, 1590.0, 1580.0, 1570.0, 1560.0, 1550.0, 1540.0, 1530.0, 1520.0, 1510.0, 1500.0, 1490.0, 1480.0, 1470.0, 1460.0, 1450.0, 1440.0, 1430.0, 1420.0, 1410.0, 1400.0, 1400.0, 1400.0, 1400.0, 1400.0, 1400.0, 1395.9812242798355, 1395.9812242798355, 1395.9812242798355, 1395.9812242798355, 1395.9812242798355, 1394.0431572851573], "phase_amounts": {"A1": [0.0, 0.0, 0.0, 0.0, 0.0, 0.0, 0.0, 0.0, 0.0, 0.0, 0.0, 0.0, 0.0, 0.0, 0.0, 0.0, 0.0, 0.0, 0.0, 0.0, 0.0, 0.0, 0.0, 0.0, 0.0, 0.0, 0.0, 0.0, 0.0, 0.0, 0.0, 0.0, 0.0, 0.0, 0.0, 0.0, 0.0, 0.0, 0.0, 0.0, 0.0, 0.0, 0.0, 0.0, 0.0, 0.0, 0.0, 0.0, 0.0, 0.0, 0.0, 0.0, 0.0, 0.0, 0.0, 0.0, 0.0, 0.0, 0.05607852598914966, 0.053658858074302915, 0.04013425371511959, 0.030585715298310962, 8.890213306001987e-07, 5.111059291315157e-07, 0.0, 0.0, 0.0, 0.00958042290205344, 5.102678774934703e-07, 4.2389315205883254e-07, 4.7457213837835937e-07, 0.0, 0.0746747994876193], "A2": [0.0, 0.0, 0.0, 0.0, 0.0, 0.0, 0.0, 0.0, 0.0, 0.0, 0.0, 0.0, 0.0, 0.0, 0.0, 0.0, 0.0, 0.0, 0.0, 0.0, 0.0, 0.0, 0.0, 0.0, 0.0, 0.0, 0.0, 0.0, 0.0, 0.0, 0.0, 0.0, 0.0, 0.0, 0.0, 0.0, 0.0, 0.0, 0.0, 0.0, 0.0, 0.0, 0.0, 0.0, 0.0, 0.0, 0.0, 0.0, 0.0, 0.0, 0.0, 0.0, 0.0, 0.0, 0.0, 0.0, 0.0, 0.0, 0.0, 0.0, 0.0, 0.0, 0.0, 0.0, 0.0, 0.0, 0.0, 0.0, 0.0, 0.0, 0.0, 0.0, 0.0], "A3": [0.0, 0.0, 0.0, 0.0, 0.0, 0.0, 0.0, 0.0, 0.0, 0.0, 0.0, 0.0, 0.0, 0.0, 0.0, 0.0, 0.0, 0.0, 0.0, 0.0, 0.0, 0.0, 0.0, 0.0, 0.0, 0.0, 0.0, 0.0, 0.0, 0.0, 0.0, 0.0, 0.0, 0.0, 0.0, 0.0, 0.0, 0.0, 0.0, 0.0, 0.0, 0.0, 0.0, 0.0, 0.0, 0.0, 0.0, 0.0, 0.0, 0.0, 0.0, 0.0, 0.0, 0.0, 0.0, 0.0, 0.0, 0.0, 0.0, 0.0, 0.0, 0.0, 0.0, 0.0, 0.0, 0.0, 0.0, 0.0, 0.0, 0.0, 0.0, 0.0, 0.0], "BCC2": [0.0, 0.0, 0.0, 0.0, 0.0, 0.0, 0.0, 0.0, 0.0, 0.0, 0.0, 0.0, 0.0, 0.0, 0.0, 0.0, 0.0, 0.0, 0.0, 0.0, 0.0, 0.0, 0.0, 0.0, 0.0, 0.0, 0.0, 0.0, 0.0, 0.0, 0.0, 0.0, 0.0, 0.0, 0.0, 0.0, 0.0, 0.0, 0.0, 0.0, 0.0, 0.0, 0.0, 0.0, 0.0, 0.0, 0.0, 0.0, 0.0, 0.0, 0.0, 0.0, 0.0, 0.0, 0.0, 0.0, 0.0, 0.0, 0.0, 0.0, 0.0, 0.0, 0.0, 0.0, 0.0, 0.0, 0.0, 0.0, 0.0, 0.0, 0.0, 0.0, 0.0], "C14": [0.0, 0.0, 0.0, 0.0, 0.0, 0.0, 0.0, 0.0, 0.0, 0.0, 0.0, 0.0, 0.0, 0.0, 0.0, 0.0, 0.0, 0.0, 0.0, 0.0, 0.0, 0.0, 0.0, 0.0, 0.0, 0.0, 0.0, 0.0, 0.0, 0.0, 0.0, 0.0, 0.0, 0.0, 0.0, 0.09163790656536192, 0.07205460571539667, 0.05830112810633454, 0.04833760211060357, 0.04086403713109522, 0.035098965673645614, 0.03054826384344474, 0.02688631287108342, 0.02389101671808728, 0.021406407644932388, 0.019320183058925515, 0.017549707816833942, 0.01603301093796254, 0.01472283229418732, 0.01358258895111006, 0.01258358239181511, 0.011703027124261125, 0.010922634674567824, 0.010227580376837292, 0.00960573862224721, 0.009047109382618617, 0.008543382998690523, 0.008087606250208308, 0.01891236841105697, 0.015929472890616758, 0.011683295577860823, 0.008729049079230819, 3.4043405345841907e-07, 0.0, 0.0, 0.0, 0.0, 0.002987447802385204, 2.160191247159767e-07, 1.8319333750464012e-07, 0.0, 1.6663285675534307e-07, 0.019694479113371036], "FCC4": [0.0, 0.0, 0.0, 0.0, 0.0, 0.0, 0.0, 0.0, 0.0, 0.0, 0.0, 0.0, 0.0, 0.0, 0.0, 0.0, 0.0, 0.0, 0.0, 0.0, 0.0, 0.0, 0.0, 0.0, 0.0, 0.0, 0.0, 0.0, 0.0, 0.0, 0.0, 0.0, 0.0, 0.0, 0.0, 0.0, 0.0, 0.0, 0.0, 0.0, 0.0, 0.0, 0.0, 0.0, 0.0, 0.0, 0.0, 0.0, 0.0, 0.0, 0.0, 0.0, 0.0, 0.0, 0.0, 0.0, 0.0, 0.0, 0.0, 0.0, 0.0, 0.0, 0.0, 0.0, 0.0, 0.0, 0.0, 0.0, 0.0, 0.0, 0.0, 0.0, 0.0], "NI3TI": [0.0, 0.0, 0.0, 0.0, 0.0, 0.0, 0.0, 0.0, 0.0, 0.0, 0.0, 0.0, 0.0, 0.0, 0.0, 0.0, 0.0, 0.0, 0.0, 0.0, 0.0, 0.0, 0.0, 0.0, 0.0, 0.0, 0.0, 0.0, 0.0, 0.0, 0.0, 0.0, 0.0, 0.0, 0.0, 0.0, 0.0, 0.0, 0.0, 0.0, 0.0, 0.0, 0.0, 0.0, 0.0, 0.0, 0.0, 0.0, 0.0, 0.0, 0.0, 0.0, 0.0, 0.0, 0.0, 0.0, 0.0, 0.0, 0.0, 0.0, 0.0, 0.0, 0.0, 0.0, 0.0, 0.0, 0.0, 0.0, 0.0, 0.0, 0.0, 0.0, 0.04639236525887179],