{"x_liquid": {"NI": [0.17737947276910185, 0.17737947276910185, 0.17737947276910185, 0.17737947276910185, 0.17737947276910185, 0.17737947276910185, 0.17737947276910185, 0.17737947276910185, 0.17737947276910185, 0.17737947276910185, 0.17737947276910185, 0.17737947276910185, 0.17737947276910182, 0.17737947276910185, 0.17737947276910188, 0.17737947276910188, 0.17737947276910185, 0.17737947276910185, 0.17737947276910185, 0.17737947276910185, 0.17737947276910188, 0.17737947276910185, 0.17737947276910185, 0.17737947276910185, 0.17737947276910185, 0.17737947276910185, 0.17737947276910185, 0.17737947276910185, 0.17737947276910185, 0.17737947276910185, 0.17737947276910188, 0.17737947276910188, 0.1773794727691019, 0.17737947276910193, 0.17737947276910193, 0.17737947276910193, 0.17737947276910193, 0.17737947276910193, 0.17737947276910196, 0.17737947276910196, 0.17737947276910193, 0.17737947276910196, 0.17737947276910196, 0.177379472769102, 0.177379472769102, 0.19933696785515975, 0.20853941586647168, 0.21306109529004394, 0.21540764484685843, 0.2165672871059655, 0.21701626467418525, 0.21701321861221612, 0.21671044010357549, 0.21620303540085425, 0.21555312607782331, 0.21480274940260852, 0.21398117367082958, 0.21310925746417506, 0.21220215565214598, 0.21127105773329094, 0.21032433769381018, 0.2093683340784811, 0.20840789102861046, 0.2074467409448185, 0.20648777991429593, 0.20553326912690079, 0.2045849843426612, 0.20364432835625199, 0.20271241677138818, 0.2017901443285735, 0.20087823696521545, 0.20136372762220528, 0.1992426232279356, 0.19593752669811962, 0.19205967061110576, 0.1891602222895971, 0.20602266215340492, 0.22134880784826855, 0.2213488761673426, 0.23308398636781327, NaN], "TI": [0.4912261817491008, 0.49122618174910077, 0.49122618174910077, 0.49122618174910077, 0.49122618174910077, 0.49122618174910077, 0.49122618174910077, 0.49122618174910077, 0.49122618174910077, 0.49122618174910077, 0.49122618174910077, 0.49122618174910077, 0.4912261817491007, 0.49122618174910077, 0.4912261817491008, 0.4912261817491008, 0.49122618174910077, 0.49122618174910077, 0.49122618174910077, 0.49122618174910077, 0.49122618174910077, 0.4912261817491007, 0.49122618174910077, 0.49122618174910077, 0.49122618174910077, 0.49122618174910077, 0.49122618174910077, 0.49122618174910077, 0.4912261817491008, 0.49122618174910077, 0.4912261817491008, 0.49122618174910077, 0.49122618174910077, 0.4912261817491008, 0.4912261817491008, 0.4912261817491008, 0.49122618174910077, 0.49122618174910077, 0.49122618174910077, 0.49122618174910077, 0.49122618174910077, 0.4912261817491008, 0.49122618174910077, 0.49122618174910077, 0.4912261817491007, 0.5161401553567551, 0.5346838105719817, 0.5494705618415001, 0.5619897204633242, 0.5729561735889598, 0.5827787214530297, 0.5917163583802246, 0.5999448621655801, 0.6075896545479307, 0.6147437229138533, 0.6214781376663138, 0.6278485824706596, 0.6338995955119361, 0.6396674276018, 0.6451820285941812, 0.6504684647160632, 0.6555479530215517, 0.6604386314572925, 0.6651561421542224, 0.6697140800934238, 0.674124342975893, 0.6783974074103205, 0.6825425493368799, 0.6865680216778255, 0.6904811987681463, 0.6942886946813221, 0.7051568379807586, 0.7164731267651023, 0.7265913706718602, 0.7358050323469225, 0.7438951941127465, 0.7446564638384119, 0.745153969092431, 0.7451539721731998, 0.745404695022247, NaN]}, "fraction_solid": [0.0, 0.0, 0.0, 0.0, 0.0, 0.0, 0.0, 0.0, 0.0, 0.0, 0.0, 0.0, 0.0, 0.0, 0.0, 0.0, 0.0, 0.0, 0.0, 0.0, 0.0, 0.0, 0.0, 0.0, 0.0, 0.0, 0.0, 0.0, 0.0, 0.0, 0.0, 0.0, 0.0, 0.0, 0.0, 0.0, 0.0, 0.0, 0.0, 0.0, 0.0, 0.0, 0.0, 0.0, 0.0, 0.9174493491240209, 0.9549767628384935, 0.9678053365314573, 0.9743624225193069, 0.9783808555158747, 0.9811156746068439, 0.9831088082162277, 0.9846331837198781, 0.985841525092485, 0.9868261390372566, 0.9876462045310145, 0.988341473361074, 0.9889396774069057, 0.9894607788075296, 0.9899195307480714, 0.9903270847930051, 0.9906920354626065, 0.9910211197153505, 0.9913196977094949, 0.9915920908867916, 0.9918418245910838, 0.9920718053566483, 0.9922844525798593, 0.9924817977581064, 0.9926655602902494, 0.9928372060866285, 0.99485671684185, 0.9960250879068749, 0.9966965574599764, 0.9971371463246969, 0.9975407859696455, 0.9990070123871796, 0.9996720712797654, 0.9996720725126805, 0.999903987856333, 1.0], "temperatures": [2000.0, 2000.0, 1990.0, 1980.0, 1970.0, 1960.0, 1950.0, 1940.0, 1930.0, 1920.0, 1910.0, 1900.0, 1890.0, 1880.0, 1870.0, 1860.0, 1850.0, 1840.0, 1830.0, 1820.0, 1810.0, 1800.0, 1790.0, 1780.0, 1770.0, 1760.0, 1750.0, 1740.0, 1730.0, 1720.0, 1710.0, 1700.0, 1690.0, 1680.0, 1670.0, 1660.0, 1650.0, 1640.0, 1630.0, 1620.0, 1610.0, 1600.0, 1590.0, 1580.0, 1570.0, 1560.0, 1550.0, 1540.0, 1530.0, 1520.0, 1510.0, 1500.0, 1490.0, 1480.0, 1470.0, 1460.0, 1450.0, 1440.0, 1430.0, 1420.0, 1410.0, 1400.0, 1390.0, 1380.0, 1370.0, 1360.0, 1350.0, 1340.0, 1330.0, 1320.0, 1310.0, 1300.0, 1290.0, 1280.0, 1270.0, 1260.0, 1250.0, 1240.0, 1240.0, 1231.6666666666667, 1231.6666666666667], "phase_amounts": {"A1": [0.0, 0.0, 0.0, 0.0, 0.0, 0.0, 0.0, 0.0, 0.0, 0.0, 0.0, 0.0, 0.0, 0.0, 0.0, 0.0, 0.0, 0.0, 0.0, 0.0, 0.0, 0.0, 0.0, 0.0, 0.0, 0.0, 0.0, 0.0, 0.0, 0.0, 0.0, 0.0, 0.0, 0.0, 0.0, 0.0, 0.0, 0.0, 0.0, 0.0, 0.0, 0.0, 0.0, 0.0, 0.0, 0.0, 0.0, 0.0, 0.0, 0.0, 0.0, 0.0, 0.0, 0.0, 0.0, 0.0, 0.0, 0.0, 0.0, 0.0, 0.0, 0.0, 0.0, 0.0, 0.0, 0.0, 0.0, 0.0, 0.0, 0.0, 0.0, 0.0, 0.0, 0.0, 0.0, 0.0, 0.0, 0.0, 0.0, 0.0, 0.0], "A2": [0.0, 0.0, 0.0, 0.0, 0.0, 0.0, 0.0, 0.0, 0.0, 0.0, 0.0, 0.0, 0.0, 0.0, 0.0, 0.0, 0.0, 0.0, 0.0, 0.0, 0.0, 0.0, 0.0, 0.0, 0.0, 0.0, 0.0, 0.0, 0.0, 0.0, 0.0, 0.0, 0.0, 0.0, 0.0, 0.0, 0.0, 0.0, 0.0, 0.0, 0.0, 0.0, 0.0, 0.0, 0.0, 0.0, 0.0, 0.0, 0.0, 0.0, 0.0, 0.0, 0.0, 0.0, 0.0, 0.0, 0.0, 0.0, 0.0, 0.0, 0.0, 0.0, 0.0, 0.0, 0.0, 0.0, 0.0, 0.0, 0.0, 0.0, 0.0, 0.0, 0.0, 0.0, 0.0, 4.599164024775426e-05, 0.0007029176017939858, 0.00031614459256283634, 4.693816014032989e-10, 0.00010834237449267541, 3.172098719152188e-05], "A3": [0.0, 0.0, 0.0, 0.0, 0.0, 0.0, 0.0, 0.0, 0.0, 0.0, 0.0, 0.0, 0.0, 0.0, 0.0, 0.0, 0.0, 0.0, 0.0, 0.0, 0.0, 0.0, 0.0, 0.0, 0.0, 0.0, 0.0, 0.0, 0.0, 0.0, 0.0, 0.0, 0.0, 0.0, 0.0, 0.0, 0.0, 0.0, 0.0, 0.0, 0.0, 0.0, 0.0, 0.0, 0.0, 0.0, 0.0, 0.0, 0.0, 0.0, 0.0, 0.0, 0.0, 0.0, 0.0, 0.0, 0.0, 0.0, 0.0, 0.0, 0.0, 0.0, 0.0, 0.0, 0.0, 0.0, 0.0, 0.0, 0.0, 0.0, 0.0, 0.0, 0.0, 0.0, 0.0, 0.0, 0.0, 0.0, 0.0, 0.0, 0.0], "BCC2": [0.0, 0.0, 0.0, 0.0, 0.0, 0.0, 0.0, 0.0, 0.0, 0.0, 0.0, 0.0, 0.0, 0.0, 0.0, 0.0, 0.0, 0.0, 0.0, 0.0, 0.0, 0.0, 0.0, 0.0, 0.0, 0.0, 0.0, 0.0, 0.0, 0.0, 0.0, 0.0, 0.0, 0.0, 0.0, 0.0, 0.0, 0.0, 0.0, 0.0, 0.0, 0.0, 0.0, 0.0, 0.0, 0.9174493491240209, 0.037527413714472616, 0.012828573692963748, 0.006557085987849697, 0.0040184329965677786, 0.002734819090969185, 0.001993133609383755, 0.0015243755036503331, 0.0012083413726068958, 0.000984613944771511, 0.000820065493757874, 0.0006952688300595298, 0.0005982040458316619, 0.0005211014006239242, 0.0004587519405417661, 0.00040755404493380247, 0.00036495066960143453, 0.0003290842527439128, 0.00029857799414440353, 0.0002723931772966897, 0.00024973370429231975, 0.00022998076556444524, 0.00021264722321101922, 0.00019734517824708032, 0.0001837625321430031, 0.00017164579637907738, 0.0, 0.0, 0.0, 0.0, 0.0, 0.0, 0.0, 0.0, 0.0, 0.0], "C14": [0.0, 0.0, 0.0, 0.0, 0.0, 0.0, 0.0, 0.0, 0.0, 0.0, 0.0, 0.0, 0.0, 0.0, 0.0, 0.0, 0.0, 0.0, 0.0, 0.0, 0.0, 0.0, 0.0, 0.0, 0.0, 0.0, 0.0, 0.0, 0.0, 0.0, 0.0, 0.0, 0.0, 0.0, 0.0, 0.0, 0.0, 0.0, 0.0, 0.0, 0.0, 0.0, 0.0, 0.0, 0.0, 0.0, 0.0, 0.0, 0.0, 0.0, 0.0, 0.0, 0.0, 0.0, 0.0, 0.0, 0.0, 0.0, 0.0, 0.0, 0.0, 0.0, 0.0, 0.0, 0.0, 0.0, 0.0, 0.0, 0.0, 0.0, 0.0, 0.0, 0.0, 0.0, 0.0, 0.0, 0.0, 0.0, 0.0, 0.0, 0.0],