{"x_liquid": {"NI": [0.12149734872374016, 0.12149734872374016, 0.12149734872374014, 0.12149734872374013, 0.12149734872374014, 0.12149734872374014, 0.12149734872374013, 0.1214973487237401, 0.12149734872374011, 0.12149734872374011, 0.12149734872374011, 0.12149734872374011, 0.1214973487237401, 0.12149734872374007, 0.12149734872374009, 0.12149734872374007, 0.12149734872374007, 0.12149734872374007, 0.12149734872374007, 0.12149734872374007, 0.12149734872374007, 0.12149734872374006, 0.12149734872374006, 0.12149734872374005, 0.12149734872374005, 0.12149734872374006, 0.12149734872374007, 0.12149734872374007, 0.12149734872374006, 0.12149734872374005, 0.12149734872374003, 0.12149734872374002, 0.12149734872374, 0.12149734872373999, 0.12149734872373998, 0.12149734872373998, 0.12149734872373999, 0.12149734872374, 0.12149734872374, 0.12149734872374, 0.12149734872373999, 0.12149734872373999, 0.12149734872373999, 0.12149734872373999, 0.12149734872374, 0.12149734872373999, 0.12149734872373999, 0.12149734872374, 0.12149734872373998, 0.12149734872373999, 0.12149734872374, 0.12149734872373999, 0.12149734872373999, 0.12149734872373999, 0.12149734872374, 0.12149734872373998, 0.12149734872373998, 0.1213186627196739, 0.12099107333341097, 0.12062887935624474, 0.12023668569320865, 0.11981830328992198, 0.11937692190137233, 0.1189152403741784, 0.1184355669074721, 0.11793989790896019, 0.11742998163383295, 0.11690737130361106, 0.11637347161029354, 0.11582958237206356, 0.11439278966046333, 0.11215414541365475, 0.1279967334847742, 0.15021181471800205, 0.1705933900910522, 0.18916022228958213, 0.2060226621534083, 0.22134880784826888, 0.22134887616734558, 0.23308398636781097, 0.2330840371826939, 0.23308408946253942, 0.24074071093991828, 0.2407407467425747, 0.24074078538766147, 0.24584122227705424, NaN], "TI": [0.6515117050888769, 0.6515117050888769, 0.6515117050888768, 0.6515117050888767, 0.6515117050888767, 0.6515117050888767, 0.6515117050888766, 0.6515117050888765, 0.6515117050888765, 0.6515117050888765, 0.6515117050888763, 0.6515117050888763, 0.6515117050888762, 0.6515117050888761, 0.6515117050888761, 0.651511705088876, 0.651511705088876, 0.6515117050888761, 0.6515117050888761, 0.6515117050888761, 0.6515117050888761, 0.651511705088876, 0.6515117050888761, 0.6515117050888761, 0.6515117050888761, 0.6515117050888761, 0.6515117050888761, 0.6515117050888761, 0.6515117050888761, 0.6515117050888761, 0.651511705088876, 0.6515117050888761, 0.651511705088876, 0.6515117050888761, 0.651511705088876, 0.6515117050888761, 0.6515117050888761, 0.651511705088876, 0.6515117050888761, 0.6515117050888761, 0.6515117050888761, 0.6515117050888761, 0.6515117050888761, 0.6515117050888761, 0.651511705088876, 0.6515117050888761, 0.6515117050888761, 0.651511705088876, 0.651511705088876, 0.6515117050888761, 0.6515117050888761, 0.6515117050888761, 0.6515117050888761, 0.651511705088876, 0.6515117050888762, 0.6515117050888761, 0.651511705088876, 0.6553255259149033, 0.6612067156386785, 0.6668612382540796, 0.6723105602177502, 0.6775730982539582, 0.6826648101963925, 0.687599648773731, 0.6923899164184231, 0.6970465477252231, 0.7015793387801336, 0.70599713783478, 0.7103080089699496, 0.7145193791865335, 0.7238302652281747, 0.7338123464717423, 0.7388072103925645, 0.7411541630866167, 0.7427775269392929, 0.7438951941127507, 0.744656463838412, 0.7451539690924316, 0.7451539721731981, 0.745404695022247, 0.7454046983225758, 0.7454046883899216, 0.7455001103271188, 0.7455001147226986, 0.7455001071304154, 0.7455300548500093, NaN]}, "fraction_solid": [0.0, 0.0, 0.0, 0.0, 0.0, 0.0, 0.0, 0.0, 0.0, 0.0, 0.0, 0.0, 0.0, 0.0, 0.0, 0.0, 0.0, 0.0, 0.0, 0.0, 0.0, 0.0, 0.0, 0.0, 0.0, 0.0, 0.0, 0.0, 0.0, 0.0, 0.0, 0.0, 0.0, 0.0, 0.0, 0.0, 0.0, 0.0, 0.0, 0.0, 0.0, 0.0, 0.0, 0.0, 0.0, 0.0, 0.0, 0.0, 0.0, 0.0, 0.0, 0.0, 0.0, 0.0, 0.0, 0.0, 0.0, 0.027494753892984048, 0.06745014610466576, 0.10323877237705445, 0.1355358785519819, 0.16487620135245923, 0.19168941047181032, 0.21632530262513644, 0.23907208198930507, 0.26016987891838544, 0.2798209332592032, 0.29819741396475075, 0.31544755927726287, 0.3317006439909832, 0.4404828082094115, 0.523665344279508, 0.7946328445427017, 0.9258064011548346, 0.9697411492930318, 0.9871819670348281, 0.9948243024811909, 0.9982907542433045, 0.9982907606695632, 0.9994995609136132, 0.9994995629281831, 0.999499564524519, 0.9998414511422166, 0.9998414518392439, 0.9998414523829025, 0.9999511355325603, 1.0], "temperatures": [2000.0, 2000.0, 1990.0, 1980.0, 1970.0, 1960.0, 1950.0, 1940.0, 1930.0, 1920.0, 1910.0, 1900.0, 1890.0, 1880.0, 1870.0, 1860.0, 1850.0, 1840.0, 1830.0, 1820.0, 1810.0, 1800.0, 1790.0, 1780.0, 1770.0, 1760.0, 1750.0, 1740.0, 1730.0, 1720.0, 1710.0, 1700.0, 1690.0, 1680.0, 1670.0, 1660.0, 1650.0, 1640.0, 1630.0, 1620.0, 1610.0, 1600.0, 1590.0, 1580.0, 1570.0, 1560.0, 1550.0, 1540.0, 1530.0, 1520.0, 1510.0, 1500.0, 1490.0, 1480.0, 1470.0, 1460.0, 1450.0, 1440.0, 1430.0, 1420.0, 1410.0, 1400.0, 1390.0, 1380.0, 1370.0, 1360.0, 1350.0, 1340.0, 1330.0, 1320.0, 1310.0, 1300.0, 1290.0, 1280.0, 1270.0, 1260.0, 1250.0, 1240.0, 1240.0, 1231.6666666666667, 1231.6666666666667, 1231.6666666666667, 1225.8796296296298, 1225.8796296296298, 1225.8796296296298, 1221.8608539094653, 1221.8608539094653], "phase_amounts": {"A1": [0.0, 0.0, 0.0, 0.0, 0.0, 0.0, 0.0, 0.0, 0.0, 0.0, 0.0, 0.0, 0.0, 0.0, 0.0, 0.0, 0.0, 0.0, 0.0, 0.0, 0.0, 0.0, 0.0, 0.0, 0.0, 0.0, 0.0, 0.0, 0.0, 0.0, 0.0, 0.0, 0.0, 0.0, 0.0, 0.0, 0.0, 0.0, 0.0, 0.0, 0.0, 0.0, 0.0, 0.0, 0.0, 0.0, 0.0, 0.0, 0.0, 0.0, 0.0, 0.0, 0.0, 0.0, 0.0, 0.0, 0.0, 0.0, 0.0, 0.0, 0.0, 0.0, 0.0, 0.0, 0.0, 0.0, 0.0, 0.0, 0.0, 0.0, 0.0, 0.0, 0.0, 0.0, 0.0, 0.0, 0.0, 0.0, 0.0, 0.0, 0.0, 0.0, 0.0, 0.0, 0.0, 0.0, 0.0], "A2": [0.0, 0.0, 0.0, 0.0, 0.0, 0.0, 0.0, 0.0, 0.0, 0.0, 0.0, 0.0, 0.0, 0.0, 0.0, 0.0, 0.0, 0.0, 0.0, 0.0, 0.0, 0.0, 0.0, 0.0, 0.0, 0.0, 0.0, 0.0, 0.0, 0.0, 0.0, 0.0, 0.0, 0.0, 0.0, 0.0, 0.0, 0.0, 0.0, 0.0, 0.0, 0.0, 0.0, 0.0, 0.0, 0.0, 0.0, 0.0, 0.0, 0.0, 0.0, 0.0, 0.0, 0.0, 0.0, 0.0, 0.0, 0.0, 0.0, 0.0, 0.0, 0.0, 0.0, 0.0, 0.0, 0.0, 0.0, 0.0, 0.0, 0.0, 0.0, 0.0, 0.14019586567423975, 0.07210882939431361, 0.022783546846367797, 0.008636478324623427, 0.003663780736605722, 0.0016478239629441123, 2.4465332692826195e-09, 0.00056470730511013, 7.400885740658835e-10, 6.160924716338117e-10, 0.00015396776172941698, 2.494329631731843e-10, 2.0259561957037545e-10, 4.874338593339177e-05, 1.5022739782815686e-05], "A3": [0.0, 0.0, 0.0, 0.0, 0.0, 0.0, 0.0, 0.0, 0.0, 0.0, 0.0, 0.0, 0.0, 0.0, 0.0, 0.0, 0.0, 0.0, 0.0, 0.0, 0.0, 0.0, 0.0, 0.0, 0.0, 0.0, 0.0, 0.0, 0.0, 0.0, 0.0, 0.0, 0.0, 0.0, 0.0, 0.0, 0.0, 0.0, 0.0, 0.0, 0.0, 0.0, 0.0, 0.0, 0.0, 0.0, 0.0, 0.0, 0.0, 0.0, 0.0, 0.0, 0.0, 0.0, 0.0, 0.0, 0.0, 0.0, 0.0, 0.0, 0.0, 0.0, 0.0, 0.0, 0.0, 0.0, 0.0, 0.0, 0.0, 0.0, 0.0, 0.0, 0.0, 0.0, 0.0, 0.0, 0.0, 0.0, 0.0, 0.0, 0.0, 0.0, 0.0, 0.0, 0.0, 0.0, 0.0], "BCC2": [0.0, 0.0, 0.0, 0.0, 0.0, 0.0, 0.0, 0.0, 0.0, 0.0, 0.0, 0.0, 0.0, 0.0, 0.0, 0.0, 0.0, 0.0, 0.0, 0.0, 0.0, 0.0, 0.0, 0.0, 0.0, 0.0, 0.0, 0.0, 0.0, 0.0, 0.0, 0.0, 0.0, 0.0, 0.0, 0.0, 0.0, 0.0, 0.0, 0.0, 0.0, 0.0, 0.0, 0.0, 0.0, 0.0, 0.0, 0.0, 0.0, 0.0, 0.0, 0.0, 0.0, 0.0, 0.0, 0.0, 0.0, 0.027494753892984048, 0.03995539221168171, 0.03578862627238868, 0.03229710617492746, 0.02934032280047733, 0.026813209119351086, 0.02463589215332613, 0.02274677936416862, 0.02109779692908036, 0.019651054340817743, 0.01837648070554755, 0.017250145312512108, 0.016253084713720358, 0.0, 0.0, 0.0, 0.0, 0.0, 0.0, 0.0, 0.0, 0.0, 0.0, 0.0, 0.0, 0.0, 0.0, 0.0, 0.0, 0.0], "C14": [0.0, 0.0, 0.0, 0.0, 0.0, 0.0, 0.0, 0.0, 0.0, 0.0, 0.0, 0.0, 0.0, 0.0, 0.0, 0.0, 0.0, 0.0, 0.0, 0.0, 0.0, 0.0, 0.0, 0.0, 0.0, 0.0, 0.0, 0.0, 0.0, 0.0, 0.0, 0.0, 0.0, 0.0, 0.0, 0.0, 0.0, 0.0, 0.0, 0.0, 0.0, 0.0, 0.0, 0.0, 0.0, 0.0, 0.0, 0.0, 0.0, 0.0, 0.0, 0.0, 0.0, 0.0, 0.0, 0.0, 0.0, 0.0, 0.0, 0.0, 0.0, 0.0, 0.0, 0.0, 0.0, 0.0, 0.0, 0.0, 0.0, 0.0, 0.0, 0.0, 0.0, 0.0, 0.0, 0.0, 0.0, 0.0, 0.0, 0.0, 0.0, 0.0, 0.0, 0.0, 0.0, 0.0, 0.0],