{"x_liquid": {"NI": [0.33189309909577724, 0.3318930990957773, 0.3318930990957773, 0.3318930990957773, 0.33189309909577736, 0.33189309909577736, 0.3318930990957774, 0.33189309909577747, 0.3318930990957776, 0.3318930990957775, 0.3318930990957775, 0.3318930990957775, 0.3318930990957776, 0.3318930990957776, 0.3318930990957775, 0.3318930990957776, 0.3318930990957776, 0.3318930990957775, 0.3318930990957776, 0.3318930990957776, 0.3318930990957775, 0.3318930990957775, 0.3318930990957776, 0.3318930990957776, 0.3318930990957776, 0.3318930990957776, 0.3318930990957776, 0.3318930990957776, 0.3318930990957775, 0.3318930990957775, 0.3318930990957776, 0.3318930990957776, 0.3318930990957776, 0.3318930990957776, 0.3318930990957776, 0.3318930990957776, 0.3318930990957776, 0.3318930990957775, 0.3396282984720077, 0.3489470680603917, 0.3577000542165644, 0.36593616621479697, 0.373694529304357, 0.38100679086225114, 0.38789905911262185, 0.3943935306240168, 0.4005098396650622, 0.4062661433463894, 0.41167994722344114, 0.41676867759950503, 0.4215500166543078, 0.4260420302676398, 0.4302631305003273, 0.43423192173215874, 0.437966979551381, 0.4414866056172381, 0.44480859191192423, 0.44795001676529855, 0.45092708462356834, 0.45375501330589524, 0.4564479665327133, 0.43346973738816136, 0.43346916167408883, 0.4334687825633137, 0.4334688980202002, 0.4334688980199693, 0.43346889801996935, 0.42368847677396365, 0.42368788263243606, 0.4236874915960683, 0.42368761064750643, 0.42368725846902694, NaN], "TI": [0.04803799085653554, 0.048037990856535547, 0.048037990856535547, 0.04803799085653554, 0.04803799085653554, 0.048037990856535526, 0.04803799085653554, 0.04803799085653554, 0.048037990856535547, 0.04803799085653554, 0.04803799085653554, 0.04803799085653554, 0.04803799085653554, 0.048037990856535547, 0.04803799085653554, 0.04803799085653553, 0.04803799085653554, 0.048037990856535547, 0.04803799085653554, 0.04803799085653554, 0.04803799085653554, 0.04803799085653554, 0.04803799085653554, 0.04803799085653554, 0.04803799085653554, 0.04803799085653554, 0.04803799085653554, 0.048037990856535547, 0.048037990856535547, 0.04803799085653554, 0.04803799085653554, 0.048037990856535547, 0.048037990856535547, 0.048037990856535547, 0.04803799085653554, 0.048037990856535547, 0.04803799085653554, 0.04803799085653554, 0.05296867910428014, 0.05938471628111846, 0.06584761217072502, 0.07233382171196931, 0.07882392041627843, 0.08530138607392078, 0.0917516987570433, 0.0981617144632687, 0.10451927191059097, 0.11081299185593232, 0.1170322255690371, 0.12316710641943336, 0.12920865861377748, 0.13514892179000818, 0.14098105880128434, 0.14669942545772804, 0.1522995924803806, 0.15777831971165984, 0.16313348935629154, 0.16836400873167331, 0.17346969380561997, 0.17845114400386974, 0.18330961661447848, 0.18877272718156185, 0.18877288055567948, 0.18877297863066675, 0.18877315802307548, 0.1887731580227167, 0.1887731580227167, 0.19109726742081257, 0.1910974371273405, 0.19109754601331014, 0.19109772164916017, 0.19109758951756822, NaN]}, "fraction_solid": [0.0, 0.0, 0.0, 0.0, 0.0, 0.0, 0.0, 0.0, 0.0, 0.0, 0.0, 0.0, 0.0, 0.0, 0.0, 0.0, 0.0, 0.0, 0.0, 0.0, 0.0, 0.0, 0.0, 0.0, 0.0, 0.0, 0.0, 0.0, 0.0, 0.0, 0.0, 0.0, 0.0, 0.0, 0.0, 0.0, 0.0, 0.0, 0.17619430228557353, 0.3499256107839933, 0.4784764469874321, 0.5758044847650494, 0.6509320228695697, 0.7098785851460373, 0.7567739077316522, 0.7945225953734, 0.8252138795381011, 0.8503813869142942, 0.8711719087004459, 0.8884574482773361, 0.9029110719348427, 0.9150591915830946, 0.9253182368064012, 0.9340208309160176, 0.9414348096018855, 0.9477772876667727, 0.9532252448698685, 0.957923621582346, 0.9619915988282471, 0.9655275289367096, 0.96861284460353, 0.9846275554259645, 0.9846277931559457, 0.9846279483713121, 0.9846279962449821, 0.9846279962449821, 0.9846279962449821, 0.9881484722781861, 0.9881486575491006, 0.9881487785141733, 0.9881488138268464, 0.9881488432320426, 1.0], "temperatures": [2000.0, 2000.0, 1990.0, 1980.0, 1970.0, 1960.0, 1950.0, 1940.0, 1930.0, 1920.0, 1910.0, 1900.0, 1890.0, 1880.0, 1870.0, 1860.0, 1850.0, 1840.0, 1830.0, 1820.0, 1810.0, 1800.0, 1790.0, 1780.0, 1770.0, 1760.0, 1750.0, 1740.0, 1730.0, 1720.0, 1710.0, 1700.0, 1690.0, 1680.0, 1670.0, 1660.0, 1650.0, 1640.0, 1630.0, 1620.0, 1610.0, 1600.0, 1590.0, 1580.0, 1570.0, 1560.0, 1550.0, 1540.0, 1530.0, 1520.0, 1510.0, 1500.0, 1490.0, 1480.0, 1470.0, 1460.0, 1450.0, 1440.0, 1430.0, 1420.0, 1410.0, 1400.0, 1400.0, 1400.0, 1400.0, 1400.0, 1400.0, 1395.9812242798355, 1395.9812242798355, 1395.9812242798355, 1395.9812242798355, 1395.9812242798355, 1394.0431572851573], "phase_amounts": {"A1": [0.0, 0.0, 0.0, 0.0, 0.0, 0.0, 0.0, 0.0, 0.0, 0.0, 0.0, 0.0, 0.0, 0.0, 0.0, 0.0, 0.0, 0.0, 0.0, 0.0, 0.0, 0.0, 0.0, 0.0, 0.0, 0.0, 0.0, 0.0, 0.0, 0.0, 0.0, 0.0, 0.0, 0.0, 0.0, 0.0, 0.0, 0.0, 0.17619430228557353, 0.1737313084984198, 0.12855083620343877, 0.0973280377776174, 0.07512753810452037, 0.058946562276467544, 0.04689532258561492, 0.03774868764174774, 0.030691284164701137, 0.025167507376193134, 0.0207905217861517, 0.017285539576890135, 0.014453623657506557, 0.012148119648251918, 0.010259045223306701, 0.008702594109616428, 0.007413978685867908, 0.00634247806488722, 0.005447957203095819, 0.004698376712477541, 0.004067977245901115, 0.003535930108462425, 0.003085315666820423, 0.010712298790622436, 1.3737182591950476e-07, 8.940965617117862e-08, 4.787366997646553e-08, 0.0, 0.0, 0.002096106811917167, 1.0586261557183896e-07, 6.891583654352175e-08, 3.5312673109232434e-08, 0.0, 0.006280846880526547], "A2": [0.0, 0.0, 0.0, 0.0, 0.0, 0.0, 0.0, 0.0, 0.0, 0.0, 0.0, 0.0, 0.0, 0.0, 0.0, 0.0, 0.0, 0.0, 0.0, 0.0, 0.0, 0.0, 0.0, 0.0, 0.0, 0.0, 0.0, 0.0, 0.0, 0.0, 0.0, 0.0, 0.0, 0.0, 0.0, 0.0, 0.0, 0.0, 0.0, 0.0, 0.0, 0.0, 0.0, 0.0, 0.0, 0.0, 0.0, 0.0, 0.0, 0.0, 0.0, 0.0, 0.0, 0.0, 0.0, 0.0, 0.0, 0.0, 0.0, 0.0, 0.0, 0.0, 0.0, 0.0, 0.0, 0.0, 0.0, 0.0, 0.0, 0.0, 0.0, 0.0, 0.0], "A3": [0.0, 0.0, 0.0, 0.0, 0.0, 0.0, 0.0, 0.0, 0.0, 0.0, 0.0, 0.0, 0.0, 0.0, 0.0, 0.0, 0.0, 0.0, 0.0, 0.0, 0.0, 0.0, 0.0, 0.0, 0.0, 0.0, 0.0, 0.0, 0.0, 0.0, 0.0, 0.0, 0.0, 0.0, 0.0, 0.0, 0.0, 0.0, 0.0, 0.0, 0.0, 0.0, 0.0, 0.0, 0.0, 0.0, 0.0, 0.0, 0.0, 0.0, 0.0, 0.0, 0.0, 0.0, 0.0, 0.0, 0.0, 0.0, 0.0, 0.0, 0.0, 0.0, 0.0, 0.0, 0.0, 0.0, 0.0, 0.0, 0.0, 0.0, 0.0, 0.0, 0.0], "BCC2": [0.0, 0.0, 0.0, 0.0, 0.0, 0.0, 0.0, 0.0, 0.0, 0.0, 0.0, 0.0, 0.0, 0.0, 0.0, 0.0, 0.0, 0.0, 0.0, 0.0, 0.0, 0.0, 0.0, 0.0, 0.0, 0.0, 0.0, 0.0, 0.0, 0.0, 0.0, 0.0, 0.0, 0.0, 0.0, 0.0, 0.0, 0.0, 0.0, 0.0, 0.0, 0.0, 0.0, 0.0, 0.0, 0.0, 0.0, 0.0, 0.0, 0.0, 0.0, 0.0, 0.0, 0.0, 0.0, 0.0, 0.0, 0.0, 0.0, 0.0, 0.0, 0.0, 0.0, 0.0, 0.0, 0.0, 0.0, 0.0, 0.0, 0.0, 0.0, 0.0, 0.0], "C14": [0.0, 0.0, 0.0, 0.0, 0.0, 0.0, 0.0, 0.0, 0.0, 0.0, 0.0, 0.0, 0.0, 0.0, 0.0, 0.0, 0.0, 0.0, 0.0, 0.0, 0.0, 0.0, 0.0, 0.0, 0.0, 0.0, 0.0, 0.0, 0.0, 0.0, 0.0, 0.0, 0.0, 0.0, 0.0, 0.0, 0.0, 0.0, 0.0, 0.0, 0.0, 0.0, 0.0, 0.0, 0.0, 0.0, 0.0, 0.0, 0.0, 0.0, 0.0, 0.0, 0.0, 0.0, 0.0, 0.0, 0.0, 0.0, 0.0, 0.0, 0.0, 0.0, 0.0, 0.0, 0.0, 0.0, 0.0, 0.0, 0.0, 0.0, 0.0, 0.0, 0.0016341821636719277], "FCC4": [0.0, 0.0, 0.0, 0.0, 0.0, 0.0, 0.0, 0.0, 0.0, 0.0, 0.0, 0.0, 0.0, 0.0, 0.0, 0.0, 0.0, 0.0, 0.0, 0.0, 0.0, 0.0, 0.0, 0.0, 0.0, 0.0, 0.0, 0.0, 0.0, 0.0, 0.0, 0.0, 0.0, 0.0, 0.0, 0.0, 0.0, 0.0, 0.0, 0.0, 0.0, 0.0, 0.0, 0.0, 0.0, 0.0, 0.0, 0.0, 0.0, 0.0, 0.0, 0.0, 0.0, 0.0, 0.0, 0.0, 0.0, 0.0, 0.0, 0.0, 0.0, 0.0, 0.0, 0.0, 0.0, 0.0, 0.0, 0.0, 0.0, 0.0, 0.0, 0.0, 0.0], "NI3TI": [0.0, 0.0, 0.0, 0.0, 0.0, 0.0, 0.0, 0.0, 0.0, 0.0, 0.0, 0.0, 0.0, 0.0, 0.0, 0.0, 0.0, 0.0, 0.0, 0.0, 0.0, 0.0, 0.0, 0.0, 0.0, 0.0, 0.0, 0.0, 0.0, 0.0, 0.0, 0.0, 0.0, 0.0, 0.0, 0.0, 0.0, 0.0, 0.0, 0.0, 0.0, 0.0, 0.0, 0.0, 0.0, 0.0, 0.0, 0.0, 0.0, 0.0, 0.0, 0.0, 0.0, 0.0, 0.0, 0.0, 0.0, 0.0, 0.0, 0.0, 0.0, 0.005302412031812059, 1.0035815538053863e-07, 6.580571022999423e-08, 0.0, 0.0, 0.0, 0.0014243692212868998, 7.940829892995329e-08, 5.204923608471126e-08, 0.0, 2.9405196188812446e-08, 0.003936127723758974],