{"x_liquid": {"NI": [0.0685940267470623, 0.0685940267470623, 0.0685940267470623, 0.0685940267470623, 0.0685940267470623, 0.06859402674706232, 0.06859402674706232, 0.06859402674706232, 0.06859402674706232, 0.06859402674706233, 0.06859402674706233, 0.06859402674706234, 0.06859402674706237, 0.06859402674706236, 0.06859402674706237, 0.06859402674706237, 0.06859402674706237, 0.06859402674706237, 0.06859402674706237, 0.06859402674706237, 0.06859402674706236, 0.06859402674706237, 0.06859402674706237, 0.06859402674706237, 0.06859402674706237, 0.06859402674706237, 0.06859402674706237, 0.06859402674706237, 0.06859402674706237, 0.06859402674706237, 0.06859402674706236, 0.06859402674706237, 0.06859402674706236, 0.06859402674706237, 0.06859402674706236, 0.06859402674706237, 0.06859402674706237, 0.06859402674706234, 0.06859402674706236, 0.06859402674706237, 0.06859402674706237, 0.06859402674706237, 0.06859402674706239, 0.06859402674706237, 0.06859402674706237, 0.06859402674706237, 0.06859402674706237, 0.06859402674706237, 0.06859402674706234, 0.06859402674706234, 0.06859402674706236, 0.06859402674706237, 0.06859402674706237, 0.06859402674701855, 0.0699654089182288, 0.07194245760597144, 0.07397271294129745, 0.07606074472510045, 0.07821148979259529, 0.08043027541017868, 0.08272284138665549, 0.08509535979705594, 0.08755445090226477, 0.09010719348112323, 0.09276112737841728, 0.09552424562027244, 0.09840497298243948, 0.10141212744276154, 0.10455486056012821, 0.1078425725515732, 0.11128479776428685, 0.11489105644409826, 0.12799673348478782, 0.15021181471800882, 0.17059339009104918, 0.18916022228957738, 0.20602266215340692, 0.22134880784827068, 0.2213488761673446, 0.2330839863678124, 0.2330840371826755, 0.23308408946249792, 0.24074071093992225, 0.24074074674257612, 0.24074078538766427, 0.24584122227705332, NaN], "TI": [0.8032531929851001, 0.8032531929851001, 0.8032531929851001, 0.8032531929851, 0.8032531929850999, 0.8032531929851, 0.8032531929850999, 0.8032531929850999, 0.8032531929850998, 0.8032531929850998, 0.8032531929850997, 0.8032531929850997, 0.8032531929850998, 0.8032531929850997, 0.8032531929850996, 0.8032531929850996, 0.8032531929850995, 0.8032531929850995, 0.8032531929850995, 0.8032531929850996, 0.8032531929850995, 0.8032531929850996, 0.8032531929850996, 0.8032531929850995, 0.8032531929850995, 0.8032531929850995, 0.8032531929850995, 0.8032531929850996, 0.8032531929850997, 0.8032531929850997, 0.8032531929850996, 0.8032531929850995, 0.8032531929850995, 0.8032531929850997, 0.8032531929850997, 0.8032531929850997, 0.8032531929850996, 0.8032531929850995, 0.8032531929850995, 0.8032531929850995, 0.8032531929850996, 0.8032531929850996, 0.8032531929850996, 0.8032531929850995, 0.8032531929850996, 0.8032531929850995, 0.8032531929850996, 0.8032531929850996, 0.8032531929850995, 0.8032531929850995, 0.8032531929850996, 0.8032531929850996, 0.8032531929850996, 0.8032531929851802, 0.8007698246770066, 0.7972728688430584, 0.7937685757512598, 0.7902551573408917, 0.786730875471774, 0.7831940566390366, 0.7796431094848816, 0.7760765453440145, 0.7724930020244518, 0.7688912709649038, 0.7652703278172087, 0.7616293663766872, 0.7579678356161094, 0.7542854793797661, 0.750582378059635, 0.7468589913301016, 0.7431162007788404, 0.7393553510698273, 0.7388072103925633, 0.7411541630866164, 0.742777526939293, 0.7438951941127517, 0.74465646383841, 0.7451539690924314, 0.7451539721731996, 0.7454046950222468, 0.7454046983225776, 0.7454046883899303, 0.7455001103271176, 0.7455001147226993, 0.7455001071304129, 0.745530054850009, NaN]}, "fraction_solid": [0.0, 0.0, 0.0, 0.0, 0.0, 0.0, 0.0, 0.0, 0.0, 0.0, 0.0, 0.0, 0.0, 0.0, 0.0, 0.0, 0.0, 0.0, 0.0, 0.0, 0.0, 0.0, 0.0, 0.0, 0.0, 0.0, 0.0, 0.0, 0.0, 0.0, 0.0, 0.0, 0.0, 0.0, 0.0, 0.0, 0.0, 0.0, 0.0, 0.0, 0.0, 0.0, 0.0, 0.0, 0.0, 0.0, 0.0, 0.0, 0.0, 0.0, 0.0, 0.0, 0.0, 0.0, 0.030781305129932893, 0.07284027330686081, 0.11323038025821028, 0.15205393183230337, 0.18940276541546144, 0.2253591049402449, 0.2599963034949886, 0.2933794923029645, 0.32556615343374296, 0.35660663271329435, 0.38654460880719577, 0.41541753419352156, 0.44325706361257927, 0.47008948530706324, 0.4959361697965937, 0.5208140497121384, 0.5447361421210848, 0.5677121215644754, 0.7417398448735879, 0.9066975909342503, 0.9619478808082326, 0.9838806396542206, 0.993491284226439, 0.9978505322660257, 0.9978505403473888, 0.9993706711484911, 0.9993706736819193, 0.9993706756893962, 0.9998006163521382, 0.9998006172286872, 0.9998006179123669, 0.9999385503250848, 1.0], "temperatures": [2000.0, 2000.0, 1990.0, 1980.0, 1970.0, 1960.0, 1950.0, 1940.0, 1930.0, 1920.0, 1910.0, 1900.0, 1890.0, 1880.0, 1870.0, 1860.0, 1850.0, 1840.0, 1830.0, 1820.0, 1810.0, 1800.0, 1790.0, 1780.0, 1770.0, 1760.0, 1750.0, 1740.0, 1730.0, 1720.0, 1710.0, 1700.0, 1690.0, 1680.0, 1670.0, 1660.0, 1650.0, 1640.0, 1630.0, 1620.0, 1610.0, 1600.0, 1590.0, 1580.0, 1570.0, 1560.0, 1550.0, 1540.0, 1530.0, 1520.0, 1510.0, 1500.0, 1490.0, 1480.0, 1470.0, 1460.0, 1450.0, 1440.0, 1430.0, 1420.0, 1410.0, 1400.0, 1390.0, 1380.0, 1370.0, 1360.0, 1350.0, 1340.0, 1330.0, 1320.0, 1310.0, 1300.0, 1290.0, 1280.0, 1270.0, 1260.0, 1250.0, 1240.0, 1240.0, 1231.6666666666667, 1231.6666666666667, 1231.6666666666667, 1225.8796296296298, 1225.8796296296298, 1225.8796296296298, 1221.8608539094653, 1221.8608539094653], "phase_amounts": {"A1": [0.0, 0.0, 0.0, 0.0, 0.0, 0.0, 0.0, 0.0, 0.0, 0.0, 0.0, 0.0, 0.0, 0.0, 0.0, 0.0, 0.0, 0.0, 0.0, 0.0, 0.0, 0.0, 0.0, 0.0, 0.0, 0.0, 0.0, 0.0, 0.0, 0.0, 0.0, 0.0, 0.0, 0.0, 0.0, 0.0, 0.0, 0.0, 0.0, 0.0, 0.0, 0.0, 0.0, 0.0, 0.0, 0.0, 0.0, 0.0, 0.0, 0.0, 0.0, 0.0, 0.0, 0.0, 0.0, 0.0, 0.0, 0.0, 0.0, 0.0, 0.0, 0.0, 0.0, 0.0, 0.0, 0.0, 0.0, 0.0, 0.0, 0.0, 0.0, 0.0, 0.0, 0.0, 0.0, 0.0, 0.0, 0.0, 0.0, 0.0, 0.0, 0.0, 0.0, 0.0, 0.0, 0.0, 0.0], "A2": [0.0, 0.0, 0.0, 0.0, 0.0, 0.0, 0.0, 0.0, 0.0, 0.0, 0.0, 0.0, 0.0, 0.0, 0.0, 0.0, 0.0, 0.0, 0.0, 0.0, 0.0, 0.0, 0.0, 0.0, 0.0, 0.0, 0.0, 0.0, 0.0, 0.0, 0.0, 0.0, 0.0, 0.0, 0.0, 0.0, 0.0, 0.0, 0.0, 0.0, 0.0, 0.0, 0.0, 0.0, 0.0, 0.0, 0.0, 0.0, 0.0, 0.0, 0.0, 0.0, 0.0, 0.0, 0.030781305129932893, 0.04205896817692792, 0.04039010695134947, 0.03882355157409309, 0.03734883358315807, 0.035956339524783436, 0.03463719855474371, 0.033383188807975916, 0.03218666113077843, 0.031040479279551406, 0.029937976093901433, 0.028872925386325774, 0.027839529419057693, 0.026832421694483962, 0.025846684489530456, 0.024877879915544677, 0.02392209240894638, 0.022975979443390537, 0.09565540889848863, 0.0906807002506573, 0.02865152575040555, 0.010860832283031256, 0.004607399753280607, 0.002072226551241212, 3.076646049514249e-09, 0.0007101495655140324, 9.307005508256232e-10, 7.747688490146204e-10, 0.0001936226751569315, 3.136752511178492e-10, 2.547747893851961e-10, 6.129740846072159e-05, 1.889189679859447e-05], "A3": [0.0, 0.0, 0.0, 0.0, 0.0, 0.0, 0.0, 0.0, 0.0, 0.0, 0.0, 0.0, 0.0, 0.0, 0.0, 0.0, 0.0, 0.0, 0.0, 0.0, 0.0, 0.0, 0.0, 0.0, 0.0, 0.0, 0.0, 0.0, 0.0, 0.0, 0.0, 0.0, 0.0, 0.0, 0.0, 0.0, 0.0, 0.0, 0.0, 0.0, 0.0, 0.0, 0.0, 0.0, 0.0, 0.0, 0.0, 0.0, 0.0, 0.0, 0.0, 0.0, 0.0, 0.0, 0.0, 0.0, 0.0, 0.0, 0.0, 0.0, 0.0, 0.0, 0.0, 0.0, 0.0, 0.0, 0.0, 0.0, 0.0, 0.0, 0.0, 0.0, 0.0, 0.0, 0.0, 0.0, 0.0, 0.0, 0.0, 0.0, 0.0, 0.0, 0.0, 0.0, 0.0, 0.0, 0.0], "BCC2": [0.0, 0.0, 0.0, 0.0, 0.0, 0.0, 0.0, 0.0, 0.0, 0.0, 0.0, 0.0, 0.0, 0.0, 0.0, 0.0, 0.0, 0.0, 0.0, 0.0, 0.0, 0.0, 0.0, 0.0, 0.0, 0.0, 0.0, 0.0, 0.0, 0.0, 0.0, 0.0, 0.0, 0.0, 0.0, 0.0, 0.0, 0.0, 0.0, 0.0, 0.0, 0.0, 0.0, 0.0, 0.0, 0.0, 0.0, 0.0, 0.0, 0.0, 0.0, 0.0, 0.0, 0.0, 0.0, 0.0, 0.0, 0.0, 0.0, 0.0, 0.0, 0.0, 0.0, 0.0, 0.0, 0.0, 0.0, 0.0, 0.0, 0.0, 0.0, 0.0, 0.0, 0.0, 0.0, 0.0, 0.0, 0.0, 0.0, 0.0, 0.0, 0.0, 0.0, 0.0, 0.0, 0.0, 0.0],