{"x_liquid": {"NI": [0.0815537072786993, 0.08155370727869932, 0.08155370727869932, 0.08155370727869932, 0.08155370727869933, 0.08155370727869934, 0.08155370727869933, 0.08155370727869934, 0.08155370727869934, 0.08155370727869933, 0.08155370727869934, 0.08155370727869933, 0.08155370727869933, 0.08155370727869933, 0.08155370727869934, 0.08155370727869933, 0.08155370727869932, 0.08155370727869932, 0.08155370727869932, 0.08155370727869933, 0.08155370727869934, 0.08155370727869933, 0.08155370727869934, 0.08155370727869934, 0.08155370727869932, 0.08155370727869932, 0.08155370727869933, 0.08155370727869933, 0.08155370727869933, 0.08155370727869933, 0.08155370727869932, 0.08155370727869932, 0.08155370727869933, 0.08155370727869932, 0.08155370727869932, 0.08155370727869932, 0.08155370727869932, 0.08155370727869933, 0.08155370727869934, 0.08155370727869934, 0.08155370727869933, 0.08155370727869933, 0.08155370727869934, 0.08155370727869933, 0.08155370727869933, 0.08155370727869933, 0.08155370727869933, 0.08155370727869933, 0.08155370727869934, 0.08155370727869933, 0.08155370727869933, 0.08155370727869933, 0.08155370727869933, 0.08155370727869936, 0.08155370727869936, 0.08155370727869934, 0.08155370727869934, 0.0815537072786512, 0.0815537072786512, 0.0815537072786512, 0.0815537072786512, 0.0815537072786512, 0.0815537072786512, 0.08155370727860134, 0.08390946754450748, 0.08655922654813458, 0.08933712706312368, 0.09225373448275076, 0.09532012418366487, 0.09854778657179648, 0.10194849274030697, 0.10553411499077853, 0.12799673348477422, 0.15021181471800865, 0.17059339009105087, 0.18916022228957205, 0.2060226621534049, 0.22134880784826486, 0.22134887616733584, 0.23308398636781202, 0.23308403718269335, 0.23308408946253734, 0.24074071093992055, 0.2407407467425793, 0.24074078538766705, 0.2458412222770545, NaN], "TI": [0.7660812133616417, 0.7660812133616417, 0.7660812133616417, 0.7660812133616418, 0.7660812133616418, 0.7660812133616419, 0.7660812133616421, 0.7660812133616421, 0.7660812133616423, 0.7660812133616421, 0.766081213361642, 0.766081213361642, 0.766081213361642, 0.766081213361642, 0.766081213361642, 0.766081213361642, 0.766081213361642, 0.766081213361642, 0.7660812133616421, 0.7660812133616423, 0.7660812133616423, 0.7660812133616424, 0.7660812133616425, 0.7660812133616426, 0.7660812133616425, 0.7660812133616425, 0.7660812133616425, 0.7660812133616424, 0.7660812133616423, 0.766081213361642, 0.766081213361642, 0.7660812133616421, 0.7660812133616421, 0.766081213361642, 0.766081213361642, 0.7660812133616419, 0.7660812133616419, 0.766081213361642, 0.7660812133616421, 0.7660812133616423, 0.7660812133616424, 0.7660812133616423, 0.7660812133616423, 0.7660812133616424, 0.7660812133616424, 0.7660812133616425, 0.7660812133616424, 0.7660812133616423, 0.7660812133616423, 0.7660812133616421, 0.7660812133616423, 0.7660812133616421, 0.7660812133616419, 0.7660812133616421, 0.7660812133616423, 0.7660812133616423, 0.7660812133616421, 0.7660812133617177, 0.7660812133617176, 0.7660812133617176, 0.7660812133617177, 0.7660812133617177, 0.7660812133617179, 0.7660812133617932, 0.762636526916305, 0.7589093718355222, 0.7551562918033663, 0.7513770731590639, 0.7475719364148588, 0.7437415914513402, 0.739887290150573, 0.7360108736327434, 0.7388072103925643, 0.7411541630866166, 0.7427775269392927, 0.7438951941127506, 0.7446564638384097, 0.7451539690924317, 0.7451539721732019, 0.7454046950222474, 0.7454046983225774, 0.745404688389923, 0.7455001103271178, 0.7455001147226965, 0.7455001071304115, 0.7455300548500088, NaN]}, "fraction_solid": [0.0, 0.0, 0.0, 0.0, 0.0, 0.0, 0.0, 0.0, 0.0, 0.0, 0.0, 0.0, 0.0, 0.0, 0.0, 0.0, 0.0, 0.0, 0.0, 0.0, 0.0, 0.0, 0.0, 0.0, 0.0, 0.0, 0.0, 0.0, 0.0, 0.0, 0.0, 0.0, 0.0, 0.0, 0.0, 0.0, 0.0, 0.0, 0.0, 0.0, 0.0, 0.0, 0.0, 0.0, 0.0, 0.0, 0.0, 0.0, 0.0, 0.0, 0.0, 0.0, 0.0, 0.0, 0.0, 0.0, 0.0, 0.0, 0.0, 0.0, 0.0, 0.0, 0.0, 0.0, 0.04596195029445004, 0.09379767877179566, 0.13994100524389846, 0.1844251205173312, 0.22727419738624852, 0.2685043177035721, 0.30812454549643115, 0.34613816643756357, 0.7910608327891397, 0.9245159299179978, 0.9692148481416414, 0.9869590191914458, 0.9947342800414813, 0.998261024825671, 0.9982610313637034, 0.9994908566283809, 0.9994908586779907, 0.9994908603020922, 0.9998386934549797, 0.9998386941641306, 0.9998386947172453, 0.9999502856184072, 1.0], "temperatures": [2000.0, 2000.0, 1990.0, 1980.0, 1970.0, 1960.0, 1950.0, 1940.0, 1930.0, 1920.0, 1910.0, 1900.0, 1890.0, 1880.0, 1870.0, 1860.0, 1850.0, 1840.0, 1830.0, 1820.0, 1810.0, 1800.0, 1790.0, 1780.0, 1770.0, 1760.0, 1750.0, 1740.0, 1730.0, 1720.0, 1710.0, 1700.0, 1690.0, 1680.0, 1670.0, 1660.0, 1650.0, 1640.0, 1630.0, 1620.0, 1610.0, 1600.0, 1590.0, 1580.0, 1570.0, 1560.0, 1550.0, 1540.0, 1530.0, 1520.0, 1510.0, 1500.0, 1490.0, 1480.0, 1470.0, 1460.0, 1450.0, 1440.0, 1430.0, 1420.0, 1410.0, 1400.0, 1390.0, 1380.0, 1370.0, 1360.0, 1350.0, 1340.0, 1330.0, 1320.0, 1310.0, 1300.0, 1290.0, 1280.0, 1270.0, 1260.0, 1250.0, 1240.0, 1240.0, 1231.6666666666667, 1231.6666666666667, 1231.6666666666667, 1225.8796296296298, 1225.8796296296298, 1225.8796296296298, 1221.8608539094653, 1221.8608539094653], "phase_amounts": {"A1": [0.0, 0.0, 0.0, 0.0, 0.0, 0.0, 0.0, 0.0, 0.0, 0.0, 0.0, 0.0, 0.0, 0.0, 0.0, 0.0, 0.0, 0.0, 0.0, 0.0, 0.0, 0.0, 0.0, 0.0, 0.0, 0.0, 0.0, 0.0, 0.0, 0.0, 0.0, 0.0, 0.0, 0.0, 0.0, 0.0, 0.0, 0.0, 0.0, 0.0, 0.0, 0.0, 0.0, 0.0, 0.0, 0.0, 0.0, 0.0, 0.0, 0.0, 0.0, 0.0, 0.0, 0.0, 0.0, 0.0, 0.0, 0.0, 0.0, 0.0, 0.0, 0.0, 0.0, 0.0, 0.0, 0.0, 0.0, 0.0, 0.0, 0.0, 0.0, 0.0, 0.0, 0.0, 0.0, 0.0, 0.0, 0.0, 0.0, 0.0, 0.0, 0.0, 0.0, 0.0, 0.0, 0.0, 0.0], "A2": [0.0, 0.0, 0.0, 0.0, 0.0, 0.0, 0.0, 0.0, 0.0, 0.0, 0.0, 0.0, 0.0, 0.0, 0.0, 0.0, 0.0, 0.0, 0.0, 0.0, 0.0, 0.0, 0.0, 0.0, 0.0, 0.0, 0.0, 0.0, 0.0, 0.0, 0.0, 0.0, 0.0, 0.0, 0.0, 0.0, 0.0, 0.0, 0.0, 0.0, 0.0, 0.0, 0.0, 0.0, 0.0, 0.0, 0.0, 0.0, 0.0, 0.0, 0.0, 0.0, 0.0, 0.0, 0.0, 0.0, 0.0, 0.0, 0.0, 0.0, 0.0, 0.0, 0.0, 0.0, 0.04596195029445004, 0.04783572847734562, 0.04614332647210279, 0.04448411527343273, 0.042849076868917306, 0.04123012031732355, 0.039620227792859085, 0.0380136209411324, 0.2595702951348086, 0.07336303961873991, 0.023179827823909996, 0.008786695149779694, 0.003727505959975222, 0.0016764850531289285, 2.489086434460771e-09, 0.000574529426504537, 7.529611456057681e-10, 6.268083290161649e-10, 0.000156645768606109, 2.537714327498639e-10, 2.0611942075186976e-10, 4.959119407998209e-05, 1.528403474476528e-05], "A3": [0.0, 0.0, 0.0, 0.0, 0.0, 0.0, 0.0, 0.0, 0.0, 0.0, 0.0, 0.0, 0.0, 0.0, 0.0, 0.0, 0.0, 0.0, 0.0, 0.0, 0.0, 0.0, 0.0, 0.0, 0.0, 0.0, 0.0, 0.0, 0.0, 0.0, 0.0, 0.0, 0.0, 0.0, 0.0, 0.0, 0.0, 0.0, 0.0, 0.0, 0.0, 0.0, 0.0, 0.0, 0.0, 0.0, 0.0, 0.0, 0.0, 0.0, 0.0, 0.0, 0.0, 0.0, 0.0, 0.0, 0.0, 0.0, 0.0, 0.0, 0.0, 0.0, 0.0, 0.0, 0.0, 0.0, 0.0, 0.0, 0.0, 0.0, 0.0, 0.0, 0.0, 0.0, 0.0, 0.0, 0.0, 0.0, 0.0, 0.0, 0.0, 0.0, 0.0, 0.0, 0.0, 0.0, 0.0], "BCC2": [0.0, 0.0, 0.0, 0.0, 0.0, 0.0, 0.0, 0.0, 0.0, 0.0, 0.0, 0.0, 0.0, 0.0, 0.0, 0.0, 0.0, 0.0, 0.0, 0.0, 0.0, 0.0, 0.0, 0.0, 0.0, 0.0, 0.0, 0.0, 0.0, 0.0, 0.0, 0.0, 0.0, 0.0, 0.0, 0.0, 0.0, 0.0, 0.0, 0.0, 0.0, 0.0, 0.0, 0.0, 0.0, 0.0, 0.0, 0.0, 0.0, 0.0, 0.0, 0.0, 0.0, 0.0, 0.0, 0.0, 0.0, 0.0, 0.0, 0.0, 0.0, 0.0, 0.0, 0.0, 0.0, 0.0, 0.0, 0.0, 0.0, 0.0, 0.0, 0.0, 0.0, 0.0, 0.0, 0.0, 0.0, 0.0, 0.0, 0.0, 0.0, 0.0, 0.0, 0.0, 0.0, 0.0, 0.0], "C14": [0.0, 0.0, 0.0, 0.0, 0.0, 0.0, 0.0, 0.0, 0.0, 0.0, 0.0, 0.0, 0.0, 0.0, 0.0, 0.0, 0.0, 0.0, 0.0, 0.0, 0.0, 0.0, 0.0, 0.0, 0.0, 0.0, 0.0, 0.0, 0.0, 0.0, 0.0, 0.0, 0.0, 0.0, 0.0, 0.0, 0.0, 0.0, 0.0, 0.0, 0.0, 0.0, 0.0, 0.0, 0.0, 0.0, 0.0, 0.0, 0.0, 0.0, 0.0, 0.0, 0.0, 0.0, 0.0, 0.0, 0.0, 0.0, 0.0, 0.0, 0.0, 0.0, 0.0, 0.0, 0.0, 0.0, 0.0, 0.0, 0.0, 0.0, 0.0, 0.0, 0.0, 0.0, 0.0, 0.0, 0.0, 0.0, 0.0, 0.0, 0.0, 0.0, 0.0, 0.0, 0.0, 0.0, 0.0],