{"x_liquid": {"NI": [0.3402352874005597, 0.34023528740055975, 0.34023528740055975, 0.3402352874005598, 0.3402352874005598, 0.3402352874005598, 0.3402352874005598, 0.3402352874005598, 0.34023528740055986, 0.3402352874005599, 0.3402352874005599, 0.3402352874005599, 0.3402352874005599, 0.3402352874005599, 0.3402352874005599, 0.3402352874005599, 0.3402352874005599, 0.3402352874005599, 0.34023528740055997, 0.34023528740056, 0.34023528740056, 0.34023528740056, 0.34023528740056, 0.34023528740056, 0.34023528740056, 0.34023528740056, 0.34023528740056, 0.34023528740056, 0.34023528740056, 0.3402352874005601, 0.3402352874005601, 0.34023528740056014, 0.34023528740056025, 0.3402352874005602, 0.3402352874005602, 0.34023528740056025, 0.35757240777793997, 0.37022039236779064, 0.3817576358633413, 0.3923138701907553, 0.401994675232091, 0.4108853991935133, 0.41905546154519624, 0.426562433422033, 0.43345561310031167, 0.4397789547264814, 0.4455732796826819, 0.45087776080025915, 0.45573073607856135, 0.460169970562801, 0.46423252519775265, 0.4679543998122272, 0.4713700962024964, 0.47451220821003054, 0.4774111022578088, 0.4800947142887465, 0.48258846231522545, 0.48491525822108844, 0.48709559587572876, 0.48914769205453895, 0.4590582729629096, 0.4334697373903712, 0.4334691617350269, 0.43346878272041334, 0.43346878272041334, 0.43346878272041345, 0.43346878272041345, 0.4236884767739651, 0.4236878826324327, 0.4236874914648578, 0.42368719497682006, 0.4236873375785127, NaN], "TI": [0.024110267258455904, 0.024110267258455904, 0.024110267258455904, 0.024110267258455907, 0.02411026725845591, 0.024110267258455907, 0.02411026725845591, 0.024110267258455907, 0.02411026725845591, 0.024110267258455914, 0.024110267258455914, 0.024110267258455914, 0.024110267258455914, 0.024110267258455914, 0.024110267258455914, 0.024110267258455914, 0.024110267258455914, 0.024110267258455914, 0.024110267258455918, 0.024110267258455925, 0.024110267258455925, 0.024110267258455925, 0.024110267258455925, 0.024110267258455925, 0.024110267258455925, 0.024110267258455925, 0.024110267258455925, 0.024110267258455925, 0.024110267258455928, 0.024110267258455928, 0.02411026725845593, 0.02411026725845594, 0.024110267258455945, 0.024110267258455945, 0.024110267258455942, 0.024110267258455945, 0.031772329767080415, 0.038257666720443215, 0.044984769839663805, 0.05187892333642633, 0.05888129786817603, 0.06594520132595873, 0.07303275860526756, 0.08011231891735458, 0.08715663373134602, 0.09414172695136949, 0.10104631750963548, 0.10785162588568797, 0.1145413947961475, 0.12110197849285732, 0.12752239736740767, 0.13379430276312138, 0.1399118388482055, 0.14587141705918275, 0.15167143258171903, 0.15731195462703812, 0.1627944174623427, 0.1681213314387907, 0.17329602546901415, 0.1783224260032929, 0.1832643635134372, 0.18877272718098048, 0.18877288057604602, 0.18877297867648976, 0.18877297867648973, 0.18877297867648976, 0.18877297867648973, 0.1910972674208117, 0.19109743712734092, 0.1910975459717564, 0.19109743473404028, 0.19109764511286054, NaN]}, "fraction_solid": [0.0, 0.0, 0.0, 0.0, 0.0, 0.0, 0.0, 0.0, 0.0, 0.0, 0.0, 0.0, 0.0, 0.0, 0.0, 0.0, 0.0, 0.0, 0.0, 0.0, 0.0, 0.0, 0.0, 0.0, 0.0, 0.0, 0.0, 0.0, 0.0, 0.0, 0.0, 0.0, 0.0, 0.0, 0.0, 0.0, 0.43100352355301474, 0.6093758044115818, 0.7213824512140701, 0.7951212937619868, 0.8455920164669382, 0.8812624866536455, 0.9071493220085185, 0.9263520201192873, 0.9408576608093115, 0.951982541740499, 0.9606243346937224, 0.9674111532599643, 0.9727924626959414, 0.977096133440786, 0.9805652364280827, 0.9833824094350512, 0.9856864101886689, 0.9875836341562534, 0.9891563027725819, 0.9904683925742114, 0.9915699937219531, 0.9925005527046014, 0.9932913078875284, 0.9939671327366388, 0.9978494887094531, 0.9990220624088174, 0.9990220775318294, 0.9990220874050049, 0.9990220874050049, 0.9990220874050049, 0.9990220874050049, 0.9992460504110857, 0.9992460621973241, 0.9992460698935313, 0.9992460714683769, 0.9992460741592044, 1.0], "temperatures": [2000.0, 2000.0, 1990.0, 1980.0, 1970.0, 1960.0, 1950.0, 1940.0, 1930.0, 1920.0, 1910.0, 1900.0, 1890.0, 1880.0, 1870.0, 1860.0, 1850.0, 1840.0, 1830.0, 1820.0, 1810.0, 1800.0, 1790.0, 1780.0, 1770.0, 1760.0, 1750.0, 1740.0, 1730.0, 1720.0, 1710.0, 1700.0, 1690.0, 1680.0, 1670.0, 1660.0, 1650.0, 1640.0, 1630.0, 1620.0, 1610.0, 1600.0, 1590.0, 1580.0, 1570.0, 1560.0, 1550.0, 1540.0, 1530.0, 1520.0, 1510.0, 1500.0, 1490.0, 1480.0, 1470.0, 1460.0, 1450.0, 1440.0, 1430.0, 1420.0, 1410.0, 1400.0, 1400.0, 1400.0, 1400.0, 1400.0, 1400.0, 1395.9812242798355, 1395.9812242798355, 1395.9812242798355, 1395.9812242798355, 1395.9812242798355, 1394.0431572851573], "phase_amounts": {"A1": [0.0, 0.0, 0.0, 0.0, 0.0, 0.0, 0.0, 0.0, 0.0, 0.0, 0.0, 0.0, 0.0, 0.0, 0.0, 0.0, 0.0, 0.0, 0.0, 0.0, 0.0, 0.0, 0.0, 0.0, 0.0, 0.0, 0.0, 0.0, 0.0, 0.0, 0.0, 0.0, 0.0, 0.0, 0.0, 0.0, 0.43100352355301474, 0.1783722808585671, 0.1120066468024883, 0.07373884254791678, 0.05047072270495131, 0.035670470186707354, 0.02588683535487304, 0.019202698110768752, 0.01450564069002429, 0.011124880931187492, 0.008641792953223445, 0.006786818566241837, 0.005381309435977151, 0.0043036707448446095, 0.003469102987296672, 0.002817173006968482, 0.0023040007536177165, 0.0018972239675844754, 0.0015726686163285754, 0.0013120898016294757, 0.0011016011477417685, 0.0009305589826483194, 0.000790755182926986, 0.000675824849110441, 0.002801882237249462, 0.0007884497727359992, 8.739025268869674e-09, 5.687613254476543e-09, 0.0, 0.0, 0.0, 0.0001333499409992499, 6.734581227527012e-09, 4.384299370582197e-09, 0.0, 2.690827521116755e-09, 0.0003995633974196912], "A2": [0.0, 0.0, 0.0, 0.0, 0.0, 0.0, 0.0, 0.0, 0.0, 0.0, 0.0, 0.0, 0.0, 0.0, 0.0, 0.0, 0.0, 0.0, 0.0, 0.0, 0.0, 0.0, 0.0, 0.0, 0.0, 0.0, 0.0, 0.0, 0.0, 0.0, 0.0, 0.0, 0.0, 0.0, 0.0, 0.0, 0.0, 0.0, 0.0, 0.0, 0.0, 0.0, 0.0, 0.0, 0.0, 0.0, 0.0, 0.0, 0.0, 0.0, 0.0, 0.0, 0.0, 0.0, 0.0, 0.0, 0.0, 0.0, 0.0, 0.0, 0.0, 0.0, 0.0, 0.0, 0.0, 0.0, 0.0, 0.0, 0.0, 0.0, 0.0, 0.0, 0.0], "A3": [0.0, 0.0, 0.0, 0.0, 0.0, 0.0, 0.0, 0.0, 0.0, 0.0, 0.0, 0.0, 0.0, 0.0, 0.0, 0.0, 0.0, 0.0, 0.0, 0.0, 0.0, 0.0, 0.0, 0.0, 0.0, 0.0, 0.0, 0.0, 0.0, 0.0, 0.0, 0.0, 0.0, 0.0, 0.0, 0.0, 0.0, 0.0, 0.0, 0.0, 0.0, 0.0, 0.0, 0.0, 0.0, 0.0, 0.0, 0.0, 0.0, 0.0, 0.0, 0.0, 0.0, 0.0, 0.0, 0.0, 0.0, 0.0, 0.0, 0.0, 0.0, 0.0, 0.0, 0.0, 0.0, 0.0, 0.0, 0.0, 0.0, 0.0, 0.0, 0.0, 0.0], "BCC2": [0.0, 0.0, 0.0, 0.0, 0.0, 0.0, 0.0, 0.0, 0.0, 0.0, 0.0, 0.0, 0.0, 0.0, 0.0, 0.0, 0.0, 0.0, 0.0, 0.0, 0.0, 0.0, 0.0, 0.0, 0.0, 0.0, 0.0, 0.0, 0.0, 0.0, 0.0, 0.0, 0.0, 0.0, 0.0, 0.0, 0.0, 0.0, 0.0, 0.0, 0.0, 0.0, 0.0, 0.0, 0.0, 0.0, 0.0, 0.0, 0.0, 0.0, 0.0, 0.0, 0.0, 0.0, 0.0, 0.0, 0.0, 0.0, 0.0, 0.0, 0.0, 0.0, 0.0, 0.0, 0.0, 0.0, 0.0, 0.0, 0.0, 0.0, 0.0, 0.0, 0.0], "C14": [0.0, 0.0, 0.0, 0.0, 0.0, 0.0, 0.0, 0.0, 0.0, 0.0, 0.0, 0.0, 0.0, 0.0, 0.0, 0.0, 0.0, 0.0, 0.0, 0.0, 0.0, 0.0, 0.0, 0.0, 0.0, 0.0, 0.0, 0.0, 0.0, 0.0, 0.0, 0.0, 0.0, 0.0, 0.0, 0.0, 0.0, 0.0, 0.0, 0.0, 0.0, 0.0, 0.0, 0.0, 0.0, 0.0, 0.0, 0.0, 0.0, 0.0, 0.0, 0.0, 0.0, 0.0, 0.0, 0.0, 0.0, 0.0, 0.0, 0.0, 0.0, 0.0, 0.0, 0.0, 0.0, 0.0, 0.0, 0.0, 0.0, 0.0, 0.0, 0.0, 0.00010396051947049051], "FCC4": [0.0, 0.0, 0.0, 0.0, 0.0, 0.0, 0.0, 0.0, 0.0, 0.0, 0.0, 0.0, 0.0, 0.0, 0.0, 0.0, 0.0, 0.0, 0.0, 0.0, 0.0, 0.0, 0.0, 0.0, 0.0, 0.0, 0.0, 0.0, 0.0, 0.0, 0.0, 0.0, 0.0, 0.0, 0.0, 0.0, 0.0, 0.0, 0.0, 0.0, 0.0, 0.0, 0.0, 0.0, 0.0, 0.0, 0.0, 0.0, 0.0, 0.0, 0.0, 0.0, 0.0, 0.0, 0.0, 0.0, 0.0, 0.0, 0.0, 0.0, 0.0, 0.0, 0.0, 0.0, 0.0, 0.0, 0.0, 0.0, 0.0, 0.0, 0.0, 0.0, 0.0],