{"x_liquid": {"NI": [0.2364992760977742, 0.2364992760977742, 0.23649927609777424, 0.2364992760977743, 0.2364992760977743, 0.23649927609777427, 0.23649927609777424, 0.2364992760977742, 0.23649927609777424, 0.23649927609777424, 0.23649927609777424, 0.23649927609777424, 0.2364992760977743, 0.2364992760977743, 0.23649927609777427, 0.23649927609777427, 0.23649927609777432, 0.23649927609777435, 0.23649927609777438, 0.2364992760977744, 0.23649927609777438, 0.23649927609777438, 0.23649927609777438, 0.2364992760977744, 0.23649927609777444, 0.23649927609777452, 0.23649927609777455, 0.23649927609777457, 0.23649927609777457, 0.23649927609777455, 0.2555533930935901, 0.27983643443024037, 0.3002121415543764, 0.3179029355441326, 0.3335993289488907, 0.34773971320237324, 0.3606242526006504, 0.3724696265573681, 0.38343848328360297, 0.3936566424585634, 0.4032237899488567, 0.4122204610310014, 0.4207127841044345, 0.4287558096330534, 0.43639591068389216, 0.4436725544117534, 0.4506196355243392, 0.45726649748254844, 0.46363872647454674, 0.46975877703570057, 0.47564647092588713, 0.4813193992210976, 0.4867932495432546, 0.4920820747130545, 0.4971985150837514, 0.5021539838961457, 0.5021539838961457, 0.5021539838959392, 0.5021539838957327, 0.5021539838955262, 0.5021539838953197, 0.5021539838951132, 0.5021539838949067, 0.5021539838947002, 0.5021539838944938, NaN], "TI": [0.32165409088532476, 0.3216540908853247, 0.32165409088532476, 0.32165409088532476, 0.32165409088532476, 0.32165409088532476, 0.32165409088532476, 0.3216540908853247, 0.32165409088532465, 0.32165409088532465, 0.3216540908853246, 0.32165409088532454, 0.32165409088532454, 0.3216540908853245, 0.32165409088532443, 0.3216540908853244, 0.3216540908853244, 0.3216540908853243, 0.3216540908853244, 0.3216540908853243, 0.3216540908853244, 0.3216540908853243, 0.3216540908853244, 0.3216540908853243, 0.32165409088532443, 0.32165409088532443, 0.3216540908853245, 0.3216540908853245, 0.3216540908853245, 0.32165409088532443, 0.31928313218171017, 0.31582580991138015, 0.3126614456496146, 0.30973599364232984, 0.3070112821157513, 0.30445855080132034, 0.30205529041313744, 0.2997834190871455, 0.2976281255788122, 0.2955770888547632, 0.293619928236144, 0.2917478031655322, 0.2899531143580611, 0.28822927599320136, 0.28657053904322055, 0.2849718522363435, 0.28342875123961647, 0.28193726934330876, 0.2804938647578776, 0.27909536090505405, 0.27773889698461374, 0.27642188674768003, 0.275141983883034, 0.27389705277592136, 0.27268514366456004, 0.27150447142140594, 0.271504471421406, 0.27150447142145523, 0.27150447142150447, 0.2715044714215537, 0.27150447142160294, 0.2715044714216522, 0.2715044714217014, 0.27150447142175066, 0.27150447142179995, NaN]}, "fraction_solid": [0.0, 0.0, 0.0, 0.0, 0.0, 0.0, 0.0, 0.0, 0.0, 0.0, 0.0, 0.0, 0.0, 0.0, 0.0, 0.0, 0.0, 0.0, 0.0, 0.0, 0.0, 0.0, 0.0, 0.0, 0.0, 0.0, 0.0, 0.0, 0.0, 0.0, 0.3152596856032709, 0.5399117860917293, 0.6493068861561352, 0.7139325146529923, 0.7565987437188268, 0.7868889101013734, 0.8095241305750043, 0.8270968481305747, 0.8411479159253774, 0.852650274176035, 0.86224835112059, 0.8703858616003307, 0.8773782896391533, 0.8834560932493092, 0.8887915510777862, 0.8935160442447235, 0.8977315244734027, 0.9015183282507012, 0.9049406263804199, 0.9080503034598175, 0.910889770772354, 0.9134940396964718, 0.9158922729220212, 0.9181089607476883, 0.9201648241076439, 0.9220775156561575, 0.9220775156561575, 0.9220775156561575, 0.9220775156561575, 0.9220775156561575, 0.9220775156561575, 0.9220775156561575, 0.9220775156561575, 0.9220775156561575, 0.9220775156561575, 1.0], "temperatures": [2000.0, 2000.0, 1990.0, 1980.0, 1970.0, 1960.0, 1950.0, 1940.0, 1930.0, 1920.0, 1910.0, 1900.0, 1890.0, 1880.0, 1870.0, 1860.0, 1850.0, 1840.0, 1830.0, 1820.0, 1810.0, 1800.0, 1790.0, 1780.0, 1770.0, 1760.0, 1750.0, 1740.0, 1730.0, 1720.0, 1710.0, 1700.0, 1690.0, 1680.0, 1670.0, 1660.0, 1650.0, 1640.0, 1630.0, 1620.0, 1610.0, 1600.0, 1590.0, 1580.0, 1570.0, 1560.0, 1550.0, 1540.0, 1530.0, 1520.0, 1510.0, 1500.0, 1490.0, 1480.0, 1470.0, 1460.0, 1468.3333333333333, 1461.388888888889, 1461.388888888889, 1461.388888888889, 1461.388888888889, 1461.388888888889, 1461.388888888889, 1461.388888888889, 1461.388888888889, 1459.4508218942108], "phase_amounts": {"A1": [0.0, 0.0, 0.0, 0.0, 0.0, 0.0, 0.0, 0.0, 0.0, 0.0, 0.0, 0.0, 0.0, 0.0, 0.0, 0.0, 0.0, 0.0, 0.0, 0.0, 0.0, 0.0, 0.0, 0.0, 0.0, 0.0, 0.0, 0.0, 0.0, 0.0, 0.0, 0.0, 0.0, 0.0, 0.0, 0.0, 0.0, 0.0, 0.0, 0.0, 0.0, 0.0, 0.0, 0.0, 0.0, 0.0, 0.0, 0.0, 0.0, 0.0, 0.0, 0.0, 0.0, 0.0, 0.0, 0.0, 0.0, 0.0, 0.0, 0.0, 0.0, 0.0, 0.0, 0.0, 0.0, 0.0], "A2": [0.0, 0.0, 0.0, 0.0, 0.0, 0.0, 0.0, 0.0, 0.0, 0.0, 0.0, 0.0, 0.0, 0.0, 0.0, 0.0, 0.0, 0.0, 0.0, 0.0, 0.0, 0.0, 0.0, 0.0, 0.0, 0.0, 0.0, 0.0, 0.0, 0.0, 0.0, 0.0, 0.0, 0.0, 0.0, 0.0, 0.0, 0.0, 0.0, 0.0, 0.0, 0.0, 0.0, 0.0, 0.0, 0.0, 0.0, 0.0, 0.0, 0.0, 0.0, 0.0, 0.0, 0.0, 0.0, 0.0, 0.0, 0.0, 0.0, 0.0, 0.0, 0.0, 0.0, 0.0, 0.0, 0.0], "A3": [0.0, 0.0, 0.0, 0.0, 0.0, 0.0, 0.0, 0.0, 0.0, 0.0, 0.0, 0.0, 0.0, 0.0, 0.0, 0.0, 0.0, 0.0, 0.0, 0.0, 0.0, 0.0, 0.0, 0.0, 0.0, 0.0, 0.0, 0.0, 0.0, 0.0, 0.0, 0.0, 0.0, 0.0, 0.0, 0.0, 0.0, 0.0, 0.0, 0.0, 0.0, 0.0, 0.0, 0.0, 0.0, 0.0, 0.0, 0.0, 0.0, 0.0, 0.0, 0.0, 0.0, 0.0, 0.0, 0.0, 0.0, 0.0, 0.0, 0.0, 0.0, 0.0, 0.0, 0.0, 0.0, 0.0], "BCC2": [0.0, 0.0, 0.0, 0.0, 0.0, 0.0, 0.0, 0.0, 0.0, 0.0, 0.0, 0.0, 0.0, 0.0, 0.0, 0.0, 0.0, 0.0, 0.0, 0.0, 0.0, 0.0, 0.0, 0.0, 0.0, 0.0, 0.0, 0.0, 0.0, 0.0, 0.0, 0.0, 0.0, 0.0, 0.0, 0.0, 0.0, 0.0, 0.0, 0.0, 0.0, 0.0, 0.0, 0.0, 0.0, 0.0, 0.0, 0.0, 0.0, 0.0, 0.0, 0.0, 0.0, 0.0, 0.0, 0.0, 0.0, 0.0, 0.0, 0.0, 0.0, 0.0, 0.0, 0.0, 0.0, 0.0], "C14": [0.0, 0.0, 0.0, 0.0, 0.0, 0.0, 0.0, 0.0, 0.0, 0.0, 0.0, 0.0, 0.0, 0.0, 0.0, 0.0, 0.0, 0.0, 0.0, 0.0, 0.0, 0.0, 0.0, 0.0, 0.0, 0.0, 0.0, 0.0, 0.0, 0.0, 0.3152596856032709, 0.22465210048845843, 0.1093951000644059, 0.06462562849685713, 0.04266622906583447, 0.03029016638254661, 0.022635220473630854, 0.01757271755557049, 0.014051067794802752, 0.011502358250657624, 0.009598076944554954, 0.008137510479740755, 0.006992428038822599, 0.00607780361015591, 0.005335457828477028, 0.0047244931669373404, 0.004215480228679122, 0.0037868037772985914, 0.003422298129718704, 0.003109677079397622, 0.00283946731253653, 0.0026042689241177583, 0.0023982332255494654, 0.0022166878256671034, 0.002055863359955544, 0.0019126915485136384, 0.0, 0.0, 0.0, 0.0, 0.0, 0.0, 0.0, 0.0, 0.0, 0.024921992384915014], "FCC4": [0.0, 0.0, 0.0, 0.0, 0.0, 0.0, 0.0, 0.0, 0.0, 0.0, 0.0, 0.0, 0.0, 0.0, 0.0, 0.0, 0.0, 0.0, 0.0, 0.0, 0.0, 0.0, 0.0, 0.0, 0.0, 0.0, 0.0, 0.0, 0.0, 0.0, 0.0, 0.0, 0.0, 0.0, 0.0, 0.0, 0.0, 0.0, 0.0, 0.0, 0.0, 0.0, 0.0, 0.0, 0.0, 0.0, 0.0, 0.0, 0.0, 0.0, 0.0, 0.0, 0.0, 0.0, 0.0, 0.0, 0.0, 0.0, 0.0, 0.0, 0.0, 0.0, 0.0, 0.0, 0.0, 0.0], "NI3TI": [0.0, 0.0, 0.0, 0.0, 0.0, 0.0, 0.0, 0.0, 0.0, 0.0, 0.0, 0.0, 0.0, 0.0, 0.0, 0.0, 0.0, 0.0, 0.0, 0.0, 0.0, 0.0, 0.0, 0.0, 0.0, 0.0, 0.0, 0.0, 0.0, 0.0, 0.0, 0.0, 0.0, 0.0, 0.0, 0.0, 0.0, 0.0, 0.0, 0.0, 0.0, 0.0, 0.0, 0.0, 0.0, 0.0, 0.0, 0.0, 0.0, 0.0, 0.0, 0.0, 0.0, 0.0, 0.0, 0.0, 0.0, 0.0, 0.0, 0.0, 0.0, 0.0, 0.0, 0.0, 0.0, 0.05300049195892751], "NITI2": [0.0, 0.0, 0.0, 0.0, 0.0, 0.0, 0.0, 0.0, 0.0, 0.0, 0.0, 0.0, 0.0, 0.0, 0.0, 0.0, 0.0, 0.0, 0.0, 0.0, 0.0, 0.0, 0.0, 0.0, 0.0, 0.0, 0.0, 0.0, 0.0, 0.0, 0.0, 0.0, 0.0, 0.0, 0.0, 0.0, 0.0, 0.0, 0.0, 0.0, 0.0, 0.0, 0.0, 0.0, 0.0, 0.0, 0.0, 0.0, 0.0, 0.0, 0.0, 0.0, 0.0, 0.0, 0.0, 0.0, 0.0, 0.0, 0.0, 0.0, 0.0, 0.0, 0.0, 0.0, 0.0, 0.0]}, "converged": false, "method": "scheil"}