{"x_liquid": {"NI": [0.2752206177428269, 0.2752206177428269, 0.27522061774282697, 0.275220617742827, 0.2752206177428271, 0.27522061774282713, 0.2752206177428272, 0.27522061774282713, 0.27522061774282713, 0.2752206177428272, 0.2752206177428272, 0.27522061774282713, 0.2752206177428272, 0.2752206177428272, 0.27522061774282713, 0.2752206177428272, 0.2752206177428272, 0.2752206177428272, 0.2752206177428272, 0.27522061774282713, 0.2752206177428272, 0.2752206177428272, 0.2752206177428272, 0.2752206177428272, 0.27522061774282713, 0.27522061774282713, 0.27522061774282713, 0.2752206177428272, 0.27522061774282713, 0.27522061774282713, 0.27522061774282724, 0.2752206177428272, 0.27522061774282713, 0.27522061774282713, 0.27522061774282713, 0.27522061774282713, 0.2752206177428272, 0.2752206177428272, 0.2752206177428272, 0.2752206177428272, 0.2752206177428272, 0.2752206177428272, 0.2763590596393223, 0.2798138137044257, 0.2831479881368755, 0.28637478562370644, 0.2895054309379483, 0.29254957143175325, 0.29551558114359433, 0.29841079537180176, 0.3012416942030686, 0.30401404798151094, 0.3067330340037974, 0.3094033311896238, 0.31202919770675014, 0.31461453527544475, 0.3279317886646034, 0.3474358592629601, 0.36600032756983075, 0.3836962992433149, 0.40057680579063404, 0.41667876673326704, 0.4166793995205798, 0.4166796104786721, 0.4166797746904041, 0.41667977469021494, 0.4166797746900257, 0.42293613392391494, 0.4229365562290965, 0.42293691184295035, 0.4229370472076797, 0.4229372606958534, NaN], "TI": [0.21059047947074247, 0.21059047947074244, 0.21059047947074244, 0.21059047947074244, 0.21059047947074244, 0.21059047947074244, 0.21059047947074247, 0.21059047947074247, 0.21059047947074244, 0.21059047947074247, 0.21059047947074247, 0.21059047947074244, 0.21059047947074244, 0.21059047947074244, 0.21059047947074244, 0.21059047947074247, 0.21059047947074244, 0.21059047947074247, 0.21059047947074247, 0.21059047947074247, 0.21059047947074247, 0.21059047947074247, 0.21059047947074244, 0.21059047947074244, 0.21059047947074241, 0.21059047947074236, 0.21059047947074236, 0.2105904794707424, 0.2105904794707424, 0.2105904794707424, 0.21059047947074247, 0.21059047947074247, 0.21059047947074247, 0.21059047947074247, 0.21059047947074247, 0.21059047947074244, 0.21059047947074244, 0.21059047947074247, 0.21059047947074247, 0.21059047947074247, 0.21059047947074247, 0.21059047947074247, 0.20932321825931427, 0.205507571175709, 0.20185592322542809, 0.1983531890976668, 0.1949864155942945, 0.19174438052439818, 0.18861728382702497, 0.18559650626180554, 0.18267441844155524, 0.17984422794386995, 0.1770998556219135, 0.1744358345843719, 0.17184722697556062, 0.1693295548784691, 0.17049920010661987, 0.17412339654433667, 0.17784620149751956, 0.18165991446546553, 0.18555564137727212, 0.1895218086186905, 0.18952192790885666, 0.18952180747486813, 0.18952204201887496, 0.18952204201898304, 0.1895220420190911, 0.19113228316635614, 0.1911323437052787, 0.1911323913407121, 0.19113259031083998, 0.1911324719832279, NaN]}, "fraction_solid": [0.0, 0.0, 0.0, 0.0, 0.0, 0.0, 0.0, 0.0, 0.0, 0.0, 0.0, 0.0, 0.0, 0.0, 0.0, 0.0, 0.0, 0.0, 0.0, 0.0, 0.0, 0.0, 0.0, 0.0, 0.0, 0.0, 0.0, 0.0, 0.0, 0.0, 0.0, 0.0, 0.0, 0.0, 0.0, 0.0, 0.0, 0.0, 0.0, 0.0, 0.0, 0.0, 0.013493167198323417, 0.052582797821828633, 0.08770729681789069, 0.11949291113726715, 0.14843771273558912, 0.17494329774963766, 0.19933744166690634, 0.22189060174063596, 0.24282814347532222, 0.2623395383447193, 0.28058537905261927, 0.2977027975980818, 0.31380969787319046, 0.3290080970008231, 0.4447462489551992, 0.5831745899318502, 0.6805910882366077, 0.7513659930572839, 0.8040671006768325, 0.844052234222681, 0.8440534846419273, 0.8440536707745045, 0.8440542884790848, 0.8440542884790848, 0.8440542884790848, 0.856836171657016, 0.8568369103281889, 0.8568375277663051, 0.8568380104305233, 0.8568381799047003, 1.0], "temperatures": [2000.0, 2000.0, 1990.0, 1980.0, 1970.0, 1960.0, 1950.0, 1940.0, 1930.0, 1920.0, 1910.0, 1900.0, 1890.0, 1880.0, 1870.0, 1860.0, 1850.0, 1840.0, 1830.0, 1820.0, 1810.0, 1800.0, 1790.0, 1780.0, 1770.0, 1760.0, 1750.0, 1740.0, 1730.0, 1720.0, 1710.0, 1700.0, 1690.0, 1680.0, 1670.0, 1660.0, 1650.0, 1640.0, 1630.0, 1620.0, 1610.0, 1600.0, 1590.0, 1580.0, 1570.0, 1560.0, 1550.0, 1540.0, 1530.0, 1520.0, 1510.0, 1500.0, 1490.0, 1480.0, 1470.0, 1460.0, 1450.0, 1440.0, 1430.0, 1420.0, 1410.0, 1400.0, 1400.0, 1400.0, 1400.0, 1400.0, 1400.0, 1395.9812242798355, 1395.9812242798355, 1395.9812242798355, 1395.9812242798355, 1395.9812242798355, 1394.0431572851573], "phase_amounts": {"A1": [0.0, 0.0, 0.0, 0.0, 0.0, 0.0, 0.0, 0.0, 0.0, 0.0, 0.0, 0.0, 0.0, 0.0, 0.0, 0.0, 0.0, 0.0, 0.0, 0.0, 0.0, 0.0, 0.0, 0.0, 0.0, 0.0, 0.0, 0.0, 0.0, 0.0, 0.0, 0.0, 0.0, 0.0, 0.0, 0.0, 0.0, 0.0, 0.0, 0.0, 0.0, 0.0, 0.0, 0.0, 0.0, 0.0, 0.0, 0.0, 0.0, 0.0, 0.0, 0.0, 0.0, 0.0, 0.0, 0.0, 0.08261676715855674, 0.1059374252560774, 0.07480669614663069, 0.05457381317148599, 0.04081859626960636, 0.03110724253753623, 9.041803361076639e-07, 0.0, 6.177045802904522e-07, 0.0, 0.0, 0.009743671882918916, 5.189686304796206e-07, 4.311211125787393e-07, 4.826642182754011e-07, 0.0, 0.07594810572503019], "A2": [0.0, 0.0, 0.0, 0.0, 0.0, 0.0, 0.0, 0.0, 0.0, 0.0, 0.0, 0.0, 0.0, 0.0, 0.0, 0.0, 0.0, 0.0, 0.0, 0.0, 0.0, 0.0, 0.0, 0.0, 0.0, 0.0, 0.0, 0.0, 0.0, 0.0, 0.0, 0.0, 0.0, 0.0, 0.0, 0.0, 0.0, 0.0, 0.0, 0.0, 0.0, 0.0, 0.0, 0.0, 0.0, 0.0, 0.0, 0.0, 0.0, 0.0, 0.0, 0.0, 0.0, 0.0, 0.0, 0.0, 0.0, 0.0, 0.0, 0.0, 0.0, 0.0, 0.0, 0.0, 0.0, 0.0, 0.0, 0.0, 0.0, 0.0, 0.0, 0.0, 0.0], "A3": [0.0, 0.0, 0.0, 0.0, 0.0, 0.0, 0.0, 0.0, 0.0, 0.0, 0.0, 0.0, 0.0, 0.0, 0.0, 0.0, 0.0, 0.0, 0.0, 0.0, 0.0, 0.0, 0.0, 0.0, 0.0, 0.0, 0.0, 0.0, 0.0, 0.0, 0.0, 0.0, 0.0, 0.0, 0.0, 0.0, 0.0, 0.0, 0.0, 0.0, 0.0, 0.0, 0.0, 0.0, 0.0, 0.0, 0.0, 0.0, 0.0, 0.0, 0.0, 0.0, 0.0, 0.0, 0.0, 0.0, 0.0, 0.0, 0.0, 0.0, 0.0, 0.0, 0.0, 0.0, 0.0, 0.0, 0.0, 0.0, 0.0, 0.0, 0.0, 0.0, 0.0], "BCC2": [0.0, 0.0, 0.0, 0.0, 0.0, 0.0, 0.0, 0.0, 0.0, 0.0, 0.0, 0.0, 0.0, 0.0, 0.0, 0.0, 0.0, 0.0, 0.0, 0.0, 0.0, 0.0, 0.0, 0.0, 0.0, 0.0, 0.0, 0.0, 0.0, 0.0, 0.0, 0.0, 0.0, 0.0, 0.0, 0.0, 0.0, 0.0, 0.0, 0.0, 0.0, 0.0, 0.0, 0.0, 0.0, 0.0, 0.0, 0.0, 0.0, 0.0, 0.0, 0.0, 0.0, 0.0, 0.0, 0.0, 0.0, 0.0, 0.0, 0.0, 0.0, 0.0, 0.0, 0.0, 0.0, 0.0, 0.0, 0.0, 0.0, 0.0, 0.0, 0.0, 0.0], "C14": [0.0, 0.0, 0.0, 0.0, 0.0, 0.0, 0.0, 0.0, 0.0, 0.0, 0.0, 0.0, 0.0, 0.0, 0.0, 0.0, 0.0, 0.0, 0.0, 0.0, 0.0, 0.0, 0.0, 0.0, 0.0, 0.0, 0.0, 0.0, 0.0, 0.0, 0.0, 0.0, 0.0, 0.0, 0.0, 0.0, 0.0, 0.0, 0.0, 0.0, 0.0, 0.0, 0.013493167198323417, 0.03908963062350522, 0.035124498996062056, 0.031785614319376466, 0.028944801598321957, 0.026505585014048535, 0.024394143917268678, 0.022553160073729626, 0.020937541734686274, 0.019511394869397063, 0.01824584070789998, 0.017117418545462563, 0.016106900275108645, 0.01519839912763264, 0.03312138479581934, 0.032490915720573624, 0.022609802158126746, 0.016201091649190102, 0.011882511349942199, 0.008877891008312216, 3.462389101276013e-07, 1.8613257725545396e-07, 0.0, 0.0, 0.0, 0.0030382112950122064, 2.1970254238743594e-07, 1.8631700362266464e-07, 0.0, 1.6947417705965116e-07, 0.020030296594920432], "FCC4": [0.0, 0.0, 0.0, 0.0, 0.0, 0.0, 0.0, 0.0, 0.0, 0.0, 0.0, 0.0, 0.0, 0.0, 0.0, 0.0, 0.0, 0.0, 0.0, 0.0, 0.0, 0.0, 0.0, 0.0, 0.0, 0.0, 0.0, 0.0, 0.0, 0.0, 0.0, 0.0, 0.0, 0.0, 0.0, 0.0, 0.0, 0.0, 0.0, 0.0, 0.0, 0.0, 0.0, 0.0, 0.0, 0.0, 0.0, 0.0, 0.0, 0.0, 0.0, 0.0, 0.0, 0.0, 0.0, 0.0, 0.0, 0.0, 0.0, 0.0, 0.0, 0.0, 0.0, 0.0, 0.0, 0.0, 0.0, 0.0, 0.0, 0.0, 0.0, 0.0, 0.0], "NI3TI": [0.0, 0.0, 0.0, 0.0, 0.0, 0.0, 0.0, 0.0, 0.0, 0.0, 0.0, 0.0, 0.0, 0.0, 0.0, 0.0, 0.0, 0.0, 0.0, 0.0, 0.0, 0.0, 0.0, 0.0, 0.0, 0.0, 0.0, 0.0, 0.0, 0.0, 0.0, 0.0, 0.0, 0.0, 0.0, 0.0, 0.0, 0.0, 0.0, 0.0, 0.0, 0.0, 0.0, 0.0, 0.0, 0.0, 0.0, 0.0, 0.0, 0.0, 0.0, 0.0, 0.0, 0.0, 0.0, 0.0, 0.0, 0.0, 0.0, 0.0, 0.0, 0.0, 0.0, 0.0, 0.0, 0.0, 0.0, 0.0, 0.0, 0.0, 0.0, 0.0, 0.04718341777534903],