{"x_liquid": {"NI": [0.10800174913530138, 0.10800174913530139, 0.10800174913530138, 0.10800174913530138, 0.1080017491353014, 0.10800174913530139, 0.1080017491353014, 0.10800174913530142, 0.10800174913530142, 0.10800174913530144, 0.10800174913530146, 0.10800174913530147, 0.10800174913530147, 0.10800174913530149, 0.1080017491353015, 0.10800174913530153, 0.10800174913530153, 0.10800174913530151, 0.10800174913530149, 0.10800174913530149, 0.1080017491353015, 0.10800174913530154, 0.10800174913530153, 0.10800174913530153, 0.10800174913530153, 0.10800174913530151, 0.10800174913530153, 0.10800174913530151, 0.10800174913530151, 0.10800174913530153, 0.10800174913530153, 0.10800174913530151, 0.10800174913530153, 0.10800174913530151, 0.10800174913530151, 0.10800174913530153, 0.10800174913530151, 0.10800174913530154, 0.10800174913530154, 0.10800174913530154, 0.10800174913530154, 0.10800174913530154, 0.10800174913530154, 0.10800174913530154, 0.10800174913530153, 0.10800174913530154, 0.10800174913530154, 0.10800174913530153, 0.10800174913530156, 0.10800174913530154, 0.10800174913530154, 0.10800174913530156, 0.10800174913530154, 0.10800174913530154, 0.10800174913530153, 0.10800174913530151, 0.10800174913530153, 0.1080017491353015, 0.10800174913530153, 0.10800174913530153, 0.10800174913530153, 0.10800174913530151, 0.10800174913530151, 0.10800174913524352, 0.10757692368122096, 0.10710701383432505, 0.10662226577661721, 0.10612399536759705, 0.10561338120946019, 0.1050915001193624, 0.10352743183199663, 0.10400474239080496, 0.12799673348476784, 0.1502118147180065, 0.17059339009104563, 0.18916022228957735, 0.20602266215341322, 0.22134880784826905, 0.22134887616731874, 0.23308398636781355, 0.2330840371826718, 0.2330840894625196, 0.24074071093992078, 0.24074074674256993, 0.24074078538765833, 0.2458412222770571, NaN], "TI": [0.6902208500931195, 0.6902208500931195, 0.6902208500931195, 0.6902208500931195, 0.6902208500931196, 0.6902208500931196, 0.6902208500931197, 0.6902208500931197, 0.6902208500931197, 0.6902208500931198, 0.69022085009312, 0.6902208500931201, 0.69022085009312, 0.6902208500931201, 0.6902208500931201, 0.6902208500931201, 0.6902208500931201, 0.6902208500931201, 0.6902208500931198, 0.6902208500931198, 0.6902208500931198, 0.69022085009312, 0.69022085009312, 0.6902208500931201, 0.6902208500931201, 0.69022085009312, 0.6902208500931202, 0.69022085009312, 0.6902208500931201, 0.6902208500931201, 0.6902208500931201, 0.6902208500931201, 0.6902208500931202, 0.6902208500931202, 0.6902208500931201, 0.6902208500931202, 0.69022085009312, 0.6902208500931201, 0.6902208500931201, 0.69022085009312, 0.6902208500931201, 0.6902208500931201, 0.69022085009312, 0.6902208500931202, 0.6902208500931202, 0.6902208500931201, 0.6902208500931202, 0.6902208500931201, 0.6902208500931201, 0.6902208500931201, 0.6902208500931201, 0.6902208500931201, 0.6902208500931201, 0.6902208500931202, 0.6902208500931202, 0.69022085009312, 0.6902208500931201, 0.69022085009312, 0.6902208500931201, 0.6902208500931201, 0.6902208500931201, 0.69022085009312, 0.69022085009312, 0.6902208500931761, 0.6947283326676265, 0.6994084075985193, 0.7039658016589927, 0.7084094188910605, 0.7127474139006073, 0.7169873487932896, 0.726240899350945, 0.7354425174387614, 0.7388072103925623, 0.7411541630866162, 0.7427775269392924, 0.7438951941127503, 0.7446564638384103, 0.7451539690924315, 0.7451539721732022, 0.7454046950222464, 0.7454046983225812, 0.7454046883899258, 0.7455001103271177, 0.7455001147227012, 0.7455001071304156, 0.7455300548500087, NaN]}, "fraction_solid": [0.0, 0.0, 0.0, 0.0, 0.0, 0.0, 0.0, 0.0, 0.0, 0.0, 0.0, 0.0, 0.0, 0.0, 0.0, 0.0, 0.0, 0.0, 0.0, 0.0, 0.0, 0.0, 0.0, 0.0, 0.0, 0.0, 0.0, 0.0, 0.0, 0.0, 0.0, 0.0, 0.0, 0.0, 0.0, 0.0, 0.0, 0.0, 0.0, 0.0, 0.0, 0.0, 0.0, 0.0, 0.0, 0.0, 0.0, 0.0, 0.0, 0.0, 0.0, 0.0, 0.0, 0.0, 0.0, 0.0, 0.0, 0.0, 0.0, 0.0, 0.0, 0.0, 0.0, 0.0, 0.026888431217366247, 0.05359024138740848, 0.07848417086445711, 0.10178577009455925, 0.12368128615034132, 0.14433395291467113, 0.2771731290998969, 0.4438761245726106, 0.843302221299389, 0.9433893306505314, 0.9769121080668577, 0.9902196761284402, 0.9960508762824459, 0.9986958235228456, 0.998695828426162, 0.9996181585461564, 0.9996181600832985, 0.9996181613013234, 0.9998790251840675, 0.9998790257159083, 0.9998790261307267, 0.9999627157834071, 1.0], "temperatures": [2000.0, 2000.0, 1990.0, 1980.0, 1970.0, 1960.0, 1950.0, 1940.0, 1930.0, 1920.0, 1910.0, 1900.0, 1890.0, 1880.0, 1870.0, 1860.0, 1850.0, 1840.0, 1830.0, 1820.0, 1810.0, 1800.0, 1790.0, 1780.0, 1770.0, 1760.0, 1750.0, 1740.0, 1730.0, 1720.0, 1710.0, 1700.0, 1690.0, 1680.0, 1670.0, 1660.0, 1650.0, 1640.0, 1630.0, 1620.0, 1610.0, 1600.0, 1590.0, 1580.0, 1570.0, 1560.0, 1550.0, 1540.0, 1530.0, 1520.0, 1510.0, 1500.0, 1490.0, 1480.0, 1470.0, 1460.0, 1450.0, 1440.0, 1430.0, 1420.0, 1410.0, 1400.0, 1390.0, 1380.0, 1370.0, 1360.0, 1350.0, 1340.0, 1330.0, 1320.0, 1310.0, 1300.0, 1290.0, 1280.0, 1270.0, 1260.0, 1250.0, 1240.0, 1240.0, 1231.6666666666667, 1231.6666666666667, 1231.6666666666667, 1225.8796296296298, 1225.8796296296298, 1225.8796296296298, 1221.8608539094653, 1221.8608539094653], "phase_amounts": {"A1": [0.0, 0.0, 0.0, 0.0, 0.0, 0.0, 0.0, 0.0, 0.0, 0.0, 0.0, 0.0, 0.0, 0.0, 0.0, 0.0, 0.0, 0.0, 0.0, 0.0, 0.0, 0.0, 0.0, 0.0, 0.0, 0.0, 0.0, 0.0, 0.0, 0.0, 0.0, 0.0, 0.0, 0.0, 0.0, 0.0, 0.0, 0.0, 0.0, 0.0, 0.0, 0.0, 0.0, 0.0, 0.0, 0.0, 0.0, 0.0, 0.0, 0.0, 0.0, 0.0, 0.0, 0.0, 0.0, 0.0, 0.0, 0.0, 0.0, 0.0, 0.0, 0.0, 0.0, 0.0, 0.0, 0.0, 0.0, 0.0, 0.0, 0.0, 0.0, 0.0, 0.0, 0.0, 0.0, 0.0, 0.0, 0.0, 0.0, 0.0, 0.0, 0.0, 0.0, 0.0, 0.0, 0.0, 0.0], "A2": [0.0, 0.0, 0.0, 0.0, 0.0, 0.0, 0.0, 0.0, 0.0, 0.0, 0.0, 0.0, 0.0, 0.0, 0.0, 0.0, 0.0, 0.0, 0.0, 0.0, 0.0, 0.0, 0.0, 0.0, 0.0, 0.0, 0.0, 0.0, 0.0, 0.0, 0.0, 0.0, 0.0, 0.0, 0.0, 0.0, 0.0, 0.0, 0.0, 0.0, 0.0, 0.0, 0.0, 0.0, 0.0, 0.0, 0.0, 0.0, 0.0, 0.0, 0.0, 0.0, 0.0, 0.0, 0.0, 0.0, 0.0, 0.0, 0.0, 0.0, 0.0, 0.0, 0.0, 0.0, 0.0, 0.0, 0.0, 0.0, 0.0, 0.0, 0.0, 0.03826350313388695, 0.23679845855894194, 0.05501996346803826, 0.017384139025508984, 0.006589743945427736, 0.0027955117837321435, 0.0012573108592158172, 1.866735683132856e-09, 0.00043087893061573084, 5.646968838191607e-10, 4.700864886822498e-10, 0.000117479380774402, 1.9032053674663423e-10, 1.5458305822387994e-10, 3.719182984771919e-05, 1.1462543505116143e-05], "A3": [0.0, 0.0, 0.0, 0.0, 0.0, 0.0, 0.0, 0.0, 0.0, 0.0, 0.0, 0.0, 0.0, 0.0, 0.0, 0.0, 0.0, 0.0, 0.0, 0.0, 0.0, 0.0, 0.0, 0.0, 0.0, 0.0, 0.0, 0.0, 0.0, 0.0, 0.0, 0.0, 0.0, 0.0, 0.0, 0.0, 0.0, 0.0, 0.0, 0.0, 0.0, 0.0, 0.0, 0.0, 0.0, 0.0, 0.0, 0.0, 0.0, 0.0, 0.0, 0.0, 0.0, 0.0, 0.0, 0.0, 0.0, 0.0, 0.0, 0.0, 0.0, 0.0, 0.0, 0.0, 0.0, 0.0, 0.0, 0.0, 0.0, 0.0, 0.0, 0.0, 0.0, 0.0, 0.0, 0.0, 0.0, 0.0, 0.0, 0.0, 0.0, 0.0, 0.0, 0.0, 0.0, 0.0, 0.0], "BCC2": [0.0, 0.0, 0.0, 0.0, 0.0, 0.0, 0.0, 0.0, 0.0, 0.0, 0.0, 0.0, 0.0, 0.0, 0.0, 0.0, 0.0, 0.0, 0.0, 0.0, 0.0, 0.0, 0.0, 0.0, 0.0, 0.0, 0.0, 0.0, 0.0, 0.0, 0.0, 0.0, 0.0, 0.0, 0.0, 0.0, 0.0, 0.0, 0.0, 0.0, 0.0, 0.0, 0.0, 0.0, 0.0, 0.0, 0.0, 0.0, 0.0, 0.0, 0.0, 0.0, 0.0, 0.0, 0.0, 0.0, 0.0, 0.0, 0.0, 0.0, 0.0, 0.0, 0.0, 0.0, 0.026888431217366247, 0.026701810170042226, 0.02489392947704864, 0.023301599230102138, 0.02189551605578207, 0.020652666764329804, 0.0, 0.0, 0.0, 0.0, 0.0, 0.0, 0.0, 0.0, 0.0, 0.0, 0.0, 0.0, 0.0, 0.0, 0.0, 0.0, 0.0], "C14": [0.0, 0.0, 0.0, 0.0, 0.0, 0.0, 0.0, 0.0, 0.0, 0.0, 0.0, 0.0, 0.0, 0.0, 0.0, 0.0, 0.0, 0.0, 0.0, 0.0, 0.0, 0.0, 0.0, 0.0, 0.0, 0.0, 0.0, 0.0, 0.0, 0.0, 0.0, 0.0, 0.0, 0.0, 0.0, 0.0, 0.0, 0.0, 0.0, 0.0, 0.0, 0.0, 0.0, 0.0, 0.0, 0.0, 0.0, 0.0, 0.0, 0.0, 0.0, 0.0, 0.0, 0.0, 0.0, 0.0, 0.0, 0.0, 0.0, 0.0, 0.0, 0.0, 0.0, 0.0, 0.0, 0.0, 0.0, 0.0, 0.0, 0.0, 0.0, 0.0, 0.0, 0.0, 0.0, 0.0, 0.0, 0.0, 0.0, 0.0, 0.0, 0.0, 0.0, 0.0, 0.0, 0.0, 0.0],