{"x_liquid": {"NI": [0.03073090310091825, 0.03073090310091825, 0.030730903100918253, 0.030730903100918257, 0.030730903100918264, 0.030730903100918267, 0.030730903100918267, 0.030730903100918267, 0.03073090310091827, 0.030730903100918264, 0.030730903100918264, 0.030730903100918264, 0.030730903100918264, 0.030730903100918267, 0.030730903100918274, 0.030730903100918274, 0.030730903100918274, 0.030730903100918274, 0.03073090310091827, 0.03073090310091827, 0.03073090310091827, 0.03073090310091827, 0.030730903100918274, 0.030730903100918274, 0.03073090310091827, 0.03130400033315637, 0.03314667297965119, 0.03499148294843755, 0.03683890586230584, 0.038689463689526644, 0.040543799658099386, 0.042402557930515394, 0.044266457144228, 0.04613627034118542, 0.048012825139676175, 0.049897004749013506, 0.051789749704672594, 0.05369206023465114, 0.05560499919359215, 0.05752969551770449, 0.05946734817057881, 0.061419230557370676, 0.06338669539461211, 0.06537118002668493, 0.06737421218347217, 0.06939741617391866, 0.07144251950953555, 0.07351135994727608, 0.07560589293646423, 0.07772819944373346, 0.0798804941188123, 0.08206513374709504, 0.08428462591338863, 0.08654163777527278, 0.08883900481044946, 0.09117973936150234, 0.09356703875205327, 0.09600429268753251, 0.09849508958217722, 0.10104322137007116, 0.1036526862593068, 0.10632768877720454, 0.1090726363279794, 0.11189213134564538, 0.11479095797692271, 0.11777406207429353, 0.12084652312964866, 0.12401351663894868, 0.12728026528158817, 0.13065197723741043, 0.1341337699802844, 0.13773057801412095, 0.1414515286554967, 0.15021181471801995, 0.17059339009104282, 0.18916022228957585, 0.20602266215340526, 0.2213488078482719, 0.22134887616734636, 0.23308398636781022, 0.2330840371826652, 0.23308408946251438, 0.24074071093992222, 0.24074074674257534, 0.24074078538766513, 0.24584122227705174, NaN], "TI": [0.9118551957288482, 0.9118551957288482, 0.9118551957288482, 0.9118551957288482, 0.9118551957288483, 0.9118551957288484, 0.9118551957288484, 0.9118551957288484, 0.9118551957288485, 0.9118551957288484, 0.9118551957288483, 0.9118551957288482, 0.9118551957288482, 0.9118551957288482, 0.9118551957288484, 0.9118551957288484, 0.9118551957288485, 0.9118551957288485, 0.9118551957288485, 0.9118551957288487, 0.9118551957288487, 0.9118551957288488, 0.9118551957288489, 0.911855195728849, 0.9118551957288489, 0.9105788718600283, 0.9065338362657642, 0.9025401226612899, 0.8985944784586875, 0.8946939345146143, 0.8908355959180122, 0.8870168722382343, 0.883235293149221, 0.8794885298683865, 0.8757743784508827, 0.8720907451277978, 0.8684356334024649, 0.8648071326701681, 0.8612034081664985, 0.8576226920881491, 0.8540632757527838, 0.8505235026944508, 0.847001762607232, 0.843496486069955, 0.8400061399992026, 0.8365292237927493, 0.8330642661370409, 0.829609822465775, 0.8261644730653467, 0.8227268218364356, 0.8192954957292178, 0.815869144880832, 0.8124464434946228, 0.8090260915097489, 0.8056068171212247, 0.8021873802205796, 0.7987665768366266, 0.7953432446664446, 0.7919162697955364, 0.7884845947132212, 0.7850472277365448, 0.7816032539584226, 0.7781518478369431, 0.7746922875387615, 0.7712239711394178, 0.7677464347682451, 0.7642593727587699, 0.76076265983276, 0.7572563752952732, 0.7537408291557648, 0.7502165900079613, 0.7466845143935805, 0.7431415906184379, 0.741154163086616, 0.7427775269392936, 0.7438951941127522, 0.7446564638384117, 0.7451539690924315, 0.7451539721731986, 0.7454046950222459, 0.7454046983225827, 0.7454046883899269, 0.745500110327118, 0.7455001147227006, 0.745500107130414, 0.7455300548500086, NaN]}, "fraction_solid": [0.0, 0.0, 0.0, 0.0, 0.0, 0.0, 0.0, 0.0, 0.0, 0.0, 0.0, 0.0, 0.0, 0.0, 0.0, 0.0, 0.0, 0.0, 0.0, 0.0, 0.0, 0.0, 0.0, 0.0, 0.0, 0.02313091927600473, 0.09225183839248477, 0.15361987381710507, 0.2084546178418983, 0.2577354076267237, 0.3022593140888168, 0.3426786147164395, 0.37953349833891226, 0.41327460119444537, 0.4442806690251851, 0.472872221041784, 0.499322228282861, 0.5238645370861744, 0.546700571615281, 0.5680047100817456, 0.5879286295337496, 0.6066048416801904, 0.6241495892136784, 0.6406652328166063, 0.6562422296959253, 0.6709607823588625, 0.6848922195212409, 0.6981001581371189, 0.710641485592572, 0.7225671933539982, 0.7339230873132643, 0.7447503952988032, 0.7550862884432077, 0.7649643300955419, 0.7744148635576488, 0.7834653479925865, 0.7921406502975024, 0.8004632994702469, 0.8084537089776846, 0.8161303718053498, 0.8235100321903323, 0.8306078374931366, 0.8374374732150933, 0.8440112838035834, 0.8503403815899132, 0.8564347459551879, 0.8623033146147367, 0.8679540687256025, 0.8733941133618808, 0.8786297547419992, 0.883666575431738, 0.8885095085802223, 0.8931684002362521, 0.9174141297549138, 0.9663184754864151, 0.9857320789968776, 0.9942388630505891, 0.9980974160779819, 0.9980974232311348, 0.9994429546740252, 0.9994429569164686, 0.9994429586933712, 0.9998235171820725, 0.9998235179579428, 0.9998235185630963, 0.9999456083189064, 1.0], "temperatures": [2000.0, 2000.0, 1990.0, 1980.0, 1970.0, 1960.0, 1950.0, 1940.0, 1930.0, 1920.0, 1910.0, 1900.0, 1890.0, 1880.0, 1870.0, 1860.0, 1850.0, 1840.0, 1830.0, 1820.0, 1810.0, 1800.0, 1790.0, 1780.0, 1770.0, 1760.0, 1750.0, 1740.0, 1730.0, 1720.0, 1710.0, 1700.0, 1690.0, 1680.0, 1670.0, 1660.0, 1650.0, 1640.0, 1630.0, 1620.0, 1610.0, 1600.0, 1590.0, 1580.0, 1570.0, 1560.0, 1550.0, 1540.0, 1530.0, 1520.0, 1510.0, 1500.0, 1490.0, 1480.0, 1470.0, 1460.0, 1450.0, 1440.0, 1430.0, 1420.0, 1410.0, 1400.0, 1390.0, 1380.0, 1370.0, 1360.0, 1350.0, 1340.0, 1330.0, 1320.0, 1310.0, 1300.0, 1290.0, 1280.0, 1270.0, 1260.0, 1250.0, 1240.0, 1240.0, 1231.6666666666667, 1231.6666666666667, 1231.6666666666667, 1225.8796296296298, 1225.8796296296298, 1225.8796296296298, 1221.8608539094653, 1221.8608539094653], "phase_amounts": {"A1": [0.0, 0.0, 0.0, 0.0, 0.0, 0.0, 0.0, 0.0, 0.0, 0.0, 0.0, 0.0, 0.0, 0.0, 0.0, 0.0, 0.0, 0.0, 0.0, 0.0, 0.0, 0.0, 0.0, 0.0, 0.0, 0.0, 0.0, 0.0, 0.0, 0.0, 0.0, 0.0, 0.0, 0.0, 0.0, 0.0, 0.0, 0.0, 0.0, 0.0, 0.0, 0.0, 0.0, 0.0, 0.0, 0.0, 0.0, 0.0, 0.0, 0.0, 0.0, 0.0, 0.0, 0.0, 0.0, 0.0, 0.0, 0.0, 0.0, 0.0, 0.0, 0.0, 0.0, 0.0, 0.0, 0.0, 0.0, 0.0, 0.0, 0.0, 0.0, 0.0, 0.0, 0.0, 0.0, 0.0, 0.0, 0.0, 0.0, 0.0, 0.0, 0.0, 0.0, 0.0, 0.0, 0.0, 0.0], "A2": [0.0, 0.0, 0.0, 0.0, 0.0, 0.0, 0.0, 0.0, 0.0, 0.0, 0.0, 0.0, 0.0, 0.0, 0.0, 0.0, 0.0, 0.0, 0.0, 0.0, 0.0, 0.0, 0.0, 0.0, 0.0, 0.02313091927600473, 0.06912091911648004, 0.061368035424620285, 0.054834744024793235, 0.04928078978482538, 0.04452390646209306, 0.04041930062762273, 0.03685488362247275, 0.03374110285553309, 0.031006067830739722, 0.028591552016598916, 0.026450007241076975, 0.024542308803313376, 0.022836034529106566, 0.021304138466464593, 0.019923919452003988, 0.018676212146440777, 0.017544747533487972, 0.016515643602927853, 0.015576996879318985, 0.01471855266293715, 0.013931437162378456, 0.01320793861587794, 0.012541327455453104, 0.011925707761426258, 0.011355893959266013, 0.010827307985538827, 0.010335893144404492, 0.009878041652334186, 0.009450533462106937, 0.00905048443493773, 0.008675302304915911, 0.008322649172744485, 0.007990409507437774, 0.007676662827665146, 0.007379660384982453, 0.007097805302804326, 0.006829635721956716, 0.006573810588490019, 0.006329097786329811, 0.0060943643652746115, 0.005868568659548863, 0.005650754110865766, 0.0054400446362782425, 0.00523564138011846, 0.005036820689738753, 0.004842933148484305, 0.004658891656029861, 0.013189673967127237, 0.025360665513764247, 0.00961337756079789, 0.004078202503043392, 0.001834214515926891, 2.7232682736945685e-09, 0.0006285831251239121, 8.238019906157452e-10, 6.857806669925624e-10, 0.00017138353968674407, 2.776471046173121e-10, 2.255118474056508e-10, 5.425690367691494e-05, 1.6722009145518544e-05],