{"x_liquid": {"NI": [0.018437512088569617, 0.018437512088569617, 0.018437512088569617, 0.018437512088569617, 0.018437512088569617, 0.018437512088569617, 0.018437512088569613, 0.018437512088569613, 0.018437512088569613, 0.018437512088569613, 0.018437512088569613, 0.018437512088569613, 0.018437512088569613, 0.018437512088569613, 0.018437512088569613, 0.018437512088569613, 0.018437512088569613, 0.018837856909611747, 0.02087496565269332, 0.022912467845114713, 0.02494974826649116, 0.026986544302663965, 0.02902280180864285, 0.03105865399344458, 0.03309436780109619, 0.03513031454889788, 0.037166948997301774, 0.039204794411054525, 0.04124443194526472, 0.04328646980044933, 0.04533163805837444, 0.04738064178790313, 0.049434252355994295, 0.051493283347921484, 0.05355859090717776, 0.05563107477602667, 0.05771167991563847, 0.05980139861602205, 0.061901273029901144, 0.06401239807897932, 0.06613592469661426, 0.06827306337613062, 0.07042508800230354, 0.072593339945613, 0.07477923240074726, 0.07698425494991304, 0.07920997832945771, 0.081458059373198, 0.08373024610067796, 0.08602838290822934, 0.08835441581079366, 0.09071039766786722, 0.09309849330912576, 0.0955209844547928, 0.0979802742998128, 0.10047889160043107, 0.10301949406671346, 0.10560487082213534, 0.10823794364320967, 0.110921766637468, 0.11365952395513673, 0.11645452506190768, 0.11931019702416579, 0.12223007317839896, 0.12521777747474558, 0.12827700370262193, 0.13141148873411312, 0.13462497885859032, 0.13792118824943764, 0.14130374860541656, 0.14477614906672961, 0.14834166564031848, 0.15200769311960724, 0.15576807343658852, 0.17059339009104488, 0.18916022228957577, 0.20602266215340378, 0.2213488078482674, 0.22134887616734042, 0.23308398636781266, 0.2330840371826921, 0.23308408946253778, 0.24074071093992522, 0.24074078838120877, 0.24074078838120877, 0.24584122227705274, NaN], "TI": [0.9471160711106662, 0.9471160711106662, 0.9471160711106662, 0.9471160711106662, 0.9471160711106662, 0.9471160711106662, 0.9471160711106661, 0.9471160711106662, 0.9471160711106662, 0.9471160711106662, 0.9471160711106662, 0.9471160711106662, 0.9471160711106662, 0.9471160711106662, 0.9471160711106662, 0.9471160711106662, 0.9471160711106662, 0.9462047673650992, 0.9416671117763372, 0.9372175315484423, 0.9328489652756236, 0.928555092392357, 0.9243303252945496, 0.920169628607784, 0.9160684614590019, 0.9120227085285174, 0.9080286228409993, 0.9040827779205888, 0.9001820274995397, 0.8963235184269275, 0.8925044638180853, 0.8887223978796996, 0.8849749756406113, 0.8812599983713689, 0.8775753969530672, 0.8739192173404123, 0.8702896078215835, 0.8666848078306528, 0.86310313810981, 0.8595429920582938, 0.8560028281282821, 0.852481163158149, 0.8489765665496598, 0.84548765521539, 0.8420130892367668, 0.8385515681868397, 0.835101828082909, 0.8316626389458391, 0.8282328029506186, 0.8248111531643596, 0.8213965528745213, 0.8179878955192584, 0.814584105240567, 0.8111841380880208, 0.8077869839098374, 0.8043916689763358, 0.8009972593880802, 0.7976028653300312, 0.7942076462407902, 0.79081081697288, 0.7874116550278007, 0.7840095089537586, 0.7806038079987996, 0.7771940731127863, 0.7737799293884572, 0.7703611200253785, 0.766937521883883, 0.7635091626752204, 0.7600762397957096, 0.7566391407633394, 0.7531984651454922, 0.7497550477716195, 0.7463058992173767, 0.7428605646408166, 0.7427775269392921, 0.7438951941127514, 0.7446564638384114, 0.7451539690924316, 0.7451539721732001, 0.7454046950222462, 0.7454046983225769, 0.7454046883899214, 0.7455001103271182, 0.7455001077231673, 0.7455001077231672, 0.7455300548500091, NaN]}, "fraction_solid": [0.0, 0.0, 0.0, 0.0, 0.0, 0.0, 0.0, 0.0, 0.0, 0.0, 0.0, 0.0, 0.0, 0.0, 0.0, 0.0, 0.0, 0.02537232812310241, 0.13970339287204617, 0.23230483420934195, 0.3087147019599361, 0.3727607349203146, 0.4271665411320656, 0.4739205914224183, 0.514506331448, 0.5500516455606747, 0.5814285036877457, 0.6093210640411166, 0.6342732493916685, 0.656722354530461, 0.6770248160904269, 0.6954725738255633, 0.7123076902009041, 0.7277323087268093, 0.7419164934373396, 0.7550043000376107, 0.7671185252192146, 0.7783644566968227, 0.7888328598875496, 0.7986023757651708, 0.8077414604158604, 0.8163099648578614, 0.8243604302678885, 0.8319391563875723, 0.8390870878989033, 0.8458405537557564, 0.8522318870021808, 0.858289946886022, 0.8640405606608408, 0.8695068990256317, 0.8747097964627447, 0.8796680256104412, 0.8843985331233234, 0.8889166431344014, 0.8932362333567675, 0.8973698879976505, 0.901329030959215, 0.9051240422309988, 0.9087643599160348, 0.9122585699545762, 0.9156144852973975, 0.9188392160265361, 0.9219392317093205, 0.9249204170978104, 0.9277881221419368, 0.9305472071634988, 0.9332020839399179, 0.9357567533601192, 0.9382148402460374, 0.9405796258706418, 0.9428540786495805, 0.9450408834360884, 0.9471449523000909, 0.9491634190513752, 0.9710218564897448, 0.9877244908479504, 0.995043364107971, 0.998363098145681, 0.9983631042999479, 0.9995207420201158, 0.9995207439494188, 0.9995207454781898, 0.9998481617296469, 0.9998481629772685, 0.9998481629772685, 0.999953203686369, 1.0], "temperatures": [2000.0, 2000.0, 1990.0, 1980.0, 1970.0, 1960.0, 1950.0, 1940.0, 1930.0, 1920.0, 1910.0, 1900.0, 1890.0, 1880.0, 1870.0, 1860.0, 1850.0, 1840.0, 1830.0, 1820.0, 1810.0, 1800.0, 1790.0, 1780.0, 1770.0, 1760.0, 1750.0, 1740.0, 1730.0, 1720.0, 1710.0, 1700.0, 1690.0, 1680.0, 1670.0, 1660.0, 1650.0, 1640.0, 1630.0, 1620.0, 1610.0, 1600.0, 1590.0, 1580.0, 1570.0, 1560.0, 1550.0, 1540.0, 1530.0, 1520.0, 1510.0, 1500.0, 1490.0, 1480.0, 1470.0, 1460.0, 1450.0, 1440.0, 1430.0, 1420.0, 1410.0, 1400.0, 1390.0, 1380.0, 1370.0, 1360.0, 1350.0, 1340.0, 1330.0, 1320.0, 1310.0, 1300.0, 1290.0, 1280.0, 1270.0, 1260.0, 1250.0, 1240.0, 1240.0, 1231.6666666666667, 1231.6666666666667, 1231.6666666666667, 1225.8796296296298, 1225.8796296296298, 1225.8796296296298, 1221.8608539094653, 1221.8608539094653], "phase_amounts": {"A1": [0.0, 0.0, 0.0, 0.0, 0.0, 0.0, 0.0, 0.0, 0.0, 0.0, 0.0, 0.0, 0.0, 0.0, 0.0, 0.0, 0.0, 0.0, 0.0, 0.0, 0.0, 0.0, 0.0, 0.0, 0.0, 0.0, 0.0, 0.0, 0.0, 0.0, 0.0, 0.0, 0.0, 0.0, 0.0, 0.0, 0.0, 0.0, 0.0, 0.0, 0.0, 0.0, 0.0, 0.0, 0.0, 0.0, 0.0, 0.0, 0.0, 0.0, 0.0, 0.0, 0.0, 0.0, 0.0, 0.0, 0.0, 0.0, 0.0, 0.0, 0.0, 0.0, 0.0, 0.0, 0.0, 0.0, 0.0, 0.0, 0.0, 0.0, 0.0, 0.0, 0.0, 0.0, 0.0, 0.0, 0.0, 0.0, 0.0, 0.0, 0.0, 0.0, 0.0, 0.0, 0.0, 0.0, 0.0], "A2": [0.0, 0.0, 0.0, 0.0, 0.0, 0.0, 0.0, 0.0, 0.0, 0.0, 0.0, 0.0, 0.0, 0.0, 0.0, 0.0, 0.0, 0.02537232812310241, 0.11433106474894375, 0.09260144133729578, 0.07640986775059415, 0.06404603296037845, 0.054405806211750986, 0.04675405029035273, 0.040585740025581594, 0.03554531411267474, 0.03137685812707104, 0.02789256035337092, 0.024952185350551877, 0.022449105138792554, 0.02030246155996587, 0.018447757735136454, 0.016835116375340898, 0.01542461852590521, 0.014184184710530307, 0.013087806600271097, 0.012114225181603936, 0.01124593147760812, 0.010468403190726783, 0.009769515877621166, 0.009139084650689588, 0.00856850444200113, 0.008050465410027048, 0.007578726119683816, 0.007147931511330973, 0.006753465856853084, 0.006391333246424397, 0.006058059883841208, 0.005750613774818791, 0.00546633836479095, 0.005202897437113009, 0.004958229147696512, 0.004730507512882184, 0.004518110011078075, 0.004319590222366059, 0.0041336546408830095, 0.003959142961564569, 0.0037950112717838667, 0.003640317685035975, 0.0034942100385414038, 0.0033559153428213, 0.0032247307291384925, 0.0031000156827844317, 0.0029811853884899493, 0.0028677050441264546, 0.002759085021561969, 0.0026548767764191144, 0.002554669420201323, 0.0024580868859181877, 0.0023647856246044197, 0.002274452778938671, 0.0021868047865078967, 0.002104068864002517, 0.0020184667512843364, 0.010972428240286335, 0.008270938996917583, 0.00350871105461416, 0.0015780797407100222, 2.342983559362293e-09, 0.0005408060434035113, 7.087642682881396e-10, 5.900163198019466e-10, 0.00014745106939312072, 4.5403039529637487e-10, 0.0, 4.6680269539550334e-05, 1.438690310476455e-05],