{"x_liquid": {"NI": [0.31539677980001507, 0.31539677980001507, 0.3153967798000151, 0.3153967798000151, 0.3153967798000152, 0.3153967798000151, 0.3153967798000151, 0.31539677980001524, 0.31539677980001524, 0.3153967798000152, 0.3153967798000152, 0.3153967798000151, 0.3153967798000151, 0.3153967798000152, 0.3153967798000152, 0.3153967798000151, 0.3153967798000151, 0.3153967798000151, 0.3153967798000152, 0.3153967798000152, 0.3153967798000152, 0.3153967798000151, 0.31539677980001524, 0.31539677980001524, 0.3153967798000152, 0.3153967798000152, 0.3153967798000152, 0.3153967798000151, 0.3153967798000152, 0.3153967798000152, 0.3153967798000151, 0.3153967798000151, 0.31539677980001524, 0.3153967798000152, 0.31539677980001524, 0.31539677980001524, 0.31539677980001524, 0.31539677980001524, 0.3153967798000152, 0.3153967798000151, 0.3153967798000152, 0.3153967798000151, 0.3153967798000152, 0.3153967798000151, 0.3203136670696084, 0.3262591686899576, 0.33200535692243793, 0.3375602720177598, 0.34293079200464305, 0.3481230027869796, 0.3531425021796818, 0.3579946417817461, 0.3626847109835825, 0.367218067721538, 0.37160022119639624, 0.37583687294861934, 0.37993392345748167, 0.3838974519158308, 0.38773367679132065, 0.39144890426177087, 0.4005768057906803, 0.416678766733278, 0.41667921173660866, 0.4166795623030778, 0.41667969986659864, 0.41667969986659864, 0.41667969986640047, 0.4229361339239025, 0.42293660073842004, 0.42293660073842004, 0.42293660073842004, 0.42293660073842004, NaN], "TI": [0.09535403720715303, 0.09535403720715302, 0.09535403720715303, 0.09535403720715302, 0.09535403720715302, 0.095354037207153, 0.09535403720715298, 0.095354037207153, 0.09535403720715302, 0.09535403720715302, 0.09535403720715303, 0.09535403720715303, 0.09535403720715302, 0.09535403720715302, 0.09535403720715303, 0.09535403720715303, 0.09535403720715302, 0.095354037207153, 0.09535403720715302, 0.09535403720715303, 0.09535403720715302, 0.09535403720715299, 0.09535403720715302, 0.09535403720715303, 0.09535403720715303, 0.09535403720715302, 0.09535403720715303, 0.09535403720715302, 0.09535403720715303, 0.09535403720715302, 0.095354037207153, 0.09535403720715299, 0.09535403720715302, 0.09535403720715302, 0.09535403720715303, 0.09535403720715303, 0.09535403720715303, 0.09535403720715303, 0.09535403720715303, 0.09535403720715302, 0.09535403720715302, 0.09535403720715302, 0.09535403720715303, 0.09535403720715302, 0.10008101452429967, 0.105953547648654, 0.11177694752307879, 0.11754654886081316, 0.12325786671985085, 0.12890656735694997, 0.13448847059514998, 0.13999957395559584, 0.1454360907065453, 0.1507944948371368, 0.15607156664280597, 0.16126443396127685, 0.16637060534814418, 0.1713879929032588, 0.1763149237678861, 0.1811501404257961, 0.18555564137727573, 0.1895218086186928, 0.1895218844932513, 0.18952192277412547, 0.1895221192565972, 0.18952211925659723, 0.18952211925671036, 0.1911322831663522, 0.1911323572450106, 0.19113235724501057, 0.19113235724501054, 0.19113235724501054, NaN]}, "fraction_solid": [0.0, 0.0, 0.0, 0.0, 0.0, 0.0, 0.0, 0.0, 0.0, 0.0, 0.0, 0.0, 0.0, 0.0, 0.0, 0.0, 0.0, 0.0, 0.0, 0.0, 0.0, 0.0, 0.0, 0.0, 0.0, 0.0, 0.0, 0.0, 0.0, 0.0, 0.0, 0.0, 0.0, 0.0, 0.0, 0.0, 0.0, 0.0, 0.0, 0.0, 0.0, 0.0, 0.0, 0.0, 0.10400001965097785, 0.2162057517213279, 0.31085841145100906, 0.39127129121931237, 0.46001284316070257, 0.5191002881821926, 0.5701370551901301, 0.6144118039026569, 0.6529707452001429, 0.6866711240333885, 0.7162212351846298, 0.7422106991428078, 0.7651336192066184, 0.7854064855805044, 0.8033821676149904, 0.8193609662420832, 0.843983079171523, 0.8758223335095007, 0.8758230245233193, 0.8758235442430361, 0.8758239562881327, 0.8758239562881327, 0.8758239562881327, 0.8860018870243968, 0.8860025450104354, 0.8860025450104354, 0.8860025450104354, 0.8860025450104354, 1.0], "temperatures": [2000.0, 2000.0, 1990.0, 1980.0, 1970.0, 1960.0, 1950.0, 1940.0, 1930.0, 1920.0, 1910.0, 1900.0, 1890.0, 1880.0, 1870.0, 1860.0, 1850.0, 1840.0, 1830.0, 1820.0, 1810.0, 1800.0, 1790.0, 1780.0, 1770.0, 1760.0, 1750.0, 1740.0, 1730.0, 1720.0, 1710.0, 1700.0, 1690.0, 1680.0, 1670.0, 1660.0, 1650.0, 1640.0, 1630.0, 1620.0, 1610.0, 1600.0, 1590.0, 1580.0, 1570.0, 1560.0, 1550.0, 1540.0, 1530.0, 1520.0, 1510.0, 1500.0, 1490.0, 1480.0, 1470.0, 1460.0, 1450.0, 1440.0, 1430.0, 1420.0, 1410.0, 1400.0, 1400.0, 1400.0, 1400.0, 1400.0, 1400.0, 1395.9812242798355, 1395.9812242798355, 1395.9812242798355, 1395.9812242798355, 1395.9812242798355, 1394.0431572851573], "phase_amounts": {"A1": [0.0, 0.0, 0.0, 0.0, 0.0, 0.0, 0.0, 0.0, 0.0, 0.0, 0.0, 0.0, 0.0, 0.0, 0.0, 0.0, 0.0, 0.0, 0.0, 0.0, 0.0, 0.0, 0.0, 0.0, 0.0, 0.0, 0.0, 0.0, 0.0, 0.0, 0.0, 0.0, 0.0, 0.0, 0.0, 0.0, 0.0, 0.0, 0.0, 0.0, 0.0, 0.0, 0.0, 0.0, 0.10400001965097785, 0.11220573207035002, 0.09465265972968119, 0.08041287976830327, 0.0687415519413902, 0.05908744502149001, 0.05103676700793762, 0.0442747487125268, 0.0385589412974859, 0.03370037883324565, 0.02955011115124132, 0.02598946395817801, 0.02292292006381059, 0.02027286637388603, 0.017975682034485962, 0.015978798627092825, 0.020801250025253917, 0.024769991221118455, 4.94310863029031e-07, 3.5720801530152754e-07, 4.1204509655871536e-07, 0.0, 0.0, 0.007758610941102218, 4.6683930031742646e-07, 0.0, 0.0, 0.0, 0.06047642727426827], "A2": [0.0, 0.0, 0.0, 0.0, 0.0, 0.0, 0.0, 0.0, 0.0, 0.0, 0.0, 0.0, 0.0, 0.0, 0.0, 0.0, 0.0, 0.0, 0.0, 0.0, 0.0, 0.0, 0.0, 0.0, 0.0, 0.0, 0.0, 0.0, 0.0, 0.0, 0.0, 0.0, 0.0, 0.0, 0.0, 0.0, 0.0, 0.0, 0.0, 0.0, 0.0, 0.0, 0.0, 0.0, 0.0, 0.0, 0.0, 0.0, 0.0, 0.0, 0.0, 0.0, 0.0, 0.0, 0.0, 0.0, 0.0, 0.0, 0.0, 0.0, 0.0, 0.0, 0.0, 0.0, 0.0, 0.0, 0.0, 0.0, 0.0, 0.0, 0.0, 0.0, 0.0], "A3": [0.0, 0.0, 0.0, 0.0, 0.0, 0.0, 0.0, 0.0, 0.0, 0.0, 0.0, 0.0, 0.0, 0.0, 0.0, 0.0, 0.0, 0.0, 0.0, 0.0, 0.0, 0.0, 0.0, 0.0, 0.0, 0.0, 0.0, 0.0, 0.0, 0.0, 0.0, 0.0, 0.0, 0.0, 0.0, 0.0, 0.0, 0.0, 0.0, 0.0, 0.0, 0.0, 0.0, 0.0, 0.0, 0.0, 0.0, 0.0, 0.0, 0.0, 0.0, 0.0, 0.0, 0.0, 0.0, 0.0, 0.0, 0.0, 0.0, 0.0, 0.0, 0.0, 0.0, 0.0, 0.0, 0.0, 0.0, 0.0, 0.0, 0.0, 0.0, 0.0, 0.0], "BCC2": [0.0, 0.0, 0.0, 0.0, 0.0, 0.0, 0.0, 0.0, 0.0, 0.0, 0.0, 0.0, 0.0, 0.0, 0.0, 0.0, 0.0, 0.0, 0.0, 0.0, 0.0, 0.0, 0.0, 0.0, 0.0, 0.0, 0.0, 0.0, 0.0, 0.0, 0.0, 0.0, 0.0, 0.0, 0.0, 0.0, 0.0, 0.0, 0.0, 0.0, 0.0, 0.0, 0.0, 0.0, 0.0, 0.0, 0.0, 0.0, 0.0, 0.0, 0.0, 0.0, 0.0, 0.0, 0.0, 0.0, 0.0, 0.0, 0.0, 0.0, 0.0, 0.0, 0.0, 0.0, 0.0, 0.0, 0.0, 0.0, 0.0, 0.0, 0.0, 0.0, 0.0], "C14": [0.0, 0.0, 0.0, 0.0, 0.0, 0.0, 0.0, 0.0, 0.0, 0.0, 0.0, 0.0, 0.0, 0.0, 0.0, 0.0, 0.0, 0.0, 0.0, 0.0, 0.0, 0.0, 0.0, 0.0, 0.0, 0.0, 0.0, 0.0, 0.0, 0.0, 0.0, 0.0, 0.0, 0.0, 0.0, 0.0, 0.0, 0.0, 0.0, 0.0, 0.0, 0.0, 0.0, 0.0, 0.0, 0.0, 0.0, 0.0, 0.0, 0.0, 0.0, 0.0, 0.0, 0.0, 0.0, 0.0, 0.0, 0.0, 0.0, 0.0, 0.0038208629041859366, 0.007069263116859197, 1.9670295557501846e-07, 1.625117015635882e-07, 0.0, 0.0, 0.0, 0.002419319795161811, 1.9114673835588662e-07, 0.0, 0.0, 0.0, 0.01594993829287427], "FCC4": [0.0, 0.0, 0.0, 0.0, 0.0, 0.0, 0.0, 0.0, 0.0, 0.0, 0.0, 0.0, 0.0, 0.0, 0.0, 0.0, 0.0, 0.0, 0.0, 0.0, 0.0, 0.0, 0.0, 0.0, 0.0, 0.0, 0.0, 0.0, 0.0, 0.0, 0.0, 0.0, 0.0, 0.0, 0.0, 0.0, 0.0, 0.0, 0.0, 0.0, 0.0, 0.0, 0.0, 0.0, 0.0, 0.0, 0.0, 0.0, 0.0, 0.0, 0.0, 0.0, 0.0, 0.0, 0.0, 0.0, 0.0, 0.0, 0.0, 0.0, 0.0, 0.0, 0.0, 0.0, 0.0, 0.0, 0.0, 0.0, 0.0, 0.0, 0.0, 0.0, 0.0], "NI3TI": [0.0, 0.0, 0.0, 0.0, 0.0, 0.0, 0.0, 0.0, 0.0, 0.0, 0.0, 0.0, 0.0, 0.0, 0.0, 0.0, 0.0, 0.0, 0.0, 0.0, 0.0, 0.0, 0.0, 0.0, 0.0, 0.0, 0.0, 0.0, 0.0, 0.0, 0.0, 0.0, 0.0, 0.0, 0.0, 0.0, 0.0, 0.0, 0.0, 0.0, 0.0, 0.0, 0.0, 0.0, 0.0, 0.0, 0.0, 0.0, 0.0, 0.0, 0.0, 0.0, 0.0, 0.0, 0.0, 0.0, 0.0, 0.0, 0.0, 0.0, 0.0, 0.0, 0.0, 0.0, 0.0, 0.0, 0.0, 0.0, 0.0, 0.0, 0.0, 0.0, 0.03757108942242206],