{"x_liquid": {"NI": [0.18458675985746215, 0.18458675985746212, 0.18458675985746212, 0.18458675985746212, 0.18458675985746212, 0.18458675985746212, 0.1845867598574621, 0.18458675985746206, 0.18458675985746203, 0.184586759857462, 0.18458675985746203, 0.184586759857462, 0.18458675985746203, 0.184586759857462, 0.18458675985746203, 0.18458675985746203, 0.184586759857462, 0.184586759857462, 0.184586759857462, 0.184586759857462, 0.184586759857462, 0.184586759857462, 0.184586759857462, 0.184586759857462, 0.18458675985746203, 0.18458675985746203, 0.184586759857462, 0.18458675985746203, 0.18458675985746203, 0.18458675985746203, 0.18458675985746203, 0.18458675985746206, 0.18458675985746206, 0.18458675985746206, 0.18458675985746203, 0.18458675985746203, 0.184586759857462, 0.18458675985746203, 0.18458675985746203, 0.18458675985746203, 0.18458675985746203, 0.184586759857462, 0.18458675985746203, 0.184586759857462, 0.18458675985746206, 0.18928888465151616, 0.18928888465151614, 0.21679450721088847, 0.23693609366206594, 0.24763748017634177, 0.2532324035452832, 0.2560691040224698, 0.25736310755211345, 0.25775498428787846, 0.25759721498107324, 0.25709328859348723, 0.2563660503423421, 0.25549261196344003, 0.2545230066306808, 0.25349060829742126, 0.2524181929176161, 0.25132159548839655, 0.250211989166473, 0.24909734691691326, 0.24798340294690052, 0.24687429945493455, 0.24577303043885795, 0.24468175168018702, 0.2436020006981373, 0.24253485503256755, 0.24148104758720046, 0.24044105163031174, 0.23941514406468967, 0.2384034529433926, 0.23740599343621774, 0.23642269524317505, 0.2354534236147623, 0.23449799555260495, 0.2335561923485609, 0.23262776932188683, 0.23171246339828372, 0.23080999901665122, 0.22992009273247685, 0.2290424568001161, 0.2281768019511216, 0.23029539916185807, 0.23079578233361336, 0.22942742078145595, 0.22701309295106054, 0.2240102305079318, 0.22067450846119038, 0.21715235015886597, 0.21352988578927967, 0.21597973746186216, 0.2261488780394368, 0.2356993879410397, NaN], "TI": [0.4705536714866045, 0.4705536714866045, 0.4705536714866045, 0.4705536714866045, 0.4705536714866045, 0.47055367148660454, 0.47055367148660454, 0.47055367148660454, 0.4705536714866046, 0.4705536714866046, 0.47055367148660465, 0.47055367148660465, 0.4705536714866047, 0.47055367148660465, 0.47055367148660476, 0.47055367148660476, 0.47055367148660476, 0.47055367148660476, 0.47055367148660476, 0.47055367148660476, 0.47055367148660476, 0.4705536714866048, 0.4705536714866048, 0.4705536714866048, 0.4705536714866049, 0.47055367148660493, 0.47055367148660493, 0.47055367148660493, 0.47055367148660493, 0.470553671486605, 0.47055367148660504, 0.4705536714866051, 0.4705536714866051, 0.4705536714866051, 0.47055367148660504, 0.4705536714866051, 0.4705536714866051, 0.4705536714866051, 0.47055367148660515, 0.47055367148660515, 0.47055367148660515, 0.4705536714866051, 0.47055367148660515, 0.4705536714866051, 0.47055367148660515, 0.4840871932353567, 0.48408719323535665, 0.4935797586932371, 0.5076493597532953, 0.5208162751954276, 0.5325273847447403, 0.5428773798184183, 0.5521022340908421, 0.5604221807284979, 0.5680118879062227, 0.5750044432547161, 0.5815009868463171, 0.5875791924021293, 0.5932996055275299, 0.5987101699089259, 0.6038494327305556, 0.6087488284845696, 0.6134343256158673, 0.6179276306017886, 0.6222470813482559, 0.6264083196064208, 0.6304248040115447, 0.6343082065673122, 0.638068722739402, 0.6417153166916363, 0.6452559172400418, 0.6486975759324479, 0.6520465957107467, 0.6553086364964585, 0.6584888025053107, 0.6615917149693173, 0.6646215731095938, 0.6675822055772026, 0.6704771141048846, 0.6733095107521094, 0.6760823498468017, 0.678798355510972, 0.6814600454892562, 0.6840697518657474, 0.6866296391487232, 0.6912954193475915, 0.6996601740107968, 0.7076869801467237, 0.7152624872836246, 0.7223895885853926, 0.7291089760180479, 0.735469022015304, 0.7415154259579655, 0.7450008106873365, 0.7452708994093639, 0.7454437386017627, NaN]}, "fraction_solid": [0.0, 0.0, 0.0, 0.0, 0.0, 0.0, 0.0, 0.0, 0.0, 0.0, 0.0, 0.0, 0.0, 0.0, 0.0, 0.0, 0.0, 0.0, 0.0, 0.0, 0.0, 0.0, 0.0, 0.0, 0.0, 0.0, 0.0, 0.0, 0.0, 0.0, 0.0, 0.0, 0.0, 0.0, 0.0, 0.0, 0.0, 0.0, 0.0, 0.0, 0.0, 0.0, 0.0, 0.0, 0.0, 0.09666001767375448, 0.09666001767375448, 0.9173506015710007, 0.9759739550134692, 0.9869327641753658, 0.9910427407482373, 0.9931076298110668, 0.9943323142425408, 0.9951400911631706, 0.9957132316555665, 0.996141906553023, 0.9964754707346226, 0.9967430976935522, 0.9969631039518937, 0.9971475607417665, 0.9973047459187917, 0.9974405271319071, 0.9975591815942212, 0.9976639026688428, 0.9977571243232176, 0.9978407354704972, 0.997916225452011, 0.9979847851640999, 0.9980473788548777, 0.9981047960690319, 0.9981576898723545, 0.998206605413751, 0.998252001565576, 0.9982942675283359, 0.9983337357197397, 0.9983706918863288, 0.9984053831141244, 0.9984380242324193, 0.9984688029760509, 0.9984978841793376, 0.9985254132080783, 0.9985515187870836, 0.9985763153444803, 0.9985999049669259, 0.9986223790394066, 0.9988824396033098, 0.9991653835347541, 0.9993286559492212, 0.9994333464950761, 0.9995058747301492, 0.9995590978204026, 0.9995998995027141, 0.9996322592321538, 0.9997252858730847, 0.9998707154206209, 0.999955682489265, 1.0], "temperatures": [2000.0, 2000.0, 1990.0, 1980.0, 1970.0, 1960.0, 1950.0, 1940.0, 1930.0, 1920.0, 1910.0, 1900.0, 1890.0, 1880.0, 1870.0, 1860.0, 1850.0, 1840.0, 1830.0, 1820.0, 1810.0, 1800.0, 1790.0, 1780.0, 1770.0, 1760.0, 1750.0, 1740.0, 1730.0, 1720.0, 1710.0, 1700.0, 1690.0, 1680.0, 1670.0, 1660.0, 1650.0, 1640.0, 1630.0, 1620.0, 1610.0, 1600.0, 1590.0, 1580.0, 1570.0, 1570.0, 1570.0, 1563.0555555555557, 1556.1111111111113, 1549.166666666667, 1542.2222222222226, 1535.2777777777783, 1528.333333333334, 1521.3888888888896, 1514.4444444444453, 1507.500000000001, 1500.5555555555566, 1493.6111111111122, 1486.6666666666679, 1479.7222222222235, 1472.7777777777792, 1465.8333333333348, 1458.8888888888905, 1451.9444444444462, 1445.0000000000018, 1438.0555555555575, 1431.1111111111131, 1424.1666666666688, 1417.2222222222244, 1410.27777777778, 1403.3333333333358, 1396.3888888888914, 1389.444444444447, 1382.5000000000027, 1375.5555555555584, 1368.611111111114, 1361.6666666666697, 1354.7222222222254, 1347.777777777781, 1340.8333333333367, 1333.8888888888923, 1326.944444444448, 1320.0000000000036, 1313.0555555555593, 1306.111111111115, 1299.1666666666706, 1292.2222222222263, 1285.277777777782, 1278.3333333333376, 1271.3888888888932, 1264.444444444449, 1257.5000000000045, 1250.5555555555602, 1243.6111111111159, 1236.6666666666715, 1229.7222222222272, 1229.7222222222272], "phase_amounts": {"A1": [0.0, 0.0, 0.0, 0.0, 0.0, 0.0, 0.0, 0.0, 0.0, 0.0, 0.0, 0.0, 0.0, 0.0, 0.0, 0.0, 0.0, 0.0, 0.0, 0.0, 0.0, 0.0, 0.0, 0.0, 0.0, 0.0, 0.0, 0.0, 0.0, 0.0, 0.0, 0.0, 0.0, 0.0, 0.0, 0.0, 0.0, 0.0, 0.0, 0.0, 0.0, 0.0, 0.0, 0.0, 0.0, 0.0, 0.0, 0.0, 0.0, 0.0, 0.0, 0.0, 0.0, 0.0, 0.0, 0.0, 0.0, 0.0, 0.0, 0.0, 0.0, 0.0, 0.0, 0.0, 0.0, 0.0, 0.0, 0.0, 0.0, 0.0, 0.0, 0.0, 0.0, 0.0, 0.0, 0.0, 0.0, 0.0, 0.0, 0.0, 0.0, 0.0, 0.0, 0.0, 0.0, 0.0, 0.0, 0.0, 0.0, 0.0, 0.0, 0.0, 0.0, 0.0, 0.0, 0.0, 0.0], "A2": [0.0, 0.0, 0.0, 0.0, 0.0, 0.0, 0.0, 0.0, 0.0, 0.0, 0.0, 0.0, 0.0, 0.0, 0.0, 0.0, 0.0, 0.0, 0.0, 0.0, 0.0, 0.0, 0.0, 0.0, 0.0, 0.0, 0.0, 0.0, 0.0, 0.0, 0.0, 0.0, 0.0, 0.0, 0.0, 0.0, 0.0, 0.0, 0.0, 0.0, 0.0, 0.0, 0.0, 0.0, 0.0, 0.0, 0.0, 0.0, 0.0, 0.0, 0.0, 0.0, 0.0, 0.0, 0.0, 0.0, 0.0, 0.0, 0.0, 0.0, 0.0, 0.0, 0.0, 0.0, 0.0, 0.0, 0.0, 0.0, 0.0, 0.0, 0.0, 0.0, 0.0, 0.0, 0.0, 0.0, 0.0, 0.0, 0.0, 0.0, 0.0, 0.0, 0.0, 0.0, 0.0, 0.0, 0.0, 0.0, 0.0, 0.0, 0.0, 0.0, 0.0, 3.2241855837409234e-05, 6.418338631714679e-05, 3.84318833415773e-05, 1.3174080085460798e-05],