{"x_liquid": {"NI": [0.08809896547440091, 0.08809896547440091, 0.0880989654744009, 0.08809896547440087, 0.08809896547440087, 0.08809896547440087, 0.08809896547440088, 0.08809896547440088, 0.08809896547440088, 0.08809896547440088, 0.0880989654744009, 0.0880989654744009, 0.0880989654744009, 0.0880989654744009, 0.08809896547440088, 0.08809896547440087, 0.08809896547440087, 0.08809896547440087, 0.08809896547440088, 0.08809896547440087, 0.08809896547440087, 0.08809896547440088, 0.0880989654744009, 0.0880989654744009, 0.0880989654744009, 0.0880989654744009, 0.08809896547440088, 0.0880989654744009, 0.0880989654744009, 0.0880989654744009, 0.0880989654744009, 0.08809896547440088, 0.0880989654744009, 0.08809896547440088, 0.08809896547440088, 0.0880989654744009, 0.0880989654744009, 0.0880989654744009, 0.0880989654744009, 0.0880989654744009, 0.08809896547440088, 0.08809896547440088, 0.08809896547440088, 0.0880989654744009, 0.08809896547440088, 0.0880989654744009, 0.0880989654744009, 0.0880989654744009, 0.08809896547440088, 0.0880989654744009, 0.0880989654744009, 0.0880989654744009, 0.0880989654744009, 0.0880989654744009, 0.0880989654744009, 0.0880989654744009, 0.0880989654744009, 0.08809896547440087, 0.08809896547440088, 0.08809896547440088, 0.08809896547440088, 0.08809896547440088, 0.08809896547440091, 0.0880989654744009, 0.0880989654744009, 0.08809896547440088, 0.0880989654744009, 0.08809896547440088, 0.08945632104041551, 0.09263719152060404, 0.09600305458708303, 0.10400474239080745, 0.12799673348477017, 0.1502118147180052, 0.170593390091049, 0.1891602222895779, 0.20602266215340087, 0.22134880784826888, 0.2213488761673442, 0.23308398636781394, 0.2330840371826909, 0.23308408946253806, 0.24074071093992988, 0.2407407467425806, 0.24074078538766944, 0.24584122227705357, NaN], "TI": [0.7473075866748612, 0.7473075866748612, 0.7473075866748612, 0.7473075866748611, 0.747307586674861, 0.7473075866748609, 0.7473075866748609, 0.7473075866748609, 0.7473075866748609, 0.7473075866748609, 0.747307586674861, 0.7473075866748609, 0.747307586674861, 0.7473075866748609, 0.7473075866748609, 0.7473075866748609, 0.7473075866748609, 0.7473075866748609, 0.747307586674861, 0.7473075866748609, 0.7473075866748609, 0.747307586674861, 0.7473075866748609, 0.747307586674861, 0.7473075866748609, 0.7473075866748609, 0.7473075866748609, 0.747307586674861, 0.7473075866748609, 0.747307586674861, 0.7473075866748611, 0.747307586674861, 0.747307586674861, 0.7473075866748609, 0.7473075866748609, 0.747307586674861, 0.747307586674861, 0.747307586674861, 0.747307586674861, 0.7473075866748609, 0.7473075866748609, 0.7473075866748609, 0.747307586674861, 0.7473075866748609, 0.7473075866748609, 0.747307586674861, 0.747307586674861, 0.747307586674861, 0.747307586674861, 0.747307586674861, 0.747307586674861, 0.747307586674861, 0.7473075866748609, 0.7473075866748609, 0.7473075866748609, 0.747307586674861, 0.747307586674861, 0.7473075866748609, 0.747307586674861, 0.747307586674861, 0.7473075866748609, 0.747307586674861, 0.747307586674861, 0.7473075866748609, 0.747307586674861, 0.7473075866748609, 0.7473075866748611, 0.747307586674861, 0.745558007333296, 0.7416505553334026, 0.7377160418706222, 0.7354425174387628, 0.738807210392562, 0.7411541630866169, 0.7427775269392937, 0.7438951941127522, 0.7446564638384116, 0.7451539690924313, 0.7451539721731981, 0.7454046950222476, 0.7454046983225802, 0.7454046883899218, 0.7455001103271167, 0.7455001147227, 0.745500107130413, 0.7455300548500087, NaN]}, "fraction_solid": [0.0, 0.0, 0.0, 0.0, 0.0, 0.0, 0.0, 0.0, 0.0, 0.0, 0.0, 0.0, 0.0, 0.0, 0.0, 0.0, 0.0, 0.0, 0.0, 0.0, 0.0, 0.0, 0.0, 0.0, 0.0, 0.0, 0.0, 0.0, 0.0, 0.0, 0.0, 0.0, 0.0, 0.0, 0.0, 0.0, 0.0, 0.0, 0.0, 0.0, 0.0, 0.0, 0.0, 0.0, 0.0, 0.0, 0.0, 0.0, 0.0, 0.0, 0.0, 0.0, 0.0, 0.0, 0.0, 0.0, 0.0, 0.0, 0.0, 0.0, 0.0, 0.0, 0.0, 0.0, 0.0, 0.0, 0.0, 0.0, 0.024897566196120314, 0.07969566854027975, 0.1323235688370881, 0.35761575217234454, 0.8189968293853436, 0.9346084499228872, 0.9733309452287056, 0.9887026501264402, 0.995438327716226, 0.9984935327139703, 0.9984935383778418, 0.9995589311195664, 0.9995589328951352, 0.9995589343020878, 0.9998602607807849, 0.9998602613951195, 0.9998602618742805, 0.9999569326286997, 1.0], "temperatures": [2000.0, 2000.0, 1990.0, 1980.0, 1970.0, 1960.0, 1950.0, 1940.0, 1930.0, 1920.0, 1910.0, 1900.0, 1890.0, 1880.0, 1870.0, 1860.0, 1850.0, 1840.0, 1830.0, 1820.0, 1810.0, 1800.0, 1790.0, 1780.0, 1770.0, 1760.0, 1750.0, 1740.0, 1730.0, 1720.0, 1710.0, 1700.0, 1690.0, 1680.0, 1670.0, 1660.0, 1650.0, 1640.0, 1630.0, 1620.0, 1610.0, 1600.0, 1590.0, 1580.0, 1570.0, 1560.0, 1550.0, 1540.0, 1530.0, 1520.0, 1510.0, 1500.0, 1490.0, 1480.0, 1470.0, 1460.0, 1450.0, 1440.0, 1430.0, 1420.0, 1410.0, 1400.0, 1390.0, 1380.0, 1370.0, 1360.0, 1350.0, 1340.0, 1330.0, 1320.0, 1310.0, 1300.0, 1290.0, 1280.0, 1270.0, 1260.0, 1250.0, 1240.0, 1240.0, 1231.6666666666667, 1231.6666666666667, 1231.6666666666667, 1225.8796296296298, 1225.8796296296298, 1225.8796296296298, 1221.8608539094653, 1221.8608539094653], "phase_amounts": {"A1": [0.0, 0.0, 0.0, 0.0, 0.0, 0.0, 0.0, 0.0, 0.0, 0.0, 0.0, 0.0, 0.0, 0.0, 0.0, 0.0, 0.0, 0.0, 0.0, 0.0, 0.0, 0.0, 0.0, 0.0, 0.0, 0.0, 0.0, 0.0, 0.0, 0.0, 0.0, 0.0, 0.0, 0.0, 0.0, 0.0, 0.0, 0.0, 0.0, 0.0, 0.0, 0.0, 0.0, 0.0, 0.0, 0.0, 0.0, 0.0, 0.0, 0.0, 0.0, 0.0, 0.0, 0.0, 0.0, 0.0, 0.0, 0.0, 0.0, 0.0, 0.0, 0.0, 0.0, 0.0, 0.0, 0.0, 0.0, 0.0, 0.0, 0.0, 0.0, 0.0, 0.0, 0.0, 0.0, 0.0, 0.0, 0.0, 0.0, 0.0, 0.0, 0.0, 0.0, 0.0, 0.0, 0.0, 0.0], "A2": [0.0, 0.0, 0.0, 0.0, 0.0, 0.0, 0.0, 0.0, 0.0, 0.0, 0.0, 0.0, 0.0, 0.0, 0.0, 0.0, 0.0, 0.0, 0.0, 0.0, 0.0, 0.0, 0.0, 0.0, 0.0, 0.0, 0.0, 0.0, 0.0, 0.0, 0.0, 0.0, 0.0, 0.0, 0.0, 0.0, 0.0, 0.0, 0.0, 0.0, 0.0, 0.0, 0.0, 0.0, 0.0, 0.0, 0.0, 0.0, 0.0, 0.0, 0.0, 0.0, 0.0, 0.0, 0.0, 0.0, 0.0, 0.0, 0.0, 0.0, 0.0, 0.0, 0.0, 0.0, 0.0, 0.0, 0.0, 0.0, 0.024897566196120314, 0.05479810234415943, 0.05262790029680834, 0.1342014934168493, 0.273528266649628, 0.06355410981187923, 0.020080592769832872, 0.0076118791060836985, 0.003229123606866564, 0.0014523323422567242, 2.1562857522901683e-09, 0.0004977125600566776, 6.522872199497725e-10, 5.430015660174893e-10, 0.00013570160712135786, 2.1984116226379878e-10, 1.78560432351588e-10, 4.296065444714427e-05, 1.3240498588722667e-05], "A3": [0.0, 0.0, 0.0, 0.0, 0.0, 0.0, 0.0, 0.0, 0.0, 0.0, 0.0, 0.0, 0.0, 0.0, 0.0, 0.0, 0.0, 0.0, 0.0, 0.0, 0.0, 0.0, 0.0, 0.0, 0.0, 0.0, 0.0, 0.0, 0.0, 0.0, 0.0, 0.0, 0.0, 0.0, 0.0, 0.0, 0.0, 0.0, 0.0, 0.0, 0.0, 0.0, 0.0, 0.0, 0.0, 0.0, 0.0, 0.0, 0.0, 0.0, 0.0, 0.0, 0.0, 0.0, 0.0, 0.0, 0.0, 0.0, 0.0, 0.0, 0.0, 0.0, 0.0, 0.0, 0.0, 0.0, 0.0, 0.0, 0.0, 0.0, 0.0, 0.0, 0.0, 0.0, 0.0, 0.0, 0.0, 0.0, 0.0, 0.0, 0.0, 0.0, 0.0, 0.0, 0.0, 0.0, 0.0], "BCC2": [0.0, 0.0, 0.0, 0.0, 0.0, 0.0, 0.0, 0.0, 0.0, 0.0, 0.0, 0.0, 0.0, 0.0, 0.0, 0.0, 0.0, 0.0, 0.0, 0.0, 0.0, 0.0, 0.0, 0.0, 0.0, 0.0, 0.0, 0.0, 0.0, 0.0, 0.0, 0.0, 0.0, 0.0, 0.0, 0.0, 0.0, 0.0, 0.0, 0.0, 0.0, 0.0, 0.0, 0.0, 0.0, 0.0, 0.0, 0.0, 0.0, 0.0, 0.0, 0.0, 0.0, 0.0, 0.0, 0.0, 0.0, 0.0, 0.0, 0.0, 0.0, 0.0, 0.0, 0.0, 0.0, 0.0, 0.0, 0.0, 0.0, 0.0, 0.0, 0.0, 0.0, 0.0, 0.0, 0.0, 0.0, 0.0, 0.0, 0.0, 0.0, 0.0, 0.0, 0.0, 0.0, 0.0, 0.0], "C14": [0.0, 0.0, 0.0, 0.0, 0.0, 0.0, 0.0, 0.0, 0.0, 0.0, 0.0, 0.0, 0.0, 0.0, 0.0, 0.0, 0.0, 0.0, 0.0, 0.0, 0.0, 0.0, 0.0, 0.0, 0.0, 0.0, 0.0, 0.0, 0.0, 0.0, 0.0, 0.0, 0.0, 0.0, 0.0, 0.0, 0.0, 0.0, 0.0, 0.0, 0.0, 0.0, 0.0, 0.0, 0.0, 0.0, 0.0, 0.0, 0.0, 0.0, 0.0, 0.0, 0.0, 0.0, 0.0, 0.0, 0.0, 0.0, 0.0, 0.0, 0.0, 0.0, 0.0, 0.0, 0.0, 0.0, 0.0, 0.0, 0.0, 0.0, 0.0, 0.0, 0.0, 0.0, 0.0, 0.0, 0.0, 0.0, 0.0, 0.0, 0.0, 0.0, 0.0, 0.0, 0.0, 0.0, 0.0],