{"x_liquid": {"NI": [0.07505220681814918, 0.07505220681814918, 0.07505220681814917, 0.07505220681814917, 0.07505220681814916, 0.07505220681814916, 0.07505220681814916, 0.07505220681814916, 0.07505220681814916, 0.07505220681814916, 0.07505220681814916, 0.07505220681814916, 0.07505220681814913, 0.07505220681814913, 0.07505220681814914, 0.07505220681814917, 0.07505220681814917, 0.07505220681814917, 0.07505220681814917, 0.07505220681814917, 0.07505220681814917, 0.07505220681814916, 0.07505220681814916, 0.07505220681814917, 0.07505220681814917, 0.07505220681814916, 0.07505220681814914, 0.07505220681814916, 0.07505220681814916, 0.07505220681814916, 0.07505220681814914, 0.07505220681814914, 0.07505220681814914, 0.07505220681814916, 0.07505220681814916, 0.07505220681814916, 0.07505220681814916, 0.07505220681814916, 0.07505220681814916, 0.07505220681814917, 0.07505220681814917, 0.07505220681814914, 0.07505220681814916, 0.07505220681814916, 0.07505220681814917, 0.07505220681814916, 0.07505220681814916, 0.07505220681814914, 0.07505220681814916, 0.07505220681814916, 0.07505220681814917, 0.07505220681814916, 0.07505220681814916, 0.07505220681814916, 0.07505220681814914, 0.07505220681814914, 0.07505220681814916, 0.07505220681814917, 0.07505220681814917, 0.07661331024899631, 0.07883932086068199, 0.08114742417851324, 0.08354467186483606, 0.0860386372862178, 0.08863742340671682, 0.09134965947644128, 0.09418448289179461, 0.09715150204260581, 0.10026073547991787, 0.10352252240928146, 0.10694739943689961, 0.11054593877774083, 0.12799673348477228, 0.15021181471800665, 0.17059339009104216, 0.18916022228958376, 0.20602266215341034, 0.22134880784826255, 0.2213488761673386, 0.23308398636781313, 0.23308403718267567, 0.23308408946252146, 0.24074071093991953, 0.24074074674257415, 0.2407407853876605, 0.24584122227705343, NaN], "TI": [0.7847293306552359, 0.7847293306552359, 0.784729330655236, 0.7847293306552361, 0.7847293306552361, 0.7847293306552361, 0.7847293306552361, 0.7847293306552361, 0.7847293306552361, 0.7847293306552361, 0.7847293306552361, 0.7847293306552361, 0.7847293306552361, 0.7847293306552361, 0.7847293306552361, 0.7847293306552362, 0.7847293306552361, 0.7847293306552361, 0.7847293306552361, 0.7847293306552362, 0.7847293306552363, 0.7847293306552364, 0.7847293306552365, 0.7847293306552366, 0.7847293306552368, 0.7847293306552369, 0.7847293306552369, 0.784729330655237, 0.7847293306552369, 0.7847293306552368, 0.7847293306552368, 0.7847293306552368, 0.7847293306552368, 0.7847293306552369, 0.7847293306552369, 0.7847293306552368, 0.7847293306552366, 0.7847293306552366, 0.7847293306552365, 0.7847293306552365, 0.7847293306552366, 0.7847293306552365, 0.7847293306552366, 0.7847293306552365, 0.7847293306552366, 0.7847293306552365, 0.7847293306552364, 0.7847293306552363, 0.7847293306552363, 0.7847293306552363, 0.7847293306552364, 0.7847293306552363, 0.7847293306552362, 0.7847293306552361, 0.7847293306552361, 0.7847293306552362, 0.7847293306552362, 0.7847293306552362, 0.7847293306552362, 0.7821434163124857, 0.7785652014374936, 0.7749693317510437, 0.7713543346639395, 0.7677189058481125, 0.7640619443625718, 0.760382591644407, 0.7566802740016346, 0.7529547479647761, 0.7492061475245892, 0.7454350319356803, 0.7416424324322342, 0.7378298959320945, 0.7388072103925649, 0.7411541630866162, 0.7427775269392932, 0.7438951941127512, 0.7446564638384106, 0.745153969092432, 0.7451539721731993, 0.7454046950222477, 0.745404698322578, 0.7454046883899256, 0.7455001103271182, 0.7455001147226988, 0.7455001071304166, 0.7455300548500081, NaN]}, "fraction_solid": [0.0, 0.0, 0.0, 0.0, 0.0, 0.0, 0.0, 0.0, 0.0, 0.0, 0.0, 0.0, 0.0, 0.0, 0.0, 0.0, 0.0, 0.0, 0.0, 0.0, 0.0, 0.0, 0.0, 0.0, 0.0, 0.0, 0.0, 0.0, 0.0, 0.0, 0.0, 0.0, 0.0, 0.0, 0.0, 0.0, 0.0, 0.0, 0.0, 0.0, 0.0, 0.0, 0.0, 0.0, 0.0, 0.0, 0.0, 0.0, 0.0, 0.0, 0.0, 0.0, 0.0, 0.0, 0.0, 0.0, 0.0, 0.0, 0.0, 0.03285200757331403, 0.07703114947462854, 0.11962840084833037, 0.16071515588285604, 0.20035342257000738, 0.23859639922982556, 0.27548902155491306, 0.3110685031836421, 0.34536489292018896, 0.3784016712572194, 0.41019640723272316, 0.4407614933980421, 0.47010497134196355, 0.7570595132785215, 0.9122321727886761, 0.9642050847808761, 0.9848368198876009, 0.9938773730807023, 0.9979780359954157, 0.9979780435974026, 0.9994080021464462, 0.9994080045295947, 0.9994080064179914, 0.9998124435399947, 0.9998124443645479, 0.9998124450076725, 0.9999421954427097, 1.0], "temperatures": [2000.0, 2000.0, 1990.0, 1980.0, 1970.0, 1960.0, 1950.0, 1940.0, 1930.0, 1920.0, 1910.0, 1900.0, 1890.0, 1880.0, 1870.0, 1860.0, 1850.0, 1840.0, 1830.0, 1820.0, 1810.0, 1800.0, 1790.0, 1780.0, 1770.0, 1760.0, 1750.0, 1740.0, 1730.0, 1720.0, 1710.0, 1700.0, 1690.0, 1680.0, 1670.0, 1660.0, 1650.0, 1640.0, 1630.0, 1620.0, 1610.0, 1600.0, 1590.0, 1580.0, 1570.0, 1560.0, 1550.0, 1540.0, 1530.0, 1520.0, 1510.0, 1500.0, 1490.0, 1480.0, 1470.0, 1460.0, 1450.0, 1440.0, 1430.0, 1420.0, 1410.0, 1400.0, 1390.0, 1380.0, 1370.0, 1360.0, 1350.0, 1340.0, 1330.0, 1320.0, 1310.0, 1300.0, 1290.0, 1280.0, 1270.0, 1260.0, 1250.0, 1240.0, 1240.0, 1231.6666666666667, 1231.6666666666667, 1231.6666666666667, 1225.8796296296298, 1225.8796296296298, 1225.8796296296298, 1221.8608539094653, 1221.8608539094653], "phase_amounts": {"A1": [0.0, 0.0, 0.0, 0.0, 0.0, 0.0, 0.0, 0.0, 0.0, 0.0, 0.0, 0.0, 0.0, 0.0, 0.0, 0.0, 0.0, 0.0, 0.0, 0.0, 0.0, 0.0, 0.0, 0.0, 0.0, 0.0, 0.0, 0.0, 0.0, 0.0, 0.0, 0.0, 0.0, 0.0, 0.0, 0.0, 0.0, 0.0, 0.0, 0.0, 0.0, 0.0, 0.0, 0.0, 0.0, 0.0, 0.0, 0.0, 0.0, 0.0, 0.0, 0.0, 0.0, 0.0, 0.0, 0.0, 0.0, 0.0, 0.0, 0.0, 0.0, 0.0, 0.0, 0.0, 0.0, 0.0, 0.0, 0.0, 0.0, 0.0, 0.0, 0.0, 0.0, 0.0, 0.0, 0.0, 0.0, 0.0, 0.0, 0.0, 0.0, 0.0, 0.0, 0.0, 0.0, 0.0, 0.0], "A2": [0.0, 0.0, 0.0, 0.0, 0.0, 0.0, 0.0, 0.0, 0.0, 0.0, 0.0, 0.0, 0.0, 0.0, 0.0, 0.0, 0.0, 0.0, 0.0, 0.0, 0.0, 0.0, 0.0, 0.0, 0.0, 0.0, 0.0, 0.0, 0.0, 0.0, 0.0, 0.0, 0.0, 0.0, 0.0, 0.0, 0.0, 0.0, 0.0, 0.0, 0.0, 0.0, 0.0, 0.0, 0.0, 0.0, 0.0, 0.0, 0.0, 0.0, 0.0, 0.0, 0.0, 0.0, 0.0, 0.0, 0.0, 0.0, 0.0, 0.03285200757331403, 0.04417914190131451, 0.042597251373701836, 0.04108675503452567, 0.039638266687151334, 0.038242976659818184, 0.03689262232508747, 0.03557948162872905, 0.03429638973654688, 0.033036778337030434, 0.03179473597550375, 0.03056508616531897, 0.029343477943921444, 0.16041936201478132, 0.08530163487421553, 0.02695195318729439, 0.01021658133733083, 0.004334094580068284, 0.0019493046719046053, 2.894143326120848e-09, 0.0006680243841979398, 8.754925468204435e-10, 7.288108469687738e-10, 0.00018213722097263252, 2.9506842895855e-10, 2.3966188062561037e-10, 5.766132309085148e-05, 1.7771253181152783e-05], "A3": [0.0, 0.0, 0.0, 0.0, 0.0, 0.0, 0.0, 0.0, 0.0, 0.0, 0.0, 0.0, 0.0, 0.0, 0.0, 0.0, 0.0, 0.0, 0.0, 0.0, 0.0, 0.0, 0.0, 0.0, 0.0, 0.0, 0.0, 0.0, 0.0, 0.0, 0.0, 0.0, 0.0, 0.0, 0.0, 0.0, 0.0, 0.0, 0.0, 0.0, 0.0, 0.0, 0.0, 0.0, 0.0, 0.0, 0.0, 0.0, 0.0, 0.0, 0.0, 0.0, 0.0, 0.0, 0.0, 0.0, 0.0, 0.0, 0.0, 0.0, 0.0, 0.0, 0.0, 0.0, 0.0, 0.0, 0.0, 0.0, 0.0, 0.0, 0.0, 0.0, 0.0, 0.0, 0.0, 0.0, 0.0, 0.0, 0.0, 0.0, 0.0, 0.0, 0.0, 0.0, 0.0, 0.0, 0.0], "BCC2": [0.0, 0.0, 0.0, 0.0, 0.0, 0.0, 0.0, 0.0, 0.0, 0.0, 0.0, 0.0, 0.0, 0.0, 0.0, 0.0, 0.0, 0.0, 0.0, 0.0, 0.0, 0.0, 0.0, 0.0, 0.0, 0.0, 0.0, 0.0, 0.0, 0.0, 0.0, 0.0, 0.0, 0.0, 0.0, 0.0, 0.0, 0.0, 0.0, 0.0, 0.0, 0.0, 0.0, 0.0, 0.0, 0.0, 0.0, 0.0, 0.0, 0.0, 0.0, 0.0, 0.0, 0.0, 0.0, 0.0, 0.0, 0.0, 0.0, 0.0, 0.0, 0.0, 0.0, 0.0, 0.0, 0.0, 0.0, 0.0, 0.0, 0.0, 0.0, 0.0, 0.0, 0.0, 0.0, 0.0, 0.0, 0.0, 0.0, 0.0, 0.0, 0.0, 0.0, 0.0, 0.0, 0.0, 0.0], "C14": [0.0, 0.0, 0.0, 0.0, 0.0, 0.0, 0.0, 0.0, 0.0, 0.0, 0.0, 0.0, 0.0, 0.0, 0.0, 0.0, 0.0, 0.0, 0.0, 0.0, 0.0, 0.0, 0.0, 0.0, 0.0, 0.0, 0.0, 0.0, 0.0, 0.0, 0.0, 0.0, 0.0, 0.0, 0.0, 0.0, 0.0, 0.0, 0.0, 0.0, 0.0, 0.0, 0.0, 0.0, 0.0, 0.0, 0.0, 0.0, 0.0, 0.0, 0.0, 0.0, 0.0, 0.0, 0.0, 0.0, 0.0, 0.0, 0.0, 0.0, 0.0, 0.0, 0.0, 0.0, 0.0, 0.0, 0.0, 0.0, 0.0, 0.0, 0.0, 0.0, 0.0, 0.0, 0.0, 0.0, 0.0, 0.0, 0.0, 0.0, 0.0, 0.0, 0.0, 0.0, 0.0, 0.0, 0.0],