{"x_liquid": {"NI": [0.30724124097791955, 0.30724124097791955, 0.3072412409779196, 0.30724124097791955, 0.30724124097791955, 0.30724124097791955, 0.30724124097791955, 0.30724124097791955, 0.30724124097791955, 0.30724124097791955, 0.30724124097791955, 0.3072412409779195, 0.3072412409779195, 0.3072412409779195, 0.3072412409779195, 0.3072412409779195, 0.3072412409779195, 0.3072412409779195, 0.3072412409779195, 0.3072412409779195, 0.3072412409779195, 0.3072412409779195, 0.3072412409779195, 0.3072412409779195, 0.3072412409779195, 0.3072412409779195, 0.3072412409779195, 0.3072412409779195, 0.30724124097791944, 0.30724124097791944, 0.3072412409779194, 0.3072412409779194, 0.3072412409779194, 0.3072412409779194, 0.3072412409779193, 0.30724124097791927, 0.30724124097791927, 0.30724124097791927, 0.30724124097791916, 0.30724124097791916, 0.30724124097791916, 0.30724124097791916, 0.30724124097791916, 0.30724124097791905, 0.30724124097791905, 0.3072412409779191, 0.30724124097791905, 0.3090735489619931, 0.3141970950819008, 0.3191917914981638, 0.3240618421835622, 0.328811013981455, 0.3334427858101588, 0.3379604761221172, 0.3423673403781464, 0.3466666414710819, 0.35086169633286723, 0.3549559021610901, 0.366000327569853, 0.3836962992433078, 0.4005768057906378, 0.41667876673328497, 0.41667918992194974, 0.4166795458119705, 0.41667968531287575, 0.4166796853128758, 0.41667968531287586, 0.42293613392391055, 0.42293660073842687, 0.42293694929597714, 0.42293708288423226, 0.4229373896334795, NaN], "TI": [0.11874639801212733, 0.11874639801212733, 0.11874639801212734, 0.11874639801212734, 0.11874639801212734, 0.11874639801212734, 0.11874639801212734, 0.11874639801212734, 0.11874639801212736, 0.11874639801212737, 0.11874639801212739, 0.11874639801212737, 0.11874639801212739, 0.11874639801212737, 0.1187463980121274, 0.1187463980121274, 0.11874639801212739, 0.1187463980121274, 0.11874639801212743, 0.11874639801212743, 0.11874639801212743, 0.11874639801212743, 0.11874639801212743, 0.11874639801212743, 0.11874639801212743, 0.11874639801212743, 0.11874639801212744, 0.11874639801212745, 0.11874639801212744, 0.11874639801212745, 0.11874639801212745, 0.11874639801212745, 0.11874639801212745, 0.11874639801212744, 0.11874639801212744, 0.11874639801212741, 0.11874639801212741, 0.11874639801212743, 0.11874639801212739, 0.11874639801212743, 0.11874639801212741, 0.11874639801212741, 0.11874639801212741, 0.11874639801212739, 0.11874639801212737, 0.11874639801212739, 0.11874639801212739, 0.12071141654372713, 0.12629332008881594, 0.13181595811620722, 0.13727624274930791, 0.14267118091725195, 0.14799788781598175, 0.15325361853111094, 0.15843580188119533, 0.1635420732407821, 0.1685703038619825, 0.17351862487926603, 0.17784620149751934, 0.18165991446546406, 0.1855556413772727, 0.18952180861869564, 0.18952186769381313, 0.18952191415036868, 0.18952211339997974, 0.18952211339997976, 0.1895221133999798, 0.19113228316635475, 0.1911323572450123, 0.19113239847680616, 0.19113259483578043, 0.19113256081920524, NaN]}, "fraction_solid": [0.0, 0.0, 0.0, 0.0, 0.0, 0.0, 0.0, 0.0, 0.0, 0.0, 0.0, 0.0, 0.0, 0.0, 0.0, 0.0, 0.0, 0.0, 0.0, 0.0, 0.0, 0.0, 0.0, 0.0, 0.0, 0.0, 0.0, 0.0, 0.0, 0.0, 0.0, 0.0, 0.0, 0.0, 0.0, 0.0, 0.0, 0.0, 0.0, 0.0, 0.0, 0.0, 0.0, 0.0, 0.0, 0.0, 0.0, 0.03823633511437237, 0.14041222890544502, 0.22895863822017323, 0.30604806241588994, 0.3734408300600461, 0.4325766229806828, 0.48464309775265463, 0.5306277685809357, 0.5713576459230362, 0.6075298246344201, 0.6397353176277968, 0.6961282921250798, 0.7634604497777276, 0.8135979850482873, 0.8516380971826616, 0.8516388643814586, 0.8516395051543322, 0.851640004380553, 0.851640004380553, 0.851640004380553, 0.863800172637794, 0.8638009587699694, 0.8638015274067538, 0.8638019805662493, 0.863802389406333, 1.0], "temperatures": [2000.0, 2000.0, 1990.0, 1980.0, 1970.0, 1960.0, 1950.0, 1940.0, 1930.0, 1920.0, 1910.0, 1900.0, 1890.0, 1880.0, 1870.0, 1860.0, 1850.0, 1840.0, 1830.0, 1820.0, 1810.0, 1800.0, 1790.0, 1780.0, 1770.0, 1760.0, 1750.0, 1740.0, 1730.0, 1720.0, 1710.0, 1700.0, 1690.0, 1680.0, 1670.0, 1660.0, 1650.0, 1640.0, 1630.0, 1620.0, 1610.0, 1600.0, 1590.0, 1580.0, 1570.0, 1560.0, 1550.0, 1540.0, 1530.0, 1520.0, 1510.0, 1500.0, 1490.0, 1480.0, 1470.0, 1460.0, 1450.0, 1440.0, 1430.0, 1420.0, 1410.0, 1400.0, 1400.0, 1400.0, 1400.0, 1400.0, 1400.0, 1395.9812242798355, 1395.9812242798355, 1395.9812242798355, 1395.9812242798355, 1395.9812242798355, 1394.0431572851573], "phase_amounts": {"A1": [0.0, 0.0, 0.0, 0.0, 0.0, 0.0, 0.0, 0.0, 0.0, 0.0, 0.0, 0.0, 0.0, 0.0, 0.0, 0.0, 0.0, 0.0, 0.0, 0.0, 0.0, 0.0, 0.0, 0.0, 0.0, 0.0, 0.0, 0.0, 0.0, 0.0, 0.0, 0.0, 0.0, 0.0, 0.0, 0.0, 0.0, 0.0, 0.0, 0.0, 0.0, 0.0, 0.0, 0.0, 0.0, 0.0, 0.0, 0.03823633511437237, 0.10217589379107264, 0.08854640931472821, 0.0770894241957167, 0.06739276764415615, 0.059135792920636684, 0.05206647477197187, 0.04598467082828108, 0.040729877342100415, 0.03617217871138388, 0.032205492993376675, 0.04634315816132205, 0.051919145655925, 0.038833032218909665, 0.02959407383152292, 5.38215489831302e-07, 4.4685134243542947e-07, 4.992262208270599e-07, 0.0, 0.0, 0.009269667537987454, 5.577586344467123e-07, 3.928635661286776e-07, 4.531594956198364e-07, 2.279207580661383e-07, 0.07225345042006505], "A2": [0.0, 0.0, 0.0, 0.0, 0.0, 0.0, 0.0, 0.0, 0.0, 0.0, 0.0, 0.0, 0.0, 0.0, 0.0, 0.0, 0.0, 0.0, 0.0, 0.0, 0.0, 0.0, 0.0, 0.0, 0.0, 0.0, 0.0, 0.0, 0.0, 0.0, 0.0, 0.0, 0.0, 0.0, 0.0, 0.0, 0.0, 0.0, 0.0, 0.0, 0.0, 0.0, 0.0, 0.0, 0.0, 0.0, 0.0, 0.0, 0.0, 0.0, 0.0, 0.0, 0.0, 0.0, 0.0, 0.0, 0.0, 0.0, 0.0, 0.0, 0.0, 0.0, 0.0, 0.0, 0.0, 0.0, 0.0, 0.0, 0.0, 0.0, 0.0, 0.0, 0.0], "A3": [0.0, 0.0, 0.0, 0.0, 0.0, 0.0, 0.0, 0.0, 0.0, 0.0, 0.0, 0.0, 0.0, 0.0, 0.0, 0.0, 0.0, 0.0, 0.0, 0.0, 0.0, 0.0, 0.0, 0.0, 0.0, 0.0, 0.0, 0.0, 0.0, 0.0, 0.0, 0.0, 0.0, 0.0, 0.0, 0.0, 0.0, 0.0, 0.0, 0.0, 0.0, 0.0, 0.0, 0.0, 0.0, 0.0, 0.0, 0.0, 0.0, 0.0, 0.0, 0.0, 0.0, 0.0, 0.0, 0.0, 0.0, 0.0, 0.0, 0.0, 0.0, 0.0, 0.0, 0.0, 0.0, 0.0, 0.0, 0.0, 0.0, 0.0, 0.0, 0.0, 0.0], "BCC2": [0.0, 0.0, 0.0, 0.0, 0.0, 0.0, 0.0, 0.0, 0.0, 0.0, 0.0, 0.0, 0.0, 0.0, 0.0, 0.0, 0.0, 0.0, 0.0, 0.0, 0.0, 0.0, 0.0, 0.0, 0.0, 0.0, 0.0, 0.0, 0.0, 0.0, 0.0, 0.0, 0.0, 0.0, 0.0, 0.0, 0.0, 0.0, 0.0, 0.0, 0.0, 0.0, 0.0, 0.0, 0.0, 0.0, 0.0, 0.0, 0.0, 0.0, 0.0, 0.0, 0.0, 0.0, 0.0, 0.0, 0.0, 0.0, 0.0, 0.0, 0.0, 0.0, 0.0, 0.0, 0.0, 0.0, 0.0, 0.0, 0.0, 0.0, 0.0, 0.0, 0.0], "C14": [0.0, 0.0, 0.0, 0.0, 0.0, 0.0, 0.0, 0.0, 0.0, 0.0, 0.0, 0.0, 0.0, 0.0, 0.0, 0.0, 0.0, 0.0, 0.0, 0.0, 0.0, 0.0, 0.0, 0.0, 0.0, 0.0, 0.0, 0.0, 0.0, 0.0, 0.0, 0.0, 0.0, 0.0, 0.0, 0.0, 0.0, 0.0, 0.0, 0.0, 0.0, 0.0, 0.0, 0.0, 0.0, 0.0, 0.0, 0.0, 0.0, 0.0, 0.0, 0.0, 0.0, 0.0, 0.0, 0.0, 0.0, 0.0, 0.010049816335960882, 0.015413011996722849, 0.011304503051650022, 0.008446038302851388, 2.289833071868091e-07, 1.9392153107574595e-07, 0.0, 0.0, 0.0, 0.0028905007192536135, 2.2837354099653794e-07, 1.7577321822146253e-07, 0.0, 1.8091932567156858e-07, 0.019055913718295184], "FCC4": [0.0, 0.0, 0.0, 0.0, 0.0, 0.0, 0.0, 0.0, 0.0, 0.0, 0.0, 0.0, 0.0, 0.0, 0.0, 0.0, 0.0, 0.0, 0.0, 0.0, 0.0, 0.0, 0.0, 0.0, 0.0, 0.0, 0.0, 0.0, 0.0, 0.0, 0.0, 0.0, 0.0, 0.0, 0.0, 0.0, 0.0, 0.0, 0.0, 0.0, 0.0, 0.0, 0.0, 0.0, 0.0, 0.0, 0.0, 0.0, 0.0, 0.0, 0.0, 0.0, 0.0, 0.0, 0.0, 0.0, 0.0, 0.0, 0.0, 0.0, 0.0, 0.0, 0.0, 0.0, 0.0, 0.0, 0.0, 0.0, 0.0, 0.0, 0.0, 0.0, 0.0], "NI3TI": [0.0, 0.0, 0.0, 0.0, 0.0, 0.0, 0.0, 0.0, 0.0, 0.0, 0.0, 0.0, 0.0, 0.0, 0.0, 0.0, 0.0, 0.0, 0.0, 0.0, 0.0, 0.0, 0.0, 0.0, 0.0, 0.0, 0.0, 0.0, 0.0, 0.0, 0.0, 0.0, 0.0, 0.0, 0.0, 0.0, 0.0, 0.0, 0.0, 0.0, 0.0, 0.0, 0.0, 0.0, 0.0, 0.0, 0.0, 0.0, 0.0, 0.0, 0.0, 0.0, 0.0, 0.0, 0.0, 0.0, 0.0, 0.0, 0.0, 0.0, 0.0, 0.0, 0.0, 0.0, 0.0, 0.0, 0.0, 0.0, 0.0, 0.0, 0.0, 0.0, 0.04488824645530672],