{"x_liquid": {"NI": [0.02456419614370661, 0.02456419614370661, 0.02456419614370661, 0.02456419614370661, 0.02456419614370661, 0.02456419614370661, 0.02456419614370661, 0.02456419614370661, 0.02456419614370661, 0.02456419614370661, 0.02456419614370661, 0.024564196143706606, 0.02456419614370661, 0.02456419614370661, 0.02456419614370661, 0.02456419614370661, 0.02456419614370661, 0.02456419614370661, 0.02456419614370661, 0.02456419614370661, 0.02456419614370661, 0.025301179786559228, 0.02722789105258176, 0.02915506700540737, 0.031082873988532662, 0.03301159430041218, 0.03494160433409865, 0.036873358833852364, 0.03880737960142734, 0.04074422666139729, 0.04268458184043359, 0.04462911680082246, 0.04657857432527402, 0.04853374647355889, 0.050495474811306534, 0.0524646514215146, 0.05444222057597346, 0.05642918097623355, 0.05842658849886343, 0.06043555939514283, 0.062457273911900875, 0.06449298030648658, 0.06654399923796842, 0.06861172851959314, 0.07069764822025221, 0.07280332610223175, 0.07493042338111926, 0.07708070078881162, 0.07925602491538124, 0.08145837479492776, 0.08368984868972174, 0.08595267101101238, 0.08824919929476396, 0.09058193112714377, 0.09295351088397129, 0.09536673611229382, 0.09782456333944727, 0.10033011304288922, 0.10288667345356507, 0.10549770279600919, 0.10816682948676988, 0.11089784972294897, 0.11369472179084418, 0.1165615563152479, 0.11950260155488693, 0.12252222273102707, 0.12562487426515515, 0.12881506370077891, 0.13209730601477954, 0.13547606699469644, 0.13895569439592864, 0.1425403357250172, 0.14623829759232876, 0.15021181471813322, 0.1705933900910433, 0.1891602222895782, 0.20602266215341042, 0.22134880784826844, 0.22134887616733992, 0.2330839863678115, 0.23308403718269124, 0.2330841297633667, 0.24074071093991933, 0.24074074674257165, 0.24074078538766028, 0.24584122227705385, NaN], "TI": [0.9295430318446937, 0.9295430318446938, 0.9295430318446938, 0.9295430318446938, 0.9295430318446938, 0.9295430318446938, 0.9295430318446938, 0.9295430318446938, 0.9295430318446938, 0.9295430318446938, 0.9295430318446939, 0.9295430318446939, 0.929543031844694, 0.9295430318446941, 0.9295430318446941, 0.9295430318446941, 0.9295430318446942, 0.9295430318446942, 0.9295430318446941, 0.9295430318446942, 0.9295430318446942, 0.9278860101890641, 0.923626090985579, 0.9194321640509135, 0.9152996441465536, 0.9112243668636772, 0.9072025321781212, 0.9032306571360287, 0.8993055359193899, 0.8954242507291079, 0.8915839545814376, 0.8877821126181304, 0.8840163105395982, 0.8802842778205836, 0.8765838710229401, 0.8729130591777674, 0.8692699109455531, 0.8656525833150939, 0.8620593116424865, 0.8584884008708302, 0.8549382177940753, 0.8514071842586299, 0.8478937712124763, 0.8443964935314724, 0.8409139055667113, 0.8374445973712172, 0.8339871915754588, 0.830540340893646, 0.8271027262511351, 0.8236730555356738, 0.8202500629827233, 0.8168325092150577, 0.8134191819668247, 0.8100088975300854, 0.8066005029722878, 0.8031928791821583, 0.7997849448098651, 0.79637566117713, 0.7929640382415404, 0.7895491417062213, 0.7861301013741947, 0.7827061208502436, 0.7792764886969247, 0.77584059115059, 0.7723979264976543, 0.7689481212018758, 0.7654909478532458, 0.7620263449835815, 0.7585544387508207, 0.7550755664390181, 0.7515903016450068, 0.748099480920236, 0.7446000918289081, 0.7411541630866467, 0.7427775269392937, 0.7438951941127511, 0.7446564638384096, 0.7451539690924319, 0.7451539721731999, 0.7454046950222467, 0.7454046983225786, 0.7454046850997054, 0.7455001103271178, 0.7455001147227014, 0.745500107130416, 0.7455300548500079, NaN]}, "fraction_solid": [0.0, 0.0, 0.0, 0.0, 0.0, 0.0, 0.0, 0.0, 0.0, 0.0, 0.0, 0.0, 0.0, 0.0, 0.0, 0.0, 0.0, 0.0, 0.0, 0.0, 0.0, 0.03575498572341989, 0.12010822733649681, 0.19252952654300326, 0.2553413823989421, 0.31030802772477467, 0.35879224234338636, 0.4018624315630919, 0.4403673693497483, 0.4749889869448313, 0.5062826657804604, 0.5347030732992928, 0.5606269470072529, 0.5843687143350951, 0.6061927584906001, 0.6263229120719928, 0.6449498795868331, 0.6622370951023075, 0.6783253850918655, 0.6933367101057706, 0.7073771898006881, 0.720539565700721, 0.732905219326218, 0.7445458360934055, 0.7555247850395796, 0.7658982690726385, 0.7757162887691825, 0.7850234537884319, 0.7938596690608931, 0.8022607175256649, 0.8102587569865223, 0.8178827453387215, 0.8251588057896951, 0.832110541607439, 0.8387593082521682, 0.845124449400208, 0.8512235022825628, 0.8570723768768187, 0.8626855127740762, 0.8680760169595527, 0.873255785265201, 0.8782356098642747, 0.8830252748549814, 0.8876336417171367, 0.892068726209069, 0.8963377680895935, 0.900447294900901, 0.9044031809156363, 0.9082107022418808, 0.9118745889759462, 0.9153990751971497, 0.9187879475070073, 0.9220484370638943, 0.925691638024517, 0.9696943447101513, 0.9871621400198499, 0.9948162966793264, 0.998288110371089, 0.9982881168072876, 0.9994987868312495, 0.9994987888489354, 0.9994987918364643, 0.9998412051009549, 0.9998412057990639, 0.9998412063435661, 0.9999510597030943, 1.0], "temperatures": [2000.0, 2000.0, 1990.0, 1980.0, 1970.0, 1960.0, 1950.0, 1940.0, 1930.0, 1920.0, 1910.0, 1900.0, 1890.0, 1880.0, 1870.0, 1860.0, 1850.0, 1840.0, 1830.0, 1820.0, 1810.0, 1800.0, 1790.0, 1780.0, 1770.0, 1760.0, 1750.0, 1740.0, 1730.0, 1720.0, 1710.0, 1700.0, 1690.0, 1680.0, 1670.0, 1660.0, 1650.0, 1640.0, 1630.0, 1620.0, 1610.0, 1600.0, 1590.0, 1580.0, 1570.0, 1560.0, 1550.0, 1540.0, 1530.0, 1520.0, 1510.0, 1500.0, 1490.0, 1480.0, 1470.0, 1460.0, 1450.0, 1440.0, 1430.0, 1420.0, 1410.0, 1400.0, 1390.0, 1380.0, 1370.0, 1360.0, 1350.0, 1340.0, 1330.0, 1320.0, 1310.0, 1300.0, 1290.0, 1280.0, 1270.0, 1260.0, 1250.0, 1240.0, 1240.0, 1231.6666666666667, 1231.6666666666667, 1231.6666666666667, 1225.8796296296298, 1225.8796296296298, 1225.8796296296298, 1221.8608539094653, 1221.8608539094653], "phase_amounts": {"A1": [0.0, 0.0, 0.0, 0.0, 0.0, 0.0, 0.0, 0.0, 0.0, 0.0, 0.0, 0.0, 0.0, 0.0, 0.0, 0.0, 0.0, 0.0, 0.0, 0.0, 0.0, 0.0, 0.0, 0.0, 0.0, 0.0, 0.0, 0.0, 0.0, 0.0, 0.0, 0.0, 0.0, 0.0, 0.0, 0.0, 0.0, 0.0, 0.0, 0.0, 0.0, 0.0, 0.0, 0.0, 0.0, 0.0, 0.0, 0.0, 0.0, 0.0, 0.0, 0.0, 0.0, 0.0, 0.0, 0.0, 0.0, 0.0, 0.0, 0.0, 0.0, 0.0, 0.0, 0.0, 0.0, 0.0, 0.0, 0.0, 0.0, 0.0, 0.0, 0.0, 0.0, 0.0, 0.0, 0.0, 0.0, 0.0, 0.0, 0.0, 0.0, 0.0, 0.0, 0.0, 0.0, 0.0, 0.0], "A2": [0.0, 0.0, 0.0, 0.0, 0.0, 0.0, 0.0, 0.0, 0.0, 0.0, 0.0, 0.0, 0.0, 0.0, 0.0, 0.0, 0.0, 0.0, 0.0, 0.0, 0.0, 0.03575498572341989, 0.08435324161307693, 0.07242129920650643, 0.06281185585593882, 0.05496664532583254, 0.0484842146186117, 0.04307018921970557, 0.03850493778665638, 0.03462161759508305, 0.0312936788356291, 0.02842040751883239, 0.025923873707960125, 0.023741767327842125, 0.02182404415550497, 0.020130153581392744, 0.018626967514840415, 0.01728721551547436, 0.01608828998955793, 0.015011325013905072, 0.014040479694917514, 0.01316237590003285, 0.012365653625497039, 0.011640616767187507, 0.010978948946174096, 0.010373484033058851, 0.009818019696544087, 0.00930716501924937, 0.008836215272461211, 0.008401048464771755, 0.007998039460857432, 0.007623988352199233, 0.007276060450973568, 0.006951735817743939, 0.006648766644729179, 0.006365141148039876, 0.006099052882354833, 0.005848874594255921, 0.005613135897257511, 0.005390504185476459, 0.00517976830564828, 0.004979824599073802, 0.004789664990706693, 0.004608366862155247, 0.0044350844919323, 0.0042690418805246145, 0.004109526811307483, 0.003955886014735302, 0.0038075213262445283, 0.0036638867340654134, 0.0035244862212034543, 0.003388872309857618, 0.0032604895568869984, 0.0033440274799891303, 0.02281878858129297, 0.008649837284272007, 0.0036694478959701697, 0.0016503728275380602, 2.450317436634553e-09, 0.0005655807979642727, 7.412333369063469e-10, 1.1403832212977885e-09, 0.0001542047458731964, 2.4982003583750364e-10, 2.029100125026256e-10, 4.8819027501155244e-05, 1.5046052557833788e-05],