{"x_liquid": {"NI": [0.09468842465784783, 0.09468842465784783, 0.09468842465784783, 0.09468842465784783, 0.09468842465784781, 0.09468842465784778, 0.0946884246578478, 0.0946884246578478, 0.09468842465784781, 0.09468842465784778, 0.0946884246578478, 0.0946884246578478, 0.09468842465784781, 0.09468842465784781, 0.09468842465784783, 0.09468842465784781, 0.0946884246578478, 0.09468842465784778, 0.0946884246578478, 0.09468842465784778, 0.0946884246578478, 0.09468842465784778, 0.09468842465784781, 0.09468842465784778, 0.0946884246578478, 0.09468842465784778, 0.09468842465784778, 0.09468842465784778, 0.0946884246578478, 0.0946884246578478, 0.09468842465784781, 0.09468842465784778, 0.09468842465784778, 0.0946884246578478, 0.0946884246578478, 0.0946884246578478, 0.09468842465784783, 0.09468842465784783, 0.09468842465784784, 0.09468842465784783, 0.09468842465784785, 0.09468842465784784, 0.09468842465784787, 0.09468842465784785, 0.09468842465784784, 0.09468842465784785, 0.09468842465784785, 0.09468842465784783, 0.0946884246578478, 0.0946884246578478, 0.09468842465784778, 0.0946884246578478, 0.09468842465784777, 0.09468842465784778, 0.09468842465784777, 0.09468842465784777, 0.09468842465784777, 0.09468842465784777, 0.0946884246578478, 0.0946884246578478, 0.0946884246578478, 0.09468842465784781, 0.09468842465784783, 0.09468842465784781, 0.0946884246578478, 0.0946884246578478, 0.09468842465784778, 0.09468842465784778, 0.0946884246578478, 0.09468842465784778, 0.09468842465784778, 0.10400474239077731, 0.1279967334847751, 0.15021181471800318, 0.17059339009104615, 0.1891602222895778, 0.2060226621534078, 0.22134880784826944, 0.22134887616734233, 0.23308398636781766, 0.2330840371826741, 0.23308408946252157, 0.2407407109399146, 0.24074074674256987, 0.2407407853876607, 0.2458412222770539, NaN], "TI": [0.7284071792227835, 0.7284071792227835, 0.7284071792227836, 0.7284071792227836, 0.7284071792227835, 0.7284071792227834, 0.7284071792227834, 0.7284071792227834, 0.7284071792227835, 0.7284071792227834, 0.7284071792227834, 0.7284071792227834, 0.7284071792227835, 0.7284071792227836, 0.7284071792227838, 0.7284071792227838, 0.7284071792227836, 0.7284071792227835, 0.7284071792227836, 0.7284071792227835, 0.7284071792227835, 0.7284071792227835, 0.7284071792227836, 0.7284071792227835, 0.7284071792227835, 0.7284071792227835, 0.7284071792227834, 0.7284071792227834, 0.7284071792227834, 0.7284071792227834, 0.7284071792227835, 0.7284071792227834, 0.7284071792227834, 0.7284071792227834, 0.7284071792227834, 0.7284071792227834, 0.7284071792227835, 0.7284071792227836, 0.7284071792227836, 0.7284071792227835, 0.7284071792227836, 0.7284071792227836, 0.7284071792227838, 0.7284071792227836, 0.7284071792227836, 0.7284071792227838, 0.7284071792227839, 0.7284071792227839, 0.7284071792227838, 0.7284071792227839, 0.7284071792227839, 0.7284071792227839, 0.7284071792227839, 0.7284071792227839, 0.7284071792227838, 0.7284071792227836, 0.7284071792227835, 0.7284071792227835, 0.7284071792227836, 0.7284071792227836, 0.7284071792227838, 0.7284071792227838, 0.7284071792227838, 0.7284071792227839, 0.7284071792227839, 0.7284071792227839, 0.7284071792227839, 0.7284071792227838, 0.7284071792227839, 0.7284071792227839, 0.7284071792227838, 0.7354425174387605, 0.7388072103925625, 0.7411541630866164, 0.7427775269392936, 0.7438951941127511, 0.7446564638384112, 0.7451539690924321, 0.7451539721732005, 0.7454046950222462, 0.745404698322581, 0.7454046883899244, 0.7455001103271183, 0.7455001147227008, 0.7455001071304134, 0.745530054850009, NaN]}, "fraction_solid": [0.0, 0.0, 0.0, 0.0, 0.0, 0.0, 0.0, 0.0, 0.0, 0.0, 0.0, 0.0, 0.0, 0.0, 0.0, 0.0, 0.0, 0.0, 0.0, 0.0, 0.0, 0.0, 0.0, 0.0, 0.0, 0.0, 0.0, 0.0, 0.0, 0.0, 0.0, 0.0, 0.0, 0.0, 0.0, 0.0, 0.0, 0.0, 0.0, 0.0, 0.0, 0.0, 0.0, 0.0, 0.0, 0.0, 0.0, 0.0, 0.0, 0.0, 0.0, 0.0, 0.0, 0.0, 0.0, 0.0, 0.0, 0.0, 0.0, 0.0, 0.0, 0.0, 0.0, 0.0, 0.0, 0.0, 0.0, 0.0, 0.0, 0.0, 0.0, 0.48215978594902853, 0.854089322813042, 0.947286418676205, 0.9785014824414221, 0.9908929552732583, 0.9963227346251999, 0.9987856032514889, 0.9987856078172616, 0.9996444445762381, 0.9996444460075631, 0.9996444471417388, 0.9998873531107988, 0.9998873536060277, 0.99988735399229, 0.9999652824351654, 1.0], "temperatures": [2000.0, 2000.0, 1990.0, 1980.0, 1970.0, 1960.0, 1950.0, 1940.0, 1930.0, 1920.0, 1910.0, 1900.0, 1890.0, 1880.0, 1870.0, 1860.0, 1850.0, 1840.0, 1830.0, 1820.0, 1810.0, 1800.0, 1790.0, 1780.0, 1770.0, 1760.0, 1750.0, 1740.0, 1730.0, 1720.0, 1710.0, 1700.0, 1690.0, 1680.0, 1670.0, 1660.0, 1650.0, 1640.0, 1630.0, 1620.0, 1610.0, 1600.0, 1590.0, 1580.0, 1570.0, 1560.0, 1550.0, 1540.0, 1530.0, 1520.0, 1510.0, 1500.0, 1490.0, 1480.0, 1470.0, 1460.0, 1450.0, 1440.0, 1430.0, 1420.0, 1410.0, 1400.0, 1390.0, 1380.0, 1370.0, 1360.0, 1350.0, 1340.0, 1330.0, 1320.0, 1310.0, 1300.0, 1290.0, 1280.0, 1270.0, 1260.0, 1250.0, 1240.0, 1240.0, 1231.6666666666667, 1231.6666666666667, 1231.6666666666667, 1225.8796296296298, 1225.8796296296298, 1225.8796296296298, 1221.8608539094653, 1221.8608539094653], "phase_amounts": {"A1": [0.0, 0.0, 0.0, 0.0, 0.0, 0.0, 0.0, 0.0, 0.0, 0.0, 0.0, 0.0, 0.0, 0.0, 0.0, 0.0, 0.0, 0.0, 0.0, 0.0, 0.0, 0.0, 0.0, 0.0, 0.0, 0.0, 0.0, 0.0, 0.0, 0.0, 0.0, 0.0, 0.0, 0.0, 0.0, 0.0, 0.0, 0.0, 0.0, 0.0, 0.0, 0.0, 0.0, 0.0, 0.0, 0.0, 0.0, 0.0, 0.0, 0.0, 0.0, 0.0, 0.0, 0.0, 0.0, 0.0, 0.0, 0.0, 0.0, 0.0, 0.0, 0.0, 0.0, 0.0, 0.0, 0.0, 0.0, 0.0, 0.0, 0.0, 0.0, 0.0, 0.0, 0.0, 0.0, 0.0, 0.0, 0.0, 0.0, 0.0, 0.0, 0.0, 0.0, 0.0, 0.0, 0.0, 0.0], "A2": [0.0, 0.0, 0.0, 0.0, 0.0, 0.0, 0.0, 0.0, 0.0, 0.0, 0.0, 0.0, 0.0, 0.0, 0.0, 0.0, 0.0, 0.0, 0.0, 0.0, 0.0, 0.0, 0.0, 0.0, 0.0, 0.0, 0.0, 0.0, 0.0, 0.0, 0.0, 0.0, 0.0, 0.0, 0.0, 0.0, 0.0, 0.0, 0.0, 0.0, 0.0, 0.0, 0.0, 0.0, 0.0, 0.0, 0.0, 0.0, 0.0, 0.0, 0.0, 0.0, 0.0, 0.0, 0.0, 0.0, 0.0, 0.0, 0.0, 0.0, 0.0, 0.0, 0.0, 0.0, 0.0, 0.0, 0.0, 0.0, 0.0, 0.0, 0.0, 0.22540419420171556, 0.22049721273525802, 0.05123237990347051, 0.016187411963079275, 0.00613610486083174, 0.0026030682810622148, 0.0011707573676166972, 1.7382298187350567e-09, 0.0004012171523612025, 5.258230376649759e-10, 4.377256417979976e-10, 0.00010939208038842245, 1.7721886240672126e-10, 1.4394153892563596e-10, 3.46315380084655e-05, 1.0673460077054907e-05], "A3": [0.0, 0.0, 0.0, 0.0, 0.0, 0.0, 0.0, 0.0, 0.0, 0.0, 0.0, 0.0, 0.0, 0.0, 0.0, 0.0, 0.0, 0.0, 0.0, 0.0, 0.0, 0.0, 0.0, 0.0, 0.0, 0.0, 0.0, 0.0, 0.0, 0.0, 0.0, 0.0, 0.0, 0.0, 0.0, 0.0, 0.0, 0.0, 0.0, 0.0, 0.0, 0.0, 0.0, 0.0, 0.0, 0.0, 0.0, 0.0, 0.0, 0.0, 0.0, 0.0, 0.0, 0.0, 0.0, 0.0, 0.0, 0.0, 0.0, 0.0, 0.0, 0.0, 0.0, 0.0, 0.0, 0.0, 0.0, 0.0, 0.0, 0.0, 0.0, 0.0, 0.0, 0.0, 0.0, 0.0, 0.0, 0.0, 0.0, 0.0, 0.0, 0.0, 0.0, 0.0, 0.0, 0.0, 0.0], "BCC2": [0.0, 0.0, 0.0, 0.0, 0.0, 0.0, 0.0, 0.0, 0.0, 0.0, 0.0, 0.0, 0.0, 0.0, 0.0, 0.0, 0.0, 0.0, 0.0, 0.0, 0.0, 0.0, 0.0, 0.0, 0.0, 0.0, 0.0, 0.0, 0.0, 0.0, 0.0, 0.0, 0.0, 0.0, 0.0, 0.0, 0.0, 0.0, 0.0, 0.0, 0.0, 0.0, 0.0, 0.0, 0.0, 0.0, 0.0, 0.0, 0.0, 0.0, 0.0, 0.0, 0.0, 0.0, 0.0, 0.0, 0.0, 0.0, 0.0, 0.0, 0.0, 0.0, 0.0, 0.0, 0.0, 0.0, 0.0, 0.0, 0.0, 0.0, 0.0, 0.0, 0.0, 0.0, 0.0, 0.0, 0.0, 0.0, 0.0, 0.0, 0.0, 0.0, 0.0, 0.0, 0.0, 0.0, 0.0], "C14": [0.0, 0.0, 0.0, 0.0, 0.0, 0.0, 0.0, 0.0, 0.0, 0.0, 0.0, 0.0, 0.0, 0.0, 0.0, 0.0, 0.0, 0.0, 0.0, 0.0, 0.0, 0.0, 0.0, 0.0, 0.0, 0.0, 0.0, 0.0, 0.0, 0.0, 0.0, 0.0, 0.0, 0.0, 0.0, 0.0, 0.0, 0.0, 0.0, 0.0, 0.0, 0.0, 0.0, 0.0, 0.0, 0.0, 0.0, 0.0, 0.0, 0.0, 0.0, 0.0, 0.0, 0.0, 0.0, 0.0, 0.0, 0.0, 0.0, 0.0, 0.0, 0.0, 0.0, 0.0, 0.0, 0.0, 0.0, 0.0, 0.0, 0.0, 0.0, 0.0, 0.0, 0.0, 0.0, 0.0, 0.0, 0.0, 0.0, 0.0, 0.0, 0.0, 0.0, 0.0, 0.0, 0.0, 0.0], "FCC4": [0.0, 0.0, 0.0, 0.0, 0.0, 0.0, 0.0, 0.0, 0.0, 0.0, 0.0, 0.0, 0.0, 0.0, 0.0, 0.0, 0.0, 0.0, 0.0, 0.0, 0.0, 0.0, 0.0, 0.0, 0.0, 0.0, 0.0, 0.0, 0.0, 0.0, 0.0, 0.0, 0.0, 0.0, 0.0, 0.0, 0.0, 0.0, 0.0, 0.0, 0.0, 0.0, 0.0, 0.0, 0.0, 0.0, 0.0, 0.0, 0.0, 0.0, 0.0, 0.0, 0.0, 0.0, 0.0, 0.0, 0.0, 0.0, 0.0, 0.0, 0.0, 0.0, 0.0, 0.0, 0.0, 0.0, 0.0, 0.0, 0.0, 0.0, 0.0, 0.0, 0.0, 0.0, 0.0, 0.0, 0.0, 0.0, 0.0, 0.0, 0.0, 0.0, 0.0, 0.0, 0.0, 0.0, 0.0],