{"x_liquid": {"NI": [0.27522061774282686, 0.2752206177428269, 0.2752206177428269, 0.27522061774282697, 0.27522061774282697, 0.2752206177428269, 0.27522061774282697, 0.2752206177428269, 0.27522061774282697, 0.2752206177428269, 0.2752206177428269, 0.2752206177428269, 0.27522061774282697, 0.2752206177428269, 0.2752206177428269, 0.2752206177428269, 0.2752206177428269, 0.27522061774282697, 0.27522061774282697, 0.27522061774282697, 0.2752206177428269, 0.2798209918305845, 0.2864736500363636, 0.2928631003017061, 0.2990808633293702, 0.3051983737683677, 0.31127423315489644, 0.31735880950089757, 0.34743585926294973, NaN], "TI": [0.21059047947074244, 0.21059047947074247, 0.21059047947074247, 0.21059047947074247, 0.21059047947074247, 0.21059047947074244, 0.21059047947074247, 0.21059047947074247, 0.21059047947074247, 0.21059047947074247, 0.21059047947074244, 0.21059047947074247, 0.21059047947074247, 0.21059047947074244, 0.21059047947074247, 0.21059047947074247, 0.21059047947074247, 0.21059047947074247, 0.21059047947074244, 0.21059047947074247, 0.21059047947074247, 0.20550983763047043, 0.19838449817861603, 0.19184421005619687, 0.18581141503599213, 0.180227399653287, 0.1750471698219121, 0.1702361330795963, 0.17412339654433595, NaN]}, "fraction_solid": [0.0, 0.0, 0.0, 0.0, 0.0, 0.0, 0.0, 0.0, 0.0, 0.0, 0.0, 0.0, 0.0, 0.0, 0.0, 0.0, 0.0, 0.0, 0.0, 0.0, 0.0, 0.05276168114420737, 0.12143622053007352, 0.1800832403835105, 0.23133176728498095, 0.27699641296442434, 0.3183797126260477, 0.3564483720268843, 0.665880785808536, 1.0], "temperatures": [2000.0, 1980.0, 1960.0, 1940.0, 1920.0, 1900.0, 1880.0, 1860.0, 1840.0, 1820.0, 1800.0, 1780.0, 1760.0, 1740.0, 1720.0, 1700.0, 1680.0, 1660.0, 1640.0, 1620.0, 1600.0, 1580.0, 1560.0, 1540.0, 1520.0, 1500.0, 1480.0, 1460.0, 1440.0, 1421.328125], "phase_amounts": {"A1": [0.0, 0.0, 0.0, 0.0, 0.0, 0.0, 0.0, 0.0, 0.0, 0.0, 0.0, 0.0, 0.0, 0.0, 0.0, 0.0, 0.0, 0.0, 0.0, 0.0, 0.0, 0.0, 0.0, 0.0, 0.0, 0.0, 0.0, 0.0, 0.21608585088472904, 0.2443001124106703], "A2": [0.0, 0.0, 0.0, 0.0, 0.0, 0.0, 0.0, 0.0, 0.0, 0.0, 0.0, 0.0, 0.0, 0.0, 0.0, 0.0, 0.0, 0.0, 0.0, 0.0, 0.0, 0.0, 0.0, 0.0, 0.0, 0.0, 0.0, 0.0, 0.0, 0.0], "A3": [0.0, 0.0, 0.0, 0.0, 0.0, 0.0, 0.0, 0.0, 0.0, 0.0, 0.0, 0.0, 0.0, 0.0, 0.0, 0.0, 0.0, 0.0, 0.0, 0.0, 0.0, 0.0, 0.0, 0.0, 0.0, 0.0, 0.0, 0.0, 0.0, 0.0], "BCC2": [0.0, 0.0, 0.0, 0.0, 0.0, 0.0, 0.0, 0.0, 0.0, 0.0, 0.0, 0.0, 0.0, 0.0, 0.0, 0.0, 0.0, 0.0, 0.0, 0.0, 0.0, 0.0, 0.0, 0.0, 0.0, 0.0, 0.0, 0.0, 0.0, 0.0], "C14": [0.0, 0.0, 0.0, 0.0, 0.0, 0.0, 0.0, 0.0, 0.0, 0.0, 0.0, 0.0, 0.0, 0.0, 0.0, 0.0, 0.0, 0.0, 0.0, 0.0, 0.0, 0.05276168114420737, 0.06867453938586615, 0.05864701985343698, 0.05124852690147044, 0.045664645679443394, 0.04138329966162335, 0.03806865940083659, 0.09334656289692272, 0.08981910178079372], "FCC4": [0.0, 0.0, 0.0, 0.0, 0.0, 0.0, 0.0, 0.0, 0.0, 0.0, 0.0, 0.0, 0.0, 0.0, 0.0, 0.0, 0.0, 0.0, 0.0, 0.0, 0.0, 0.0, 0.0, 0.0, 0.0, 0.0, 0.0, 0.0, 0.0, 0.0], "NI3TI": [0.0, 0.0, 0.0, 0.0, 0.0, 0.0, 0.0, 0.0, 0.0, 0.0, 0.0, 0.0, 0.0, 0.0, 0.0, 0.0, 0.0, 0.0, 0.0, 0.0, 0.0, 0.0, 0.0, 0.0, 0.0, 0.0, 0.0, 0.0, 0.0, 0.0], "NITI2": [0.0, 0.0, 0.0, 0.0, 0.0, 0.0, 0.0, 0.0, 0.0, 0.0, 0.0, 0.0, 0.0, 0.0, 0.0, 0.0, 0.0, 0.0, 0.0, 0.0, 0.0, 0.0, 0.0, 0.0, 0.0, 0.0, 0.0, 0.0, 0.0, 0.0]}, "converged": true, "method": "equilibrium"}