{"x_liquid": {"NI": [0.018437512088569617, 0.018437512088569613, 0.018437512088569613, 0.018437512088569613, 0.018437512088569613, 0.018437512088569617, 0.018437512088569617, 0.018437512088569617, 0.018837856909609704, 0.022970863594766223, 0.027281799638492584, 0.031788042985506484, 0.03650735443547161, 0.04145803708094676, 0.046658750742606704, 0.05212799849659628, 0.057883248709364975, 0.06393973574425063, NaN], "TI": [0.9471160711106662, 0.9471160711106662, 0.9471160711106662, 0.9471160711106662, 0.9471160711106662, 0.9471160711106662, 0.9471160711106661, 0.9471160711106662, 0.9462047673651038, 0.9372411739257916, 0.9286721634424625, 0.9204516674380836, 0.9125401137717428, 0.9049029040226925, 0.8975093294960014, 0.8903313346902032, 0.8833430117088183, 0.8765198101324363, NaN]}, "fraction_solid": [0.0, 0.0, 0.0, 0.0, 0.0, 0.0, 0.0, 0.0, 0.025372328122975366, 0.2388837260236385, 0.3979491013551565, 0.5229527428591592, 0.6252821864472111, 0.711789518956638, 0.7868282634462509, 0.8532840201823221, 0.9131217683383218, 0.9677082317099045, 1.0000000000000002], "temperatures": [2000.0, 1980.0, 1960.0, 1940.0, 1920.0, 1900.0, 1880.0, 1860.0, 1840.0, 1820.0, 1800.0, 1780.0, 1760.0, 1740.0, 1720.0, 1700.0, 1680.0, 1660.0, 1647.265625], "phase_amounts": {"A1": [0.0, 0.0, 0.0, 0.0, 0.0, 0.0, 0.0, 0.0, 0.0, 0.0, 0.0, 0.0, 0.0, 0.0, 0.0, 0.0, 0.0, 0.0, 0.0], "A2": [0.0, 0.0, 0.0, 0.0, 0.0, 0.0, 0.0, 0.0, 0.025372328122975366, 0.21351139790066315, 0.159065375331518, 0.12500364150400267, 0.10232944358805196, 0.08650733250942688, 0.0750387444896129, 0.06645575673607118, 0.05983774815599974, 0.05458646337158268, 0.032291768290095724], "A3": [0.0, 0.0, 0.0, 0.0, 0.0, 0.0, 0.0, 0.0, 0.0, 0.0, 0.0, 0.0, 0.0, 0.0, 0.0, 0.0, 0.0, 0.0, 0.0], "BCC2": [0.0, 0.0, 0.0, 0.0, 0.0, 0.0, 0.0, 0.0, 0.0, 0.0, 0.0, 0.0, 0.0, 0.0, 0.0, 0.0, 0.0, 0.0, 0.0], "C14": [0.0, 0.0, 0.0, 0.0, 0.0, 0.0, 0.0, 0.0, 0.0, 0.0, 0.0, 0.0, 0.0, 0.0, 0.0, 0.0, 0.0, 0.0, 0.0], "FCC4": [0.0, 0.0, 0.0, 0.0, 0.0, 0.0, 0.0, 0.0, 0.0, 0.0, 0.0, 0.0, 0.0, 0.0, 0.0, 0.0, 0.0, 0.0, 0.0], "NI3TI": [0.0, 0.0, 0.0, 0.0, 0.0, 0.0, 0.0, 0.0, 0.0, 0.0, 0.0, 0.0, 0.0, 0.0, 0.0, 0.0, 0.0, 0.0, 0.0], "NITI2": [0.0, 0.0, 0.0, 0.0, 0.0, 0.0, 0.0, 0.0, 0.0, 0.0, 0.0, 0.0, 0.0, 0.0, 0.0, 0.0, 0.0, 0.0, 0.0]}, "converged": true, "method": "equilibrium"}