{"x_liquid": {"NI": [0.24413096557838546, 0.24413096557838548, 0.24413096557838546, 0.24413096557838546, 0.24413096557838546, 0.24413096557838546, 0.24413096557838548, 0.24413096557838548, 0.24413096557838548, 0.24413096557838546, 0.24413096557838546, 0.24413096557838548, 0.24413096557838548, 0.24413096557838546, 0.24413096557838546, 0.2595271502395721, 0.28452648643725714, 0.30264291757919015, 0.31734928218202346, 0.33015403596927007, 0.3418135614316694, 0.35274701136527375, 0.36320402286047115, 0.3733410705631628, 0.3832595985473187, 0.3930265577062378, 0.40268620359245255, 0.41226727749618935, NaN], "TI": [0.299764276150053, 0.2997642761500531, 0.2997642761500531, 0.2997642761500531, 0.2997642761500531, 0.299764276150053, 0.2997642761500531, 0.2997642761500531, 0.2997642761500531, 0.2997642761500531, 0.299764276150053, 0.2997642761500531, 0.2997642761500531, 0.2997642761500531, 0.2997642761500531, 0.2923640972999624, 0.2779299049323459, 0.2659745834631893, 0.2558943337284999, 0.24726375507878376, 0.23978880379086082, 0.23326245581539304, 0.22753469467360812, 0.2224934984819544, 0.218052783774105, 0.21414460267581212, 0.21071396686775357, 0.2077153343239033, NaN]}, "fraction_solid": [0.0, 0.0, 0.0, 0.0, 0.0, 0.0, 0.0, 0.0, 0.0, 0.0, 0.0, 0.0, 0.0, 0.0, 0.0, 0.24182012078384227, 0.5119474609123984, 0.645177623208728, 0.7270617430767877, 0.7841960071881628, 0.8274874418968, 0.8622309751523565, 0.8913100439387679, 0.9164312946169112, 0.9386705309960397, 0.9587400522687778, 0.9771304116671765, 0.9941905598377129, 1.0], "temperatures": [2000.0, 1980.0, 1960.0, 1940.0, 1920.0, 1900.0, 1880.0, 1860.0, 1840.0, 1820.0, 1800.0, 1780.0, 1760.0, 1740.0, 1720.0, 1700.0, 1680.0, 1660.0, 1640.0, 1620.0, 1600.0, 1580.0, 1560.0, 1540.0, 1520.0, 1500.0, 1480.0, 1460.0, 1452.8125], "phase_amounts": {"A1": [0.0, 0.0, 0.0, 0.0, 0.0, 0.0, 0.0, 0.0, 0.0, 0.0, 0.0, 0.0, 0.0, 0.0, 0.0, 0.0, 0.0, 0.0, 0.0, 0.0, 0.0, 0.0, 0.0, 0.0, 0.0, 0.0, 0.0, 0.0, 0.0], "A2": [0.0, 0.0, 0.0, 0.0, 0.0, 0.0, 0.0, 0.0, 0.0, 0.0, 0.0, 0.0, 0.0, 0.0, 0.0, 0.0, 0.0, 0.0, 0.0, 0.0, 0.0, 0.0, 0.0, 0.0, 0.0, 0.0, 0.0, 0.0, 0.0], "A3": [0.0, 0.0, 0.0, 0.0, 0.0, 0.0, 0.0, 0.0, 0.0, 0.0, 0.0, 0.0, 0.0, 0.0, 0.0, 0.0, 0.0, 0.0, 0.0, 0.0, 0.0, 0.0, 0.0, 0.0, 0.0, 0.0, 0.0, 0.0, 0.0], "BCC2": [0.0, 0.0, 0.0, 0.0, 0.0, 0.0, 0.0, 0.0, 0.0, 0.0, 0.0, 0.0, 0.0, 0.0, 0.0, 0.0, 0.0, 0.0, 0.0, 0.0, 0.0, 0.0, 0.0, 0.0, 0.0, 0.0, 0.0, 0.0, 0.0], "C14": [0.0, 0.0, 0.0, 0.0, 0.0, 0.0, 0.0, 0.0, 0.0, 0.0, 0.0, 0.0, 0.0, 0.0, 0.0, 0.24182012078384227, 0.2701273401285561, 0.13323016229632956, 0.08188411986805977, 0.05713426411137512, 0.043291434708637166, 0.03474353325555646, 0.02907906878641142, 0.025121250678143303, 0.022239236379128502, 0.02006952127273809, 0.018390359398398726, 0.01706014817053636, 0.005809440162287127], "FCC4": [0.0, 0.0, 0.0, 0.0, 0.0, 0.0, 0.0, 0.0, 0.0, 0.0, 0.0, 0.0, 0.0, 0.0, 0.0, 0.0, 0.0, 0.0, 0.0, 0.0, 0.0, 0.0, 0.0, 0.0, 0.0, 0.0, 0.0, 0.0, 0.0], "NI3TI": [0.0, 0.0, 0.0, 0.0, 0.0, 0.0, 0.0, 0.0, 0.0, 0.0, 0.0, 0.0, 0.0, 0.0, 0.0, 0.0, 0.0, 0.0, 0.0, 0.0, 0.0, 0.0, 0.0, 0.0, 0.0, 0.0, 0.0, 0.0, 0.0], "NITI2": [0.0, 0.0, 0.0, 0.0, 0.0, 0.0, 0.0, 0.0, 0.0, 0.0, 0.0, 0.0, 0.0, 0.0, 0.0, 0.0, 0.0, 0.0, 0.0, 0.0, 0.0, 0.0, 0.0, 0.0, 0.0, 0.0, 0.0, 0.0, 0.0]}, "converged": true, "method": "equilibrium"}