{"x_liquid": {"NI": [0.05580590733858386, 0.055805907338583836, 0.055805907338583836, 0.05580590733858385, 0.055805907338583836, 0.05580590733858385, 0.055805907338583836, 0.05580590733858385, 0.055805907338583836, 0.05580590733858385, 0.055805907338583864, 0.05580590733858384, 0.05580590733858384, 0.05580590733858385, 0.05580590733858384, 0.05580590733858386, 0.05580590733858384, 0.055805907338583836, 0.05580590733858386, 0.05580590733858384, 0.055805907338583864, 0.05580590733858384, 0.058963848654134066, 0.06268762393309353, 0.06667249266646308, 0.07098456097905169, 0.0757028274097785, 0.0809187977966315, 0.08673326570653837, 0.09324854291973556, 0.10055483203157017, 0.10871136772468155, 0.11772651354856004, 0.12754430613123796, 0.13804450172050703, 0.1490575642126402, NaN], "TI": [0.8399330874403584, 0.8399330874403583, 0.8399330874403583, 0.8399330874403584, 0.8399330874403583, 0.8399330874403583, 0.8399330874403583, 0.8399330874403584, 0.8399330874403583, 0.8399330874403584, 0.8399330874403586, 0.8399330874403584, 0.8399330874403583, 0.8399330874403584, 0.8399330874403584, 0.8399330874403584, 0.8399330874403583, 0.8399330874403583, 0.8399330874403584, 0.8399330874403584, 0.8399330874403586, 0.8399330874403583, 0.8336457552991127, 0.8266997721099913, 0.8198267652876293, 0.8130233782149999, 0.8062894365531277, 0.799628399464522, 0.7930474496170818, 0.7865568516434654, 0.7801682542533516, 0.7738919959643137, 0.7677342305918058, 0.7616953643576433, 0.7557710614929222, 0.7499556690691097, NaN]}, "fraction_solid": [0.0, 0.0, 0.0, 0.0, 0.0, 0.0, 0.0, 0.0, 0.0, 0.0, 0.0, 0.0, 0.0, 0.0, 0.0, 0.0, 0.0, 0.0, 0.0, 0.0, 0.0, 0.0, 0.07895637458474472, 0.16420554851855074, 0.24718527342486799, 0.3285162166696795, 0.40858068938296416, 0.48748640356348766, 0.5650214003623398, 0.6406202739581613, 0.7133739352610771, 0.7821185190740622, 0.8456179319544029, 0.9028049606027319, 0.9529966113925027, 0.9959982118299826, 1.0], "temperatures": [2000.0, 1980.0, 1960.0, 1940.0, 1920.0, 1900.0, 1880.0, 1860.0, 1840.0, 1820.0, 1800.0, 1780.0, 1760.0, 1740.0, 1720.0, 1700.0, 1680.0, 1660.0, 1640.0, 1620.0, 1600.0, 1580.0, 1560.0, 1540.0, 1520.0, 1500.0, 1480.0, 1460.0, 1440.0, 1420.0, 1400.0, 1380.0, 1360.0, 1340.0, 1320.0, 1300.0, 1297.890625], "phase_amounts": {"A1": [0.0, 0.0, 0.0, 0.0, 0.0, 0.0, 0.0, 0.0, 0.0, 0.0, 0.0, 0.0, 0.0, 0.0, 0.0, 0.0, 0.0, 0.0, 0.0, 0.0, 0.0, 0.0, 0.0, 0.0, 0.0, 0.0, 0.0, 0.0, 0.0, 0.0, 0.0, 0.0, 0.0, 0.0, 0.0, 0.0, 0.0], "A2": [0.0, 0.0, 0.0, 0.0, 0.0, 0.0, 0.0, 0.0, 0.0, 0.0, 0.0, 0.0, 0.0, 0.0, 0.0, 0.0, 0.0, 0.0, 0.0, 0.0, 0.0, 0.0, 0.07895637458474472, 0.08524917393380602, 0.08297972490631725, 0.08133094324481152, 0.08006447271328465, 0.0789057141805235, 0.07753499679885217, 0.07559887359582151, 0.07275366130291572, 0.0687445838129851, 0.06349941288034078, 0.05718702864832892, 0.050191650789770836, 0.043001600437479914, 0.004001788170017395], "A3": [0.0, 0.0, 0.0, 0.0, 0.0, 0.0, 0.0, 0.0, 0.0, 0.0, 0.0, 0.0, 0.0, 0.0, 0.0, 0.0, 0.0, 0.0, 0.0, 0.0, 0.0, 0.0, 0.0, 0.0, 0.0, 0.0, 0.0, 0.0, 0.0, 0.0, 0.0, 0.0, 0.0, 0.0, 0.0, 0.0, 0.0], "BCC2": [0.0, 0.0, 0.0, 0.0, 0.0, 0.0, 0.0, 0.0, 0.0, 0.0, 0.0, 0.0, 0.0, 0.0, 0.0, 0.0, 0.0, 0.0, 0.0, 0.0, 0.0, 0.0, 0.0, 0.0, 0.0, 0.0, 0.0, 0.0, 0.0, 0.0, 0.0, 0.0, 0.0, 0.0, 0.0, 0.0, 0.0], "C14": [0.0, 0.0, 0.0, 0.0, 0.0, 0.0, 0.0, 0.0, 0.0, 0.0, 0.0, 0.0, 0.0, 0.0, 0.0, 0.0, 0.0, 0.0, 0.0, 0.0, 0.0, 0.0, 0.0, 0.0, 0.0, 0.0, 0.0, 0.0, 0.0, 0.0, 0.0, 0.0, 0.0, 0.0, 0.0, 0.0, 0.0], "FCC4": [0.0, 0.0, 0.0, 0.0, 0.0, 0.0, 0.0, 0.0, 0.0, 0.0, 0.0, 0.0, 0.0, 0.0, 0.0, 0.0, 0.0, 0.0, 0.0, 0.0, 0.0, 0.0, 0.0, 0.0, 0.0, 0.0, 0.0, 0.0, 0.0, 0.0, 0.0, 0.0, 0.0, 0.0, 0.0, 0.0, 0.0], "NI3TI": [0.0, 0.0, 0.0, 0.0, 0.0, 0.0, 0.0, 0.0, 0.0, 0.0, 0.0, 0.0, 0.0, 0.0, 0.0, 0.0, 0.0, 0.0, 0.0, 0.0, 0.0, 0.0, 0.0, 0.0, 0.0, 0.0, 0.0, 0.0, 0.0, 0.0, 0.0, 0.0, 0.0, 0.0, 0.0, 0.0, 0.0], "NITI2": [0.0, 0.0, 0.0, 0.0, 0.0, 0.0, 0.0, 0.0, 0.0, 0.0, 0.0, 0.0, 0.0, 0.0, 0.0, 0.0, 0.0, 0.0, 0.0, 0.0, 0.0, 0.0, 0.0, 0.0, 0.0, 0.0, 0.0, 0.0, 0.0, 0.0, 0.0, 0.0, 0.0, 0.0, 0.0, 0.0, 0.0]}, "converged": true, "method": "equilibrium"}