{"x_liquid": {"NI": [0.22140051575953723, 0.22140051575953715, 0.22140051575953718, 0.22140051575953715, 0.22140051575953715, 0.22140051575953718, 0.22140051575953718, 0.2214005157595372, 0.22140051575953718, 0.22140051575953718, 0.22140051575953718, 0.22140051575953718, 0.22140051575953718, 0.22140051575953715, 0.22140051575953718, 0.23558275129235193, 0.25186052435173295, 0.26345039893064864, 0.2728034848490829, 0.2809101696391929, 0.28825259760439637, 0.2950948562138256, 0.3015937607308517, NaN], "TI": [0.36496154821517973, 0.36496154821517973, 0.36496154821517973, 0.36496154821517973, 0.36496154821517973, 0.36496154821517973, 0.3649615482151797, 0.36496154821517973, 0.36496154821517973, 0.36496154821517973, 0.36496154821517973, 0.36496154821517973, 0.3649615482151797, 0.3649615482151797, 0.3649615482151797, 0.37687333212787283, 0.39358987567044457, 0.40714216224944016, 0.418591236705036, 0.4285116946145583, 0.43725352022320785, 0.44504786609171304, 0.45205673935659246, NaN]}, "fraction_solid": [0.0, 0.0, 0.0, 0.0, 0.0, 0.0, 0.0, 0.0, 0.0, 0.0, 0.0, 0.0, 0.0, 0.0, 0.0, 0.2731977679206294, 0.4867352393958622, 0.5921495817502983, 0.6558198408199405, 0.6987501252196433, 0.7297601143613107, 0.7532307491228811, 0.7715974378652136, 1.0], "temperatures": [2000.0, 1980.0, 1960.0, 1940.0, 1920.0, 1900.0, 1880.0, 1860.0, 1840.0, 1820.0, 1800.0, 1780.0, 1760.0, 1740.0, 1720.0, 1700.0, 1680.0, 1660.0, 1640.0, 1620.0, 1600.0, 1580.0, 1560.0, 1541.171875], "phase_amounts": {"A1": [0.0, 0.0, 0.0, 0.0, 0.0, 0.0, 0.0, 0.0, 0.0, 0.0, 0.0, 0.0, 0.0, 0.0, 0.0, 0.0, 0.0, 0.0, 0.0, 0.0, 0.0, 0.0, 0.0, 0.0], "A2": [0.0, 0.0, 0.0, 0.0, 0.0, 0.0, 0.0, 0.0, 0.0, 0.0, 0.0, 0.0, 0.0, 0.0, 0.0, 0.0, 0.0, 0.0, 0.0, 0.0, 0.0, 0.0, 0.0, 0.0], "A3": [0.0, 0.0, 0.0, 0.0, 0.0, 0.0, 0.0, 0.0, 0.0, 0.0, 0.0, 0.0, 0.0, 0.0, 0.0, 0.0, 0.0, 0.0, 0.0, 0.0, 0.0, 0.0, 0.0, 0.0], "BCC2": [0.0, 0.0, 0.0, 0.0, 0.0, 0.0, 0.0, 0.0, 0.0, 0.0, 0.0, 0.0, 0.0, 0.0, 0.0, 0.0, 0.0, 0.0, 0.0, 0.0, 0.0, 0.0, 0.0, 0.1971840050535617], "C14": [0.0, 0.0, 0.0, 0.0, 0.0, 0.0, 0.0, 0.0, 0.0, 0.0, 0.0, 0.0, 0.0, 0.0, 0.0, 0.2731977679206294, 0.21353747147523283, 0.10541434235443609, 0.06367025906964219, 0.04293028439970281, 0.031009989141667416, 0.023470634761570408, 0.018366688742332493, 0.031218557081224674], "FCC4": [0.0, 0.0, 0.0, 0.0, 0.0, 0.0, 0.0, 0.0, 0.0, 0.0, 0.0, 0.0, 0.0, 0.0, 0.0, 0.0, 0.0, 0.0, 0.0, 0.0, 0.0, 0.0, 0.0, 0.0], "NI3TI": [0.0, 0.0, 0.0, 0.0, 0.0, 0.0, 0.0, 0.0, 0.0, 0.0, 0.0, 0.0, 0.0, 0.0, 0.0, 0.0, 0.0, 0.0, 0.0, 0.0, 0.0, 0.0, 0.0, 0.0], "NITI2": [0.0, 0.0, 0.0, 0.0, 0.0, 0.0, 0.0, 0.0, 0.0, 0.0, 0.0, 0.0, 0.0, 0.0, 0.0, 0.0, 0.0, 0.0, 0.0, 0.0, 0.0, 0.0, 0.0, 0.0]}, "converged": true, "method": "equilibrium"}