{"x_liquid": {"NI": [0.1560587947227098, 0.15605879472270984, 0.1560587947227098, 0.1560587947227098, 0.15605879472270984, 0.1560587947227098, 0.1560587947227098, 0.15605879472270984, 0.15605879472270984, 0.15605879472270984, 0.15605879472270984, 0.15605879472270984, 0.15605879472270984, 0.15605879472270984, 0.15605879472270984, 0.15605879472270984, 0.15605879472270984, 0.15605879472270986, 0.15605879472270986, 0.15605879472270984, 0.15605879472270984, 0.1560587947227098, 0.15605879472270984, 0.15831285435450593, 0.15921533958147044, 0.1578608462514157, 0.15565788292593616, 0.153101256972688, 0.15039386421350334, 0.14762757835480195, 0.14484728660312865, 0.14207710452245034, 0.13933278494691284, 0.13662911904754652, 0.13398672045260207, NaN], "TI": [0.552379835032766, 0.552379835032766, 0.552379835032766, 0.552379835032766, 0.552379835032766, 0.552379835032766, 0.552379835032766, 0.552379835032766, 0.552379835032766, 0.552379835032766, 0.552379835032766, 0.552379835032766, 0.552379835032766, 0.552379835032766, 0.552379835032766, 0.552379835032766, 0.5523798350327659, 0.5523798350327661, 0.5523798350327661, 0.552379835032766, 0.552379835032766, 0.552379835032766, 0.552379835032766, 0.5647778758764405, 0.5872459816710978, 0.6058171240678688, 0.6218732766851667, 0.6361468824932464, 0.6490790860549174, 0.6609590520025792, 0.6719881592887041, 0.6823131081943691, 0.6920443920543948, 0.7012671000273077, 0.7100471374071177, NaN]}, "fraction_solid": [0.0, 0.0, 0.0, 0.0, 0.0, 0.0, 0.0, 0.0, 0.0, 0.0, 0.0, 0.0, 0.0, 0.0, 0.0, 0.0, 0.0, 0.0, 0.0, 0.0, 0.0, 0.0, 0.0, 0.18910517978240912, 0.4179871289622931, 0.5440073052227803, 0.6261421244627585, 0.6854500857303097, 0.7314497498558361, 0.7691436222784894, 0.8014771426230431, 0.8303711306019194, 0.8572268925637898, 0.8832244132768988, 0.9095639515462461, 1.0], "temperatures": [2000.0, 1980.0, 1960.0, 1940.0, 1920.0, 1900.0, 1880.0, 1860.0, 1840.0, 1820.0, 1800.0, 1780.0, 1760.0, 1740.0, 1720.0, 1700.0, 1680.0, 1660.0, 1640.0, 1620.0, 1600.0, 1580.0, 1560.0, 1540.0, 1520.0, 1500.0, 1480.0, 1460.0, 1440.0, 1420.0, 1400.0, 1380.0, 1360.0, 1340.0, 1320.0, 1316.25], "phase_amounts": {"A1": [0.0, 0.0, 0.0, 0.0, 0.0, 0.0, 0.0, 0.0, 0.0, 0.0, 0.0, 0.0, 0.0, 0.0, 0.0, 0.0, 0.0, 0.0, 0.0, 0.0, 0.0, 0.0, 0.0, 0.0, 0.0, 0.0, 0.0, 0.0, 0.0, 0.0, 0.0, 0.0, 0.0, 0.0, 0.0, 0.0], "A2": [0.0, 0.0, 0.0, 0.0, 0.0, 0.0, 0.0, 0.0, 0.0, 0.0, 0.0, 0.0, 0.0, 0.0, 0.0, 0.0, 0.0, 0.0, 0.0, 0.0, 0.0, 0.0, 0.0, 0.0, 0.0, 0.0, 0.0, 0.0, 0.0, 0.0, 0.0, 0.0, 0.0, 0.0, 0.0, 0.0], "A3": [0.0, 0.0, 0.0, 0.0, 0.0, 0.0, 0.0, 0.0, 0.0, 0.0, 0.0, 0.0, 0.0, 0.0, 0.0, 0.0, 0.0, 0.0, 0.0, 0.0, 0.0, 0.0, 0.0, 0.0, 0.0, 0.0, 0.0, 0.0, 0.0, 0.0, 0.0, 0.0, 0.0, 0.0, 0.0, 0.0], "BCC2": [0.0, 0.0, 0.0, 0.0, 0.0, 0.0, 0.0, 0.0, 0.0, 0.0, 0.0, 0.0, 0.0, 0.0, 0.0, 0.0, 0.0, 0.0, 0.0, 0.0, 0.0, 0.0, 0.0, 0.18910517978240912, 0.228881949179884, 0.12602017626048717, 0.08213481923997823, 0.059307961267551224, 0.04599966412552636, 0.03769387242265332, 0.03233352034455372, 0.028893987978876212, 0.02685576196187045, 0.025997520713109012, 0.026339538269347318, -0.024896943752138467], "C14": [0.0, 0.0, 0.0, 0.0, 0.0, 0.0, 0.0, 0.0, 0.0, 0.0, 0.0, 0.0, 0.0, 0.0, 0.0, 0.0, 0.0, 0.0, 0.0, 0.0, 0.0, 0.0, 0.0, 0.0, 0.0, 0.0, 0.0, 0.0, 0.0, 0.0, 0.0, 0.0, 0.0, 0.0, 0.0, 0.0], "FCC4": [0.0, 0.0, 0.0, 0.0, 0.0, 0.0, 0.0, 0.0, 0.0, 0.0, 0.0, 0.0, 0.0, 0.0, 0.0, 0.0, 0.0, 0.0, 0.0, 0.0, 0.0, 0.0, 0.0, 0.0, 0.0, 0.0, 0.0, 0.0, 0.0, 0.0, 0.0, 0.0, 0.0, 0.0, 0.0, 0.0], "NI3TI": [0.0, 0.0, 0.0, 0.0, 0.0, 0.0, 0.0, 0.0, 0.0, 0.0, 0.0, 0.0, 0.0, 0.0, 0.0, 0.0, 0.0, 0.0, 0.0, 0.0, 0.0, 0.0, 0.0, 0.0, 0.0, 0.0, 0.0, 0.0, 0.0, 0.0, 0.0, 0.0, 0.0, 0.0, 0.0, 0.0], "NITI2": [0.0, 0.0, 0.0, 0.0, 0.0, 0.0, 0.0, 0.0, 0.0, 0.0, 0.0, 0.0, 0.0, 0.0, 0.0, 0.0, 0.0, 0.0, 0.0, 0.0, 0.0, 0.0, 0.0, 0.0, 0.0, 0.0, 0.0, 0.0, 0.0, 0.0, 0.0, 0.0, 0.0, 0.0, 0.0, 0.11533299220589228]}, "converged": true, "method": "equilibrium"}