{"x_liquid": {"NI": [0.25181832853286285, 0.25181832853286285, 0.25181832853286285, 0.25181832853286285, 0.25181832853286285, 0.25181832853286285, 0.25181832853286285, 0.25181832853286285, 0.25181832853286285, 0.25181832853286285, 0.25181832853286285, 0.25181832853286285, 0.25181832853286285, 0.25181832853286285, 0.25181832853286285, 0.25181832853286285, 0.2652710922612073, 0.28086490155014127, 0.2937271839041588, 0.3050260489882755, 0.31536409883193367, 0.3250894081540537, 0.33441986254391914, 0.3435002703786231, 0.3524313031152397, 0.36128526406788897, 0.3701151634862724, 0.3789601651277751, 0.38784896847100225, 0.39680197907320974, 0.4166787667332081, NaN], "TI": [0.27771477435837066, 0.2777147743583707, 0.2777147743583707, 0.2777147743583707, 0.2777147743583707, 0.2777147743583707, 0.2777147743583707, 0.2777147743583707, 0.27771477435837066, 0.2777147743583707, 0.27771477435837066, 0.2777147743583707, 0.2777147743583707, 0.2777147743583707, 0.2777147743583707, 0.2777147743583707, 0.2677834711961305, 0.2554962908913068, 0.24513822982010477, 0.2362017266247821, 0.22837461979473406, 0.2214503164951554, 0.21528476792775786, 0.2097735359843627, 0.20483856648534032, 0.20042006985110722, 0.19647127162260253, 0.19295486315230737, 0.18984050597147598, 0.18710301708746757, 0.18952180861867976, NaN]}, "fraction_solid": [0.0, 0.0, 0.0, 0.0, 0.0, 0.0, 0.0, 0.0, 0.0, 0.0, 0.0, 0.0, 0.0, 0.0, 0.0, 0.0, 0.1951103982810551, 0.3662625929906924, 0.4747705266029549, 0.5518600994139319, 0.6108248914205561, 0.658335353340654, 0.6981294213216197, 0.73247516466268, 0.7628337581892783, 0.7901913251555238, 0.8152382756603468, 0.83847236465573, 0.8602609983624918, 0.8808805720580721, 0.9874729187092299, 1.0], "temperatures": [2000.0, 1980.0, 1960.0, 1940.0, 1920.0, 1900.0, 1880.0, 1860.0, 1840.0, 1820.0, 1800.0, 1780.0, 1760.0, 1740.0, 1720.0, 1700.0, 1680.0, 1660.0, 1640.0, 1620.0, 1600.0, 1580.0, 1560.0, 1540.0, 1520.0, 1500.0, 1480.0, 1460.0, 1440.0, 1420.0, 1400.0, 1398.75], "phase_amounts": {"A1": [0.0, 0.0, 0.0, 0.0, 0.0, 0.0, 0.0, 0.0, 0.0, 0.0, 0.0, 0.0, 0.0, 0.0, 0.0, 0.0, 0.0, 0.0, 0.0, 0.0, 0.0, 0.0, 0.0, 0.0, 0.0, 0.0, 0.0, 0.0, 0.0, 0.0, 0.0714853948366963, 0.009349998202045656], "A2": [0.0, 0.0, 0.0, 0.0, 0.0, 0.0, 0.0, 0.0, 0.0, 0.0, 0.0, 0.0, 0.0, 0.0, 0.0, 0.0, 0.0, 0.0, 0.0, 0.0, 0.0, 0.0, 0.0, 0.0, 0.0, 0.0, 0.0, 0.0, 0.0, 0.0, 0.0, 0.0], "A3": [0.0, 0.0, 0.0, 0.0, 0.0, 0.0, 0.0, 0.0, 0.0, 0.0, 0.0, 0.0, 0.0, 0.0, 0.0, 0.0, 0.0, 0.0, 0.0, 0.0, 0.0, 0.0, 0.0, 0.0, 0.0, 0.0, 0.0, 0.0, 0.0, 0.0, 0.0, 0.0], "BCC2": [0.0, 0.0, 0.0, 0.0, 0.0, 0.0, 0.0, 0.0, 0.0, 0.0, 0.0, 0.0, 0.0, 0.0, 0.0, 0.0, 0.0, 0.0, 0.0, 0.0, 0.0, 0.0, 0.0, 0.0, 0.0, 0.0, 0.0, 0.0, 0.0, 0.0, 0.0, 0.0], "C14": [0.0, 0.0, 0.0, 0.0, 0.0, 0.0, 0.0, 0.0, 0.0, 0.0, 0.0, 0.0, 0.0, 0.0, 0.0, 0.0, 0.1951103982810551, 0.17115219470963733, 0.10850793361226246, 0.077089572810977, 0.05896479200662419, 0.04751046192009789, 0.03979406798096574, 0.03434574334106033, 0.03035859352659831, 0.027357566966245472, 0.025046950504822973, 0.023234088995383262, 0.021788633706761762, 0.020619573695580318, 0.03510695181446155, 0.0031770830887243307], "FCC4": [0.0, 0.0, 0.0, 0.0, 0.0, 0.0, 0.0, 0.0, 0.0, 0.0, 0.0, 0.0, 0.0, 0.0, 0.0, 0.0, 0.0, 0.0, 0.0, 0.0, 0.0, 0.0, 0.0, 0.0, 0.0, 0.0, 0.0, 0.0, 0.0, 0.0, 0.0, 0.0], "NI3TI": [0.0, 0.0, 0.0, 0.0, 0.0, 0.0, 0.0, 0.0, 0.0, 0.0, 0.0, 0.0, 0.0, 0.0, 0.0, 0.0, 0.0, 0.0, 0.0, 0.0, 0.0, 0.0, 0.0, 0.0, 0.0, 0.0, 0.0, 0.0, 0.0, 0.0, 0.0, 0.0], "NITI2": [0.0, 0.0, 0.0, 0.0, 0.0, 0.0, 0.0, 0.0, 0.0, 0.0, 0.0, 0.0, 0.0, 0.0, 0.0, 0.0, 0.0, 0.0, 0.0, 0.0, 0.0, 0.0, 0.0, 0.0, 0.0, 0.0, 0.0, 0.0, 0.0, 0.0, 0.0, 0.0]}, "converged": true, "method": "equilibrium"}