{"x_liquid": {"NI": [0.043185964747553846, 0.04318596474755384, 0.04318596474755384, 0.043185964747553846, 0.04318596474755384, 0.043185964747553846, 0.04318596474755385, 0.043185964747553846, 0.04318596474755384, 0.04318596474755384, 0.043185964747553846, 0.043185964747553846, 0.043185964747553846, 0.04318596474755384, 0.04318596474755384, 0.04318596474755384, 0.043185964747553846, 0.04572150978181238, 0.04932366372415621, 0.05308094555448467, 0.05703012259521765, 0.06121521213149772, 0.06568829209514677, 0.07050976227702432, 0.07574751454245954, 0.08147426114567656, 0.0877621919787095, 0.09467443989752371, 0.10225381056886303, 0.11051086737660505, NaN], "TI": [0.8761306038604427, 0.8761306038604427, 0.8761306038604427, 0.8761306038604427, 0.8761306038604425, 0.8761306038604426, 0.8761306038604427, 0.8761306038604427, 0.8761306038604427, 0.8761306038604427, 0.8761306038604427, 0.8761306038604427, 0.8761306038604426, 0.8761306038604427, 0.8761306038604425, 0.8761306038604427, 0.8761306038604426, 0.8707408162191715, 0.863443202527956, 0.8562813148681212, 0.8492450431497445, 0.8423261101875579, 0.83551807909588, 0.8288163277564936, 0.8222179061011938, 0.8157211667760026, 0.8093250663813124, 0.8030281189419, 0.796827182347631, 0.7907165301673428, NaN]}, "fraction_solid": [0.0, 0.0, 0.0, 0.0, 0.0, 0.0, 0.0, 0.0, 0.0, 0.0, 0.0, 0.0, 0.0, 0.0, 0.0, 0.0, 0.0, 0.07561774743786778, 0.17232544222777174, 0.2621601995490008, 0.3466286594454697, 0.42687386745919614, 0.5037383258634903, 0.5777970372022482, 0.649370488637302, 0.7185275358891341, 0.7850905708725453, 0.8486582637674632, 0.9086607255643477, 0.9644533745116401, 1.0], "temperatures": [2000.0, 1980.0, 1960.0, 1940.0, 1920.0, 1900.0, 1880.0, 1860.0, 1840.0, 1820.0, 1800.0, 1780.0, 1760.0, 1740.0, 1720.0, 1700.0, 1680.0, 1660.0, 1640.0, 1620.0, 1600.0, 1580.0, 1560.0, 1540.0, 1520.0, 1500.0, 1480.0, 1460.0, 1440.0, 1420.0, 1406.25], "phase_amounts": {"A1": [0.0, 0.0, 0.0, 0.0, 0.0, 0.0, 0.0, 0.0, 0.0, 0.0, 0.0, 0.0, 0.0, 0.0, 0.0, 0.0, 0.0, 0.0, 0.0, 0.0, 0.0, 0.0, 0.0, 0.0, 0.0, 0.0, 0.0, 0.0, 0.0, 0.0, 0.0], "A2": [0.0, 0.0, 0.0, 0.0, 0.0, 0.0, 0.0, 0.0, 0.0, 0.0, 0.0, 0.0, 0.0, 0.0, 0.0, 0.0, 0.0, 0.07561774743786778, 0.09670769478990396, 0.08983475732122909, 0.0844684598964689, 0.08024520801372642, 0.07686445840429418, 0.07405871133875785, 0.07157345143505378, 0.06915704725183214, 0.0665630349834112, 0.06356769289491793, 0.06000246179688451, 0.05579264894729241, 0.03554662548835985], "A3": [0.0, 0.0, 0.0, 0.0, 0.0, 0.0, 0.0, 0.0, 0.0, 0.0, 0.0, 0.0, 0.0, 0.0, 0.0, 0.0, 0.0, 0.0, 0.0, 0.0, 0.0, 0.0, 0.0, 0.0, 0.0, 0.0, 0.0, 0.0, 0.0, 0.0, 0.0], "BCC2": [0.0, 0.0, 0.0, 0.0, 0.0, 0.0, 0.0, 0.0, 0.0, 0.0, 0.0, 0.0, 0.0, 0.0, 0.0, 0.0, 0.0, 0.0, 0.0, 0.0, 0.0, 0.0, 0.0, 0.0, 0.0, 0.0, 0.0, 0.0, 0.0, 0.0, 0.0], "C14": [0.0, 0.0, 0.0, 0.0, 0.0, 0.0, 0.0, 0.0, 0.0, 0.0, 0.0, 0.0, 0.0, 0.0, 0.0, 0.0, 0.0, 0.0, 0.0, 0.0, 0.0, 0.0, 0.0, 0.0, 0.0, 0.0, 0.0, 0.0, 0.0, 0.0, 0.0], "FCC4": [0.0, 0.0, 0.0, 0.0, 0.0, 0.0, 0.0, 0.0, 0.0, 0.0, 0.0, 0.0, 0.0, 0.0, 0.0, 0.0, 0.0, 0.0, 0.0, 0.0, 0.0, 0.0, 0.0, 0.0, 0.0, 0.0, 0.0, 0.0, 0.0, 0.0, 0.0], "NI3TI": [0.0, 0.0, 0.0, 0.0, 0.0, 0.0, 0.0, 0.0, 0.0, 0.0, 0.0, 0.0, 0.0, 0.0, 0.0, 0.0, 0.0, 0.0, 0.0, 0.0, 0.0, 0.0, 0.0, 0.0, 0.0, 0.0, 0.0, 0.0, 0.0, 0.0, 0.0], "NITI2": [0.0, 0.0, 0.0, 0.0, 0.0, 0.0, 0.0, 0.0, 0.0, 0.0, 0.0, 0.0, 0.0, 0.0, 0.0, 0.0, 0.0, 0.0, 0.0, 0.0, 0.0, 0.0, 0.0, 0.0, 0.0, 0.0, 0.0, 0.0, 0.0, 0.0, 0.0]}, "converged": true, "method": "equilibrium"}