{"x_liquid": {"NI": [0.03693802642309204, 0.03693802642309204, 0.03693802642309204, 0.03693802642309204, 0.03693802642309204, 0.03693802642309203, 0.03693802642309204, 0.03693802642309204, 0.03693802642309204, 0.03693802642309204, 0.03693802642309203, 0.03693802642309204, 0.03693802642309204, 0.03693802642309203, 0.03693802642306361, 0.04051710132102066, 0.044220685255964606, 0.048068447273391254, 0.05209177901080313, 0.05632775568955632, 0.06081971680407297, 0.06561742006103213, 0.0707764040068242, 0.0763560675647031, 0.08241592650445753, 0.08900967769069915, 0.0961772514139966, NaN], "TI": [0.8940514342017891, 0.8940514342017891, 0.8940514342017891, 0.8940514342017891, 0.8940514342017891, 0.8940514342017891, 0.8940514342017891, 0.8940514342017891, 0.8940514342017891, 0.8940514342017891, 0.8940514342017891, 0.8940514342017891, 0.8940514342017891, 0.894051434201789, 0.8940514342018517, 0.8863657313141995, 0.8788492040830734, 0.87150153654702, 0.8643095924581965, 0.8572622168948949, 0.8503500398290313, 0.8435652577529376, 0.8369013351762631, 0.8303525630697288, 0.8239134291252963, 0.8175778179733826, 0.8113381825534823, NaN]}, "fraction_solid": [0.0, 0.0, 0.0, 0.0, 0.0, 0.0, 0.0, 0.0, 0.0, 0.0, 0.0, 0.0, 0.0, 0.0, 0.0, 0.11676065534374425, 0.22104239233687384, 0.3155944706490693, 0.40260849302381924, 0.48370789265436637, 0.5600899402390825, 0.6326130144854237, 0.7018492067320394, 0.7681164369220432, 0.8315022189705259, 0.8918908824990789, 0.9490050304051897, 1.0000000000000002], "temperatures": [2000.0, 1980.0, 1960.0, 1940.0, 1920.0, 1900.0, 1880.0, 1860.0, 1840.0, 1820.0, 1800.0, 1780.0, 1760.0, 1740.0, 1720.0, 1700.0, 1680.0, 1660.0, 1640.0, 1620.0, 1600.0, 1580.0, 1560.0, 1540.0, 1520.0, 1500.0, 1480.0, 1460.9375], "phase_amounts": {"A1": [0.0, 0.0, 0.0, 0.0, 0.0, 0.0, 0.0, 0.0, 0.0, 0.0, 0.0, 0.0, 0.0, 0.0, 0.0, 0.0, 0.0, 0.0, 0.0, 0.0, 0.0, 0.0, 0.0, 0.0, 0.0, 0.0, 0.0, 0.0], "A2": [0.0, 0.0, 0.0, 0.0, 0.0, 0.0, 0.0, 0.0, 0.0, 0.0, 0.0, 0.0, 0.0, 0.0, 0.0, 0.11676065534374425, 0.10428173699312959, 0.09455207831219548, 0.08701402237474992, 0.08109939963054713, 0.07638204758471617, 0.07252307424634119, 0.0692361922466157, 0.0662672301900038, 0.06338578204848266, 0.06038866352855299, 0.0571141479061108, 0.050994969594810535], "A3": [0.0, 0.0, 0.0, 0.0, 0.0, 0.0, 0.0, 0.0, 0.0, 0.0, 0.0, 0.0, 0.0, 0.0, 0.0, 0.0, 0.0, 0.0, 0.0, 0.0, 0.0, 0.0, 0.0, 0.0, 0.0, 0.0, 0.0, 0.0], "BCC2": [0.0, 0.0, 0.0, 0.0, 0.0, 0.0, 0.0, 0.0, 0.0, 0.0, 0.0, 0.0, 0.0, 0.0, 0.0, 0.0, 0.0, 0.0, 0.0, 0.0, 0.0, 0.0, 0.0, 0.0, 0.0, 0.0, 0.0, 0.0], "C14": [0.0, 0.0, 0.0, 0.0, 0.0, 0.0, 0.0, 0.0, 0.0, 0.0, 0.0, 0.0, 0.0, 0.0, 0.0, 0.0, 0.0, 0.0, 0.0, 0.0, 0.0, 0.0, 0.0, 0.0, 0.0, 0.0, 0.0, 0.0], "FCC4": [0.0, 0.0, 0.0, 0.0, 0.0, 0.0, 0.0, 0.0, 0.0, 0.0, 0.0, 0.0, 0.0, 0.0, 0.0, 0.0, 0.0, 0.0, 0.0, 0.0, 0.0, 0.0, 0.0, 0.0, 0.0, 0.0, 0.0, 0.0], "NI3TI": [0.0, 0.0, 0.0, 0.0, 0.0, 0.0, 0.0, 0.0, 0.0, 0.0, 0.0, 0.0, 0.0, 0.0, 0.0, 0.0, 0.0, 0.0, 0.0, 0.0, 0.0, 0.0, 0.0, 0.0, 0.0, 0.0, 0.0, 0.0], "NITI2": [0.0, 0.0, 0.0, 0.0, 0.0, 0.0, 0.0, 0.0, 0.0, 0.0, 0.0, 0.0, 0.0, 0.0, 0.0, 0.0, 0.0, 0.0, 0.0, 0.0, 0.0, 0.0, 0.0, 0.0, 0.0, 0.0, 0.0, 0.0]}, "converged": true, "method": "equilibrium"}