{"x_liquid": {"NI": [0.012350462563372466, 0.012350462563372466, 0.012350462563372466, 0.012350462563372466, 0.012350462563372466, 0.012350462563372466, 0.012350462563372466, 0.01620127903795713, 0.020894087150365573, 0.025879360203924975, 0.03115502373303823, 0.03671496346334888, 0.04255025254966403, 0.048650216193282275, NaN], "TI": [0.9645754274864078, 0.9645754274864078, 0.9645754274864078, 0.9645754274864078, 0.9645754274864078, 0.9645754274864078, 0.9645754274864078, 0.9561719290138435, 0.9470497906682911, 0.9384170087770836, 0.9302042042011903, 0.9223495922996295, 0.914797936676905, 0.9074998768230769, NaN]}, "fraction_solid": [0.0, 0.0, 0.0, 0.0, 0.0, 0.0, 0.0, 0.2799894368531772, 0.48824789130748303, 0.6328737661218946, 0.741009150943552, 0.8263528954502354, 0.896571971480671, 0.9562896830673193, 1.0], "temperatures": [2000.0, 1980.0, 1960.0, 1940.0, 1920.0, 1900.0, 1880.0, 1860.0, 1840.0, 1820.0, 1800.0, 1780.0, 1760.0, 1740.0, 1723.359375], "phase_amounts": {"A1": [0.0, 0.0, 0.0, 0.0, 0.0, 0.0, 0.0, 0.0, 0.0, 0.0, 0.0, 0.0, 0.0, 0.0, 0.0], "A2": [0.0, 0.0, 0.0, 0.0, 0.0, 0.0, 0.0, 0.2799894368531772, 0.20825845445430585, 0.14462587481441158, 0.10813538482165741, 0.08534374450668336, 0.07021907603043565, 0.05971771158664829, 0.04371031693268068], "A3": [0.0, 0.0, 0.0, 0.0, 0.0, 0.0, 0.0, 0.0, 0.0, 0.0, 0.0, 0.0, 0.0, 0.0, 0.0], "BCC2": [0.0, 0.0, 0.0, 0.0, 0.0, 0.0, 0.0, 0.0, 0.0, 0.0, 0.0, 0.0, 0.0, 0.0, 0.0], "C14": [0.0, 0.0, 0.0, 0.0, 0.0, 0.0, 0.0, 0.0, 0.0, 0.0, 0.0, 0.0, 0.0, 0.0, 0.0], "FCC4": [0.0, 0.0, 0.0, 0.0, 0.0, 0.0, 0.0, 0.0, 0.0, 0.0, 0.0, 0.0, 0.0, 0.0, 0.0], "NI3TI": [0.0, 0.0, 0.0, 0.0, 0.0, 0.0, 0.0, 0.0, 0.0, 0.0, 0.0, 0.0, 0.0, 0.0, 0.0], "NITI2": [0.0, 0.0, 0.0, 0.0, 0.0, 0.0, 0.0, 0.0, 0.0, 0.0, 0.0, 0.0, 0.0, 0.0, 0.0]}, "converged": true, "method": "equilibrium"}