{"x_liquid": {"NI": [0.22892265747493046, 0.2289226574749305, 0.2289226574749305, 0.2289226574749305, 0.2289226574749305, 0.2289226574749305, 0.2289226574749305, 0.2289226574749305, 0.22892265747493046, 0.22892265747493049, 0.22892265747493049, 0.22892265747493049, 0.22892265747493049, 0.2289226574749305, 0.2289226574749305, 0.2648981345682803, 0.2884830035342487, 0.3034042117128784, 0.31430031821008, 0.3231285805826733, 0.3307875218797637, 0.3377298174004359, 0.34420281085847376, 0.35035071619462294, NaN], "TI": [0.3433859470352915, 0.34338594703529157, 0.34338594703529157, 0.34338594703529157, 0.3433859470352915, 0.34338594703529157, 0.3433859470352915, 0.3433859470352915, 0.3433859470352915, 0.3433859470352915, 0.3433859470352915, 0.3433859470352915, 0.3433859470352915, 0.34338594703529157, 0.34338594703529157, 0.3577506340526533, 0.3733606969655465, 0.3869570720745573, 0.39863518151505234, 0.408739759373899, 0.4175818807013232, 0.4253995457589288, 0.4323701853109547, 0.4386273617697378, NaN]}, "fraction_solid": [0.0, 0.0, 0.0, 0.0, 0.0, 0.0, 0.0, 0.0, 0.0, 0.0, 0.0, 0.0, 0.0, 0.0, 0.0, 0.5419671759151763, 0.7379524465199728, 0.8217968413877603, 0.8667047468455492, 0.8942340112891246, 0.9126461963097713, 0.9257059539301238, 0.9353550338179055, 0.9426917783287826, 1.0], "temperatures": [2000.0, 1980.0, 1960.0, 1940.0, 1920.0, 1900.0, 1880.0, 1860.0, 1840.0, 1820.0, 1800.0, 1780.0, 1760.0, 1740.0, 1720.0, 1700.0, 1680.0, 1660.0, 1640.0, 1620.0, 1600.0, 1580.0, 1560.0, 1540.0, 1530.0], "phase_amounts": {"A1": [0.0, 0.0, 0.0, 0.0, 0.0, 0.0, 0.0, 0.0, 0.0, 0.0, 0.0, 0.0, 0.0, 0.0, 0.0, 0.0, 0.0, 0.0, 0.0, 0.0, 0.0, 0.0, 0.0, 0.0, 0.0], "A2": [0.0, 0.0, 0.0, 0.0, 0.0, 0.0, 0.0, 0.0, 0.0, 0.0, 0.0, 0.0, 0.0, 0.0, 0.0, 0.0, 0.0, 0.0, 0.0, 0.0, 0.0, 0.0, 0.0, 0.0, 0.0], "A3": [0.0, 0.0, 0.0, 0.0, 0.0, 0.0, 0.0, 0.0, 0.0, 0.0, 0.0, 0.0, 0.0, 0.0, 0.0, 0.0, 0.0, 0.0, 0.0, 0.0, 0.0, 0.0, 0.0, 0.0, 0.0], "BCC2": [0.0, 0.0, 0.0, 0.0, 0.0, 0.0, 0.0, 0.0, 0.0, 0.0, 0.0, 0.0, 0.0, 0.0, 0.0, 0.0, 0.0, 0.0, 0.0, 0.0, 0.0, 0.0, 0.0, 0.0, 0.04493198519301508], "C14": [0.0, 0.0, 0.0, 0.0, 0.0, 0.0, 0.0, 0.0, 0.0, 0.0, 0.0, 0.0, 0.0, 0.0, 0.0, 0.5419671759151763, 0.19598527060479654, 0.0838443948677875, 0.04490790545778889, 0.027529264443575396, 0.018412185020646676, 0.013059757620352497, 0.009649079887781742, 0.007336744510877069, 0.012376236478202407], "FCC4": [0.0, 0.0, 0.0, 0.0, 0.0, 0.0, 0.0, 0.0, 0.0, 0.0, 0.0, 0.0, 0.0, 0.0, 0.0, 0.0, 0.0, 0.0, 0.0, 0.0, 0.0, 0.0, 0.0, 0.0, 0.0], "NI3TI": [0.0, 0.0, 0.0, 0.0, 0.0, 0.0, 0.0, 0.0, 0.0, 0.0, 0.0, 0.0, 0.0, 0.0, 0.0, 0.0, 0.0, 0.0, 0.0, 0.0, 0.0, 0.0, 0.0, 0.0, 0.0], "NITI2": [0.0, 0.0, 0.0, 0.0, 0.0, 0.0, 0.0, 0.0, 0.0, 0.0, 0.0, 0.0, 0.0, 0.0, 0.0, 0.0, 0.0, 0.0, 0.0, 0.0, 0.0, 0.0, 0.0, 0.0, 0.0]}, "converged": true, "method": "equilibrium"}