{"x_liquid": {"NI": [0.2065173296507928, 0.20651732965079278, 0.20651732965079278, 0.20651732965079278, 0.20651732965079278, 0.2065173296507928, 0.20651732965079278, 0.20651732965079284, 0.20651732965079275, 0.20651732965079278, 0.20651732965079278, 0.20651732965079278, 0.20651732965079278, 0.20651732965079284, 0.20651732965079278, 0.20651732965079278, 0.20774043163050035, 0.21570066767938967, 0.22244082036226664, 0.22849461270648366, 0.23413059157630473, 0.23950118847182442, 0.24470047384502502, NaN], "TI": [0.40765067850784614, 0.40765067850784614, 0.40765067850784614, 0.40765067850784614, 0.4076506785078461, 0.4076506785078462, 0.4076506785078461, 0.4076506785078462, 0.4076506785078461, 0.4076506785078461, 0.4076506785078461, 0.40765067850784614, 0.4076506785078461, 0.4076506785078462, 0.4076506785078461, 0.40765067850784614, 0.4098113426716658, 0.4241668832523273, 0.4363707780213275, 0.4470414636594555, 0.4565398687764728, 0.46509899987814485, 0.47287996428309664, NaN]}, "fraction_solid": [0.0, 0.0, 0.0, 0.0, 0.0, 0.0, 0.0, 0.0, 0.0, 0.0, 0.0, 0.0, 0.0, 0.0, 0.0, 0.0, 0.02952466829642609, 0.19139959973237197, 0.29465347697111405, 0.3672185998834035, 0.42143926591226577, 0.46369835345275073, 0.4976613903369662, 1.0], "temperatures": [2000.0, 1980.0, 1960.0, 1940.0, 1920.0, 1900.0, 1880.0, 1860.0, 1840.0, 1820.0, 1800.0, 1780.0, 1760.0, 1740.0, 1720.0, 1700.0, 1680.0, 1660.0, 1640.0, 1620.0, 1600.0, 1580.0, 1560.0, 1554.21875], "phase_amounts": {"A1": [0.0, 0.0, 0.0, 0.0, 0.0, 0.0, 0.0, 0.0, 0.0, 0.0, 0.0, 0.0, 0.0, 0.0, 0.0, 0.0, 0.0, 0.0, 0.0, 0.0, 0.0, 0.0, 0.0, 0.0], "A2": [0.0, 0.0, 0.0, 0.0, 0.0, 0.0, 0.0, 0.0, 0.0, 0.0, 0.0, 0.0, 0.0, 0.0, 0.0, 0.0, 0.0, 0.0, 0.0, 0.0, 0.0, 0.0, 0.0, 0.0], "A3": [0.0, 0.0, 0.0, 0.0, 0.0, 0.0, 0.0, 0.0, 0.0, 0.0, 0.0, 0.0, 0.0, 0.0, 0.0, 0.0, 0.0, 0.0, 0.0, 0.0, 0.0, 0.0, 0.0, 0.0], "BCC2": [0.0, 0.0, 0.0, 0.0, 0.0, 0.0, 0.0, 0.0, 0.0, 0.0, 0.0, 0.0, 0.0, 0.0, 0.0, 0.0, 0.0, 0.0, 0.0, 0.0, 0.0, 0.0, 0.0, 0.49722205840744266], "C14": [0.0, 0.0, 0.0, 0.0, 0.0, 0.0, 0.0, 0.0, 0.0, 0.0, 0.0, 0.0, 0.0, 0.0, 0.0, 0.0, 0.02952466829642609, 0.1618749314359459, 0.10325387723874208, 0.07256512291228945, 0.054220666028862274, 0.04225908754048496, 0.03396303688421548, 0.005116551255591184], "FCC4": [0.0, 0.0, 0.0, 0.0, 0.0, 0.0, 0.0, 0.0, 0.0, 0.0, 0.0, 0.0, 0.0, 0.0, 0.0, 0.0, 0.0, 0.0, 0.0, 0.0, 0.0, 0.0, 0.0, 0.0], "NI3TI": [0.0, 0.0, 0.0, 0.0, 0.0, 0.0, 0.0, 0.0, 0.0, 0.0, 0.0, 0.0, 0.0, 0.0, 0.0, 0.0, 0.0, 0.0, 0.0, 0.0, 0.0, 0.0, 0.0, 0.0], "NITI2": [0.0, 0.0, 0.0, 0.0, 0.0, 0.0, 0.0, 0.0, 0.0, 0.0, 0.0, 0.0, 0.0, 0.0, 0.0, 0.0, 0.0, 0.0, 0.0, 0.0, 0.0, 0.0, 0.0, 0.0]}, "converged": true, "method": "equilibrium"}