{"x_liquid": {"NI": [0.26736252961194584, 0.2673625296119459, 0.26736252961194584, 0.2673625296119459, 0.2673625296119459, 0.2673625296119459, 0.2673625296119459, 0.2673625296119459, 0.26736252961194584, 0.2673625296119459, 0.26736252961194584, 0.2673625296119459, 0.26736252961194584, 0.2673625296119459, 0.2673625296119459, 0.2673625296119459, 0.26736252961194584, 0.26736252961194584, 0.2673625296119459, 0.2750447406241326, 0.2833773073764643, 0.2911443016883369, 0.2985332963491372, 0.3056746045204406, 0.31266414420379984, 0.3195762210802717, 0.3264711048366663, 0.3333997141411258, 0.34743585926296916, 0.3836962992432729, NaN], "TI": [0.23312966870209553, 0.2331296687020956, 0.23312966870209553, 0.2331296687020956, 0.2331296687020956, 0.23312966870209556, 0.2331296687020956, 0.23312966870209553, 0.23312966870209553, 0.2331296687020956, 0.23312966870209553, 0.2331296687020956, 0.23312966870209553, 0.23312966870209553, 0.2331296687020956, 0.2331296687020956, 0.23312966870209556, 0.23312966870209556, 0.2331296687020956, 0.22519593486968345, 0.21676183391722847, 0.20917898095079146, 0.20230302908098885, 0.1960304334048168, 0.19028469063106176, 0.185008154903939, 0.18015690598306455, 0.1756973910389615, 0.17412339654434267, 0.18165991446545687, NaN]}, "fraction_solid": [0.0, 0.0, 0.0, 0.0, 0.0, 0.0, 0.0, 0.0, 0.0, 0.0, 0.0, 0.0, 0.0, 0.0, 0.0, 0.0, 0.0, 0.0, 0.0, 0.09530951299386613, 0.1839642910958063, 0.25520893436293207, 0.31457167189311047, 0.3654693967711718, 0.4101430188004605, 0.4501329763982468, 0.4865396262234151, 0.5201744545395502, 0.6235762808670321, 0.9407782098873501, 1.0], "temperatures": [2000.0, 1980.0, 1960.0, 1940.0, 1920.0, 1900.0, 1880.0, 1860.0, 1840.0, 1820.0, 1800.0, 1780.0, 1760.0, 1740.0, 1720.0, 1700.0, 1680.0, 1660.0, 1640.0, 1620.0, 1600.0, 1580.0, 1560.0, 1540.0, 1520.0, 1500.0, 1480.0, 1460.0, 1440.0, 1420.0, 1415.9375], "phase_amounts": {"A1": [0.0, 0.0, 0.0, 0.0, 0.0, 0.0, 0.0, 0.0, 0.0, 0.0, 0.0, 0.0, 0.0, 0.0, 0.0, 0.0, 0.0, 0.0, 0.0, 0.0, 0.0, 0.0, 0.0, 0.0, 0.0, 0.0, 0.0, 0.0, 0.057063449210368364, 0.2318561237603987, 0.043640602450365995], "A2": [0.0, 0.0, 0.0, 0.0, 0.0, 0.0, 0.0, 0.0, 0.0, 0.0, 0.0, 0.0, 0.0, 0.0, 0.0, 0.0, 0.0, 0.0, 0.0, 0.0, 0.0, 0.0, 0.0, 0.0, 0.0, 0.0, 0.0, 0.0, 0.0, 0.0, 0.0], "A3": [0.0, 0.0, 0.0, 0.0, 0.0, 0.0, 0.0, 0.0, 0.0, 0.0, 0.0, 0.0, 0.0, 0.0, 0.0, 0.0, 0.0, 0.0, 0.0, 0.0, 0.0, 0.0, 0.0, 0.0, 0.0, 0.0, 0.0, 0.0, 0.0, 0.0, 0.0], "BCC2": [0.0, 0.0, 0.0, 0.0, 0.0, 0.0, 0.0, 0.0, 0.0, 0.0, 0.0, 0.0, 0.0, 0.0, 0.0, 0.0, 0.0, 0.0, 0.0, 0.0, 0.0, 0.0, 0.0, 0.0, 0.0, 0.0, 0.0, 0.0, 0.0, 0.0, 0.0], "C14": [0.0, 0.0, 0.0, 0.0, 0.0, 0.0, 0.0, 0.0, 0.0, 0.0, 0.0, 0.0, 0.0, 0.0, 0.0, 0.0, 0.0, 0.0, 0.0, 0.09530951299386613, 0.08865477810194018, 0.07124464326712576, 0.0593627375301784, 0.05089772487806132, 0.044673622029288707, 0.039989957597786285, 0.036406649825168336, 0.033634828316135124, 0.04633837711711353, 0.0853458052599192, 0.01558118766228389], "FCC4": [0.0, 0.0, 0.0, 0.0, 0.0, 0.0, 0.0, 0.0, 0.0, 0.0, 0.0, 0.0, 0.0, 0.0, 0.0, 0.0, 0.0, 0.0, 0.0, 0.0, 0.0, 0.0, 0.0, 0.0, 0.0, 0.0, 0.0, 0.0, 0.0, 0.0, 0.0], "NI3TI": [0.0, 0.0, 0.0, 0.0, 0.0, 0.0, 0.0, 0.0, 0.0, 0.0, 0.0, 0.0, 0.0, 0.0, 0.0, 0.0, 0.0, 0.0, 0.0, 0.0, 0.0, 0.0, 0.0, 0.0, 0.0, 0.0, 0.0, 0.0, 0.0, 0.0, 0.0], "NITI2": [0.0, 0.0, 0.0, 0.0, 0.0, 0.0, 0.0, 0.0, 0.0, 0.0, 0.0, 0.0, 0.0, 0.0, 0.0, 0.0, 0.0, 0.0, 0.0, 0.0, 0.0, 0.0, 0.0, 0.0, 0.0, 0.0, 0.0, 0.0, 0.0, 0.0, 0.0]}, "converged": true, "method": "equilibrium"}