{"x_liquid": {"NI": [0.21393226551184688, 0.21393226551184683, 0.21393226551184685, 0.21393226551184683, 0.21393226551184685, 0.21393226551184683, 0.21393226551184685, 0.21393226551184685, 0.21393226551184683, 0.21393226551184685, 0.21393226551184685, 0.21393226551184688, 0.21393226551184688, 0.21393226551184685, 0.21393226551184685, 0.21393226551184683, 0.22674166215438146, 0.2363105392754197, 0.24428479108299617, 0.25135904160508826, 0.2578793253981022, 0.26403989420032986, 0.26995897804721103, NaN], "TI": [0.3863825736295282, 0.3863825736295281, 0.3863825736295282, 0.3863825736295281, 0.3863825736295282, 0.38638257362952816, 0.3863825736295282, 0.38638257362952816, 0.3863825736295281, 0.3863825736295282, 0.3863825736295282, 0.3863825736295282, 0.3863825736295282, 0.3863825736295282, 0.3863825736295282, 0.38638257362952816, 0.40359217712029904, 0.4175319096035553, 0.4293391897415925, 0.4396186745329102, 0.44872671978020945, 0.4568946427421527, 0.4642829578666429, NaN]}, "fraction_solid": [0.0, 0.0, 0.0, 0.0, 0.0, 0.0, 0.0, 0.0, 0.0, 0.0, 0.0, 0.0, 0.0, 0.0, 0.0, 0.0, 0.2541298897660552, 0.3870512657693777, 0.4703561632007161, 0.5281189708676235, 0.5708017990670959, 0.60374466175839, 0.6299824647338568, 1.0], "temperatures": [2000.0, 1980.0, 1960.0, 1940.0, 1920.0, 1900.0, 1880.0, 1860.0, 1840.0, 1820.0, 1800.0, 1780.0, 1760.0, 1740.0, 1720.0, 1700.0, 1680.0, 1660.0, 1640.0, 1620.0, 1600.0, 1580.0, 1560.0, 1548.828125], "phase_amounts": {"A1": [0.0, 0.0, 0.0, 0.0, 0.0, 0.0, 0.0, 0.0, 0.0, 0.0, 0.0, 0.0, 0.0, 0.0, 0.0, 0.0, 0.0, 0.0, 0.0, 0.0, 0.0, 0.0, 0.0, 0.0], "A2": [0.0, 0.0, 0.0, 0.0, 0.0, 0.0, 0.0, 0.0, 0.0, 0.0, 0.0, 0.0, 0.0, 0.0, 0.0, 0.0, 0.0, 0.0, 0.0, 0.0, 0.0, 0.0, 0.0, 0.0], "A3": [0.0, 0.0, 0.0, 0.0, 0.0, 0.0, 0.0, 0.0, 0.0, 0.0, 0.0, 0.0, 0.0, 0.0, 0.0, 0.0, 0.0, 0.0, 0.0, 0.0, 0.0, 0.0, 0.0, 0.0], "BCC2": [0.0, 0.0, 0.0, 0.0, 0.0, 0.0, 0.0, 0.0, 0.0, 0.0, 0.0, 0.0, 0.0, 0.0, 0.0, 0.0, 0.0, 0.0, 0.0, 0.0, 0.0, 0.0, 0.0, 0.34768501015483805], "C14": [0.0, 0.0, 0.0, 0.0, 0.0, 0.0, 0.0, 0.0, 0.0, 0.0, 0.0, 0.0, 0.0, 0.0, 0.0, 0.0, 0.2541298897660552, 0.1329213760033225, 0.0833048974313384, 0.05776280766690739, 0.042682828199472445, 0.032942862691294095, 0.02623780297546674, 0.022332525111305235], "FCC4": [0.0, 0.0, 0.0, 0.0, 0.0, 0.0, 0.0, 0.0, 0.0, 0.0, 0.0, 0.0, 0.0, 0.0, 0.0, 0.0, 0.0, 0.0, 0.0, 0.0, 0.0, 0.0, 0.0, 0.0], "NI3TI": [0.0, 0.0, 0.0, 0.0, 0.0, 0.0, 0.0, 0.0, 0.0, 0.0, 0.0, 0.0, 0.0, 0.0, 0.0, 0.0, 0.0, 0.0, 0.0, 0.0, 0.0, 0.0, 0.0, 0.0], "NITI2": [0.0, 0.0, 0.0, 0.0, 0.0, 0.0, 0.0, 0.0, 0.0, 0.0, 0.0, 0.0, 0.0, 0.0, 0.0, 0.0, 0.0, 0.0, 0.0, 0.0, 0.0, 0.0, 0.0, 0.0]}, "converged": true, "method": "equilibrium"}