{"x_liquid": {"NI": [0.25956197640170825, 0.25956197640170825, 0.2595619764017083, 0.2595619764017083, 0.25956197640170825, 0.25956197640170825, 0.25956197640170825, 0.25956197640170825, 0.25956197640170825, 0.25956197640170825, 0.25956197640170825, 0.25956197640170825, 0.25956197640170825, 0.25956197640170825, 0.2595619764017083, 0.25956197640170825, 0.25956197640170825, 0.2661276629717869, 0.277664200243492, 0.28778176311629217, 0.29701051731468175, 0.3056630421043453, 0.3139398865130951, 0.3219784838227812, 0.3298782279548911, 0.3377143096477357, 0.34554576581622476, 0.35342032670634654, 0.36137737719860064, 0.38369629924329485, NaN], "TI": [0.2555038317283212, 0.2555038317283212, 0.2555038317283212, 0.25550383172832125, 0.2555038317283212, 0.2555038317283212, 0.2555038317283212, 0.2555038317283212, 0.2555038317283212, 0.2555038317283212, 0.2555038317283212, 0.2555038317283212, 0.2555038317283212, 0.2555038317283212, 0.25550383172832125, 0.2555038317283212, 0.2555038317283212, 0.24951871613981846, 0.23887427031943712, 0.2296301550115649, 0.22146687283304597, 0.2141764417191039, 0.20761543679052194, 0.2016808506101875, 0.19629652628556976, 0.19140499778489514, 0.1869623060482993, 0.18293454607410878, 0.17929546319289377, 0.1816599144654631, NaN]}, "fraction_solid": [0.0, 0.0, 0.0, 0.0, 0.0, 0.0, 0.0, 0.0, 0.0, 0.0, 0.0, 0.0, 0.0, 0.0, 0.0, 0.0, 0.0, 0.09163790656442938, 0.226729884472015, 0.3232656211529089, 0.3972428462212242, 0.45681169299257923, 0.5065994313479868, 0.5494471552551795, 0.5872059800364791, 0.6211394631355087, 0.6521428378432053, 0.6808697612028916, 0.707809210298147, 0.8593291015724437, 1.0], "temperatures": [2000.0, 1980.0, 1960.0, 1940.0, 1920.0, 1900.0, 1880.0, 1860.0, 1840.0, 1820.0, 1800.0, 1780.0, 1760.0, 1740.0, 1720.0, 1700.0, 1680.0, 1660.0, 1640.0, 1620.0, 1600.0, 1580.0, 1560.0, 1540.0, 1520.0, 1500.0, 1480.0, 1460.0, 1440.0, 1420.0, 1408.828125], "phase_amounts": {"A1": [0.0, 0.0, 0.0, 0.0, 0.0, 0.0, 0.0, 0.0, 0.0, 0.0, 0.0, 0.0, 0.0, 0.0, 0.0, 0.0, 0.0, 0.0, 0.0, 0.0, 0.0, 0.0, 0.0, 0.0, 0.0, 0.0, 0.0, 0.0, 0.0, 0.10202961829931542, 0.10392599395756341], "A2": [0.0, 0.0, 0.0, 0.0, 0.0, 0.0, 0.0, 0.0, 0.0, 0.0, 0.0, 0.0, 0.0, 0.0, 0.0, 0.0, 0.0, 0.0, 0.0, 0.0, 0.0, 0.0, 0.0, 0.0, 0.0, 0.0, 0.0, 0.0, 0.0, 0.0, 0.0], "A3": [0.0, 0.0, 0.0, 0.0, 0.0, 0.0, 0.0, 0.0, 0.0, 0.0, 0.0, 0.0, 0.0, 0.0, 0.0, 0.0, 0.0, 0.0, 0.0, 0.0, 0.0, 0.0, 0.0, 0.0, 0.0, 0.0, 0.0, 0.0, 0.0, 0.0, 0.0], "BCC2": [0.0, 0.0, 0.0, 0.0, 0.0, 0.0, 0.0, 0.0, 0.0, 0.0, 0.0, 0.0, 0.0, 0.0, 0.0, 0.0, 0.0, 0.0, 0.0, 0.0, 0.0, 0.0, 0.0, 0.0, 0.0, 0.0, 0.0, 0.0, 0.0, 0.0, 0.0], "C14": [0.0, 0.0, 0.0, 0.0, 0.0, 0.0, 0.0, 0.0, 0.0, 0.0, 0.0, 0.0, 0.0, 0.0, 0.0, 0.0, 0.0, 0.09163790656442938, 0.13509197790758562, 0.09653573668089391, 0.07397722506831528, 0.059568846771355044, 0.04978773835540756, 0.042847723907192714, 0.03775882478129955, 0.03393348309902966, 0.03100337470769654, 0.028726923359686296, 0.026939449095255474, 0.04949027297498121, 0.03674490446999301], "FCC4": [0.0, 0.0, 0.0, 0.0, 0.0, 0.0, 0.0, 0.0, 0.0, 0.0, 0.0, 0.0, 0.0, 0.0, 0.0, 0.0, 0.0, 0.0, 0.0, 0.0, 0.0, 0.0, 0.0, 0.0, 0.0, 0.0, 0.0, 0.0, 0.0, 0.0, 0.0], "NI3TI": [0.0, 0.0, 0.0, 0.0, 0.0, 0.0, 0.0, 0.0, 0.0, 0.0, 0.0, 0.0, 0.0, 0.0, 0.0, 0.0, 0.0, 0.0, 0.0, 0.0, 0.0, 0.0, 0.0, 0.0, 0.0, 0.0, 0.0, 0.0, 0.0, 0.0, 0.0], "NITI2": [0.0, 0.0, 0.0, 0.0, 0.0, 0.0, 0.0, 0.0, 0.0, 0.0, 0.0, 0.0, 0.0, 0.0, 0.0, 0.0, 0.0, 0.0, 0.0, 0.0, 0.0, 0.0, 0.0, 0.0, 0.0, 0.0, 0.0, 0.0, 0.0, 0.0, 0.0]}, "converged": true, "method": "equilibrium"}