{"x_liquid": {"NI": [0.1420907874553429, 0.14209078745534287, 0.14209078745534287, 0.14209078745534287, 0.14209078745534287, 0.14209078745534287, 0.14209078745534287, 0.14209078745534287, 0.14209078745534287, 0.14209078745534287, 0.1420907874553429, 0.1420907874553429, 0.14209078745534287, 0.14209078745534287, 0.14209078745534287, 0.14209078745534287, 0.14209078745534287, 0.1420907874553429, 0.14209078745534287, 0.14209078745534287, 0.1420907874553429, 0.1420907874553429, 0.14209078745534287, 0.14209078745534287, 0.1420907874553429, 0.14259737606830344, 0.14196174812013407, 0.14065489938746875, 0.1389581971964694, 0.13702303426993181, 0.1349366139052177, 0.13275262550921818, 0.1305071729180232, 0.12822839050461143, 0.1259442406248332, NaN], "TI": [0.5924439770658487, 0.5924439770658486, 0.5924439770658486, 0.5924439770658486, 0.5924439770658485, 0.5924439770658486, 0.5924439770658486, 0.5924439770658486, 0.5924439770658486, 0.5924439770658486, 0.5924439770658486, 0.5924439770658486, 0.5924439770658486, 0.5924439770658486, 0.5924439770658486, 0.5924439770658486, 0.5924439770658487, 0.5924439770658486, 0.5924439770658485, 0.5924439770658486, 0.5924439770658486, 0.5924439770658487, 0.5924439770658486, 0.5924439770658486, 0.5924439770658487, 0.6091626100717932, 0.6248504291238655, 0.6388648429175843, 0.6516070416771157, 0.6633432167489928, 0.6742609654380853, 0.6844985014757596, 0.694161132535203, 0.7033310790347669, 0.7120733605865559, NaN]}, "fraction_solid": [0.0, 0.0, 0.0, 0.0, 0.0, 0.0, 0.0, 0.0, 0.0, 0.0, 0.0, 0.0, 0.0, 0.0, 0.0, 0.0, 0.0, 0.0, 0.0, 0.0, 0.0, 0.0, 0.0, 0.0, 0.0, 0.1647137768058156, 0.2843466591038454, 0.3714656098718502, 0.43894622751729134, 0.49371940028108635, 0.5399168093518775, 0.5802240538170046, 0.6165493145894604, 0.650409741738907, 0.6832221134615067, 1.0000000000000002], "temperatures": [2000.0, 1980.0, 1960.0, 1940.0, 1920.0, 1900.0, 1880.0, 1860.0, 1840.0, 1820.0, 1800.0, 1780.0, 1760.0, 1740.0, 1720.0, 1700.0, 1680.0, 1660.0, 1640.0, 1620.0, 1600.0, 1580.0, 1560.0, 1540.0, 1520.0, 1500.0, 1480.0, 1460.0, 1440.0, 1420.0, 1400.0, 1380.0, 1360.0, 1340.0, 1320.0, 1316.640625], "phase_amounts": {"A1": [0.0, 0.0, 0.0, 0.0, 0.0, 0.0, 0.0, 0.0, 0.0, 0.0, 0.0, 0.0, 0.0, 0.0, 0.0, 0.0, 0.0, 0.0, 0.0, 0.0, 0.0, 0.0, 0.0, 0.0, 0.0, 0.0, 0.0, 0.0, 0.0, 0.0, 0.0, 0.0, 0.0, 0.0, 0.0, 0.0], "A2": [0.0, 0.0, 0.0, 0.0, 0.0, 0.0, 0.0, 0.0, 0.0, 0.0, 0.0, 0.0, 0.0, 0.0, 0.0, 0.0, 0.0, 0.0, 0.0, 0.0, 0.0, 0.0, 0.0, 0.0, 0.0, 0.0, 0.0, 0.0, 0.0, 0.0, 0.0, 0.0, 0.0, 0.0, 0.0, 0.0], "A3": [0.0, 0.0, 0.0, 0.0, 0.0, 0.0, 0.0, 0.0, 0.0, 0.0, 0.0, 0.0, 0.0, 0.0, 0.0, 0.0, 0.0, 0.0, 0.0, 0.0, 0.0, 0.0, 0.0, 0.0, 0.0, 0.0, 0.0, 0.0, 0.0, 0.0, 0.0, 0.0, 0.0, 0.0, 0.0, 0.0], "BCC2": [0.0, 0.0, 0.0, 0.0, 0.0, 0.0, 0.0, 0.0, 0.0, 0.0, 0.0, 0.0, 0.0, 0.0, 0.0, 0.0, 0.0, 0.0, 0.0, 0.0, 0.0, 0.0, 0.0, 0.0, 0.0, 0.1647137768058156, 0.11963288229802979, 0.0871189507680048, 0.06748061764544117, 0.05477317276379501, 0.04619740907079112, 0.04030724446512712, 0.03632526077245579, 0.03386042714944659, 0.032812371722599765, -0.10807680832398259], "C14": [0.0, 0.0, 0.0, 0.0, 0.0, 0.0, 0.0, 0.0, 0.0, 0.0, 0.0, 0.0, 0.0, 0.0, 0.0, 0.0, 0.0, 0.0, 0.0, 0.0, 0.0, 0.0, 0.0, 0.0, 0.0, 0.0, 0.0, 0.0, 0.0, 0.0, 0.0, 0.0, 0.0, 0.0, 0.0, 0.0], "FCC4": [0.0, 0.0, 0.0, 0.0, 0.0, 0.0, 0.0, 0.0, 0.0, 0.0, 0.0, 0.0, 0.0, 0.0, 0.0, 0.0, 0.0, 0.0, 0.0, 0.0, 0.0, 0.0, 0.0, 0.0, 0.0, 0.0, 0.0, 0.0, 0.0, 0.0, 0.0, 0.0, 0.0, 0.0, 0.0, 0.0], "NI3TI": [0.0, 0.0, 0.0, 0.0, 0.0, 0.0, 0.0, 0.0, 0.0, 0.0, 0.0, 0.0, 0.0, 0.0, 0.0, 0.0, 0.0, 0.0, 0.0, 0.0, 0.0, 0.0, 0.0, 0.0, 0.0, 0.0, 0.0, 0.0, 0.0, 0.0, 0.0, 0.0, 0.0, 0.0, 0.0, 0.0], "NITI2": [0.0, 0.0, 0.0, 0.0, 0.0, 0.0, 0.0, 0.0, 0.0, 0.0, 0.0, 0.0, 0.0, 0.0, 0.0, 0.0, 0.0, 0.0, 0.0, 0.0, 0.0, 0.0, 0.0, 0.0, 0.0, 0.0, 0.0, 0.0, 0.0, 0.0, 0.0, 0.0, 0.0, 0.0, 0.0, 0.42485469486247607]}, "converged": true, "method": "equilibrium"}