{"x_liquid": {"NI": [0.03073090310091825, 0.03073090310091825, 0.03073090310091825, 0.03073090310091825, 0.030730903100918246, 0.03073090310091825, 0.030730903100918246, 0.03073090310091826, 0.030730903100918253, 0.03073090310091825, 0.030730903100918253, 0.03073090310091825, 0.03130400033315546, 0.035031831820471544, 0.038879690182175186, 0.04287112544904378, 0.047033418491630355, 0.05139816724086722, 0.05600159941085387, 0.060884509817178516, 0.06609155697111703, 0.07166960951770981, 0.07766483868937864, 0.08411839834697708, 0.09106088795528079, NaN], "TI": [0.9118551957288482, 0.9118551957288482, 0.9118551957288482, 0.9118551957288482, 0.9118551957288481, 0.9118551957288482, 0.9118551957288481, 0.9118551957288484, 0.9118551957288482, 0.9118551957288482, 0.9118551957288483, 0.9118551957288482, 0.9105788718600293, 0.9025549543902716, 0.8947616796332376, 0.8871782427312056, 0.8797868710360218, 0.8725722154645145, 0.8655209662324366, 0.8586214294917995, 0.851863061156247, 0.8452359235110612, 0.8387300589298162, 0.8323348306753247, 0.8260383623048393, NaN]}, "fraction_solid": [0.0, 0.0, 0.0, 0.0, 0.0, 0.0, 0.0, 0.0, 0.0, 0.0, 0.0, 0.0, 0.023130919275969664, 0.15742940103253453, 0.2728064472832387, 0.37419830271143023, 0.4650256920432628, 0.5477186602311294, 0.6240255305596528, 0.695202125039556, 0.7621301735589849, 0.8253939234614077, 0.8853336770715465, 0.942089621783579, 0.9956456802921908, 1.0], "temperatures": [2000.0, 1980.0, 1960.0, 1940.0, 1920.0, 1900.0, 1880.0, 1860.0, 1840.0, 1820.0, 1800.0, 1780.0, 1760.0, 1740.0, 1720.0, 1700.0, 1680.0, 1660.0, 1640.0, 1620.0, 1600.0, 1580.0, 1560.0, 1540.0, 1520.0, 1518.28125], "phase_amounts": {"A1": [0.0, 0.0, 0.0, 0.0, 0.0, 0.0, 0.0, 0.0, 0.0, 0.0, 0.0, 0.0, 0.0, 0.0, 0.0, 0.0, 0.0, 0.0, 0.0, 0.0, 0.0, 0.0, 0.0, 0.0, 0.0, 0.0], "A2": [0.0, 0.0, 0.0, 0.0, 0.0, 0.0, 0.0, 0.0, 0.0, 0.0, 0.0, 0.0, 0.023130919275969664, 0.13429848175656486, 0.11537704625070419, 0.10139185542819151, 0.09082738933183254, 0.08269296818786659, 0.07630687032852346, 0.07117659447990321, 0.0669280485194289, 0.06326374990242278, 0.05993975361013881, 0.05675594471203249, 0.05355605850861178, 0.0043543197078091955], "A3": [0.0, 0.0, 0.0, 0.0, 0.0, 0.0, 0.0, 0.0, 0.0, 0.0, 0.0, 0.0, 0.0, 0.0, 0.0, 0.0, 0.0, 0.0, 0.0, 0.0, 0.0, 0.0, 0.0, 0.0, 0.0, 0.0], "BCC2": [0.0, 0.0, 0.0, 0.0, 0.0, 0.0, 0.0, 0.0, 0.0, 0.0, 0.0, 0.0, 0.0, 0.0, 0.0, 0.0, 0.0, 0.0, 0.0, 0.0, 0.0, 0.0, 0.0, 0.0, 0.0, 0.0], "C14": [0.0, 0.0, 0.0, 0.0, 0.0, 0.0, 0.0, 0.0, 0.0, 0.0, 0.0, 0.0, 0.0, 0.0, 0.0, 0.0, 0.0, 0.0, 0.0, 0.0, 0.0, 0.0, 0.0, 0.0, 0.0, 0.0], "FCC4": [0.0, 0.0, 0.0, 0.0, 0.0, 0.0, 0.0, 0.0, 0.0, 0.0, 0.0, 0.0, 0.0, 0.0, 0.0, 0.0, 0.0, 0.0, 0.0, 0.0, 0.0, 0.0, 0.0, 0.0, 0.0, 0.0], "NI3TI": [0.0, 0.0, 0.0, 0.0, 0.0, 0.0, 0.0, 0.0, 0.0, 0.0, 0.0, 0.0, 0.0, 0.0, 0.0, 0.0, 0.0, 0.0, 0.0, 0.0, 0.0, 0.0, 0.0, 0.0, 0.0, 0.0], "NITI2": [0.0, 0.0, 0.0, 0.0, 0.0, 0.0, 0.0, 0.0, 0.0, 0.0, 0.0, 0.0, 0.0, 0.0, 0.0, 0.0, 0.0, 0.0, 0.0, 0.0, 0.0, 0.0, 0.0, 0.0, 0.0, 0.0]}, "converged": true, "method": "equilibrium"}