{"x_liquid": {"NI": [0.149050554449556, 0.149050554449556, 0.14905055444955603, 0.149050554449556, 0.14905055444955603, 0.149050554449556, 0.14905055444955603, 0.149050554449556, 0.149050554449556, 0.14905055444955603, 0.14905055444955603, 0.149050554449556, 0.14905055444955603, 0.14905055444955603, 0.14905055444955603, 0.14905055444955603, 0.14905055444955603, 0.14905055444955603, 0.14905055444955603, 0.14905055444955603, 0.14905055444955603, 0.149050554449556, 0.14905055444955603, 0.14905055444955603, 0.15045040795570352, 0.15018291976051024, 0.14881760104477618, 0.14691260573892742, 0.14472303945181028, 0.14237708815256084, 0.13994421479567037, 0.13746517289518329, 0.13496693155096787, 0.13247156626188317, 0.1300037646094284, NaN], "TI": [0.5724814234935325, 0.5724814234935325, 0.5724814234935326, 0.5724814234935325, 0.5724814234935325, 0.5724814234935325, 0.5724814234935326, 0.5724814234935325, 0.5724814234935325, 0.5724814234935325, 0.5724814234935325, 0.5724814234935325, 0.5724814234935325, 0.5724814234935325, 0.5724814234935325, 0.5724814234935325, 0.5724814234935325, 0.5724814234935325, 0.5724814234935325, 0.5724814234935325, 0.5724814234935325, 0.5724814234935325, 0.5724814234935325, 0.5724814234935325, 0.5892541167462888, 0.6075180462630376, 0.6233745415848814, 0.6375106867146297, 0.6503438164043837, 0.6621498426851363, 0.6731223813464073, 0.6834034321567325, 0.6931006440548664, 0.7022975270938845, 0.7110594529116432, NaN]}, "fraction_solid": [0.0, 0.0, 0.0, 0.0, 0.0, 0.0, 0.0, 0.0, 0.0, 0.0, 0.0, 0.0, 0.0, 0.0, 0.0, 0.0, 0.0, 0.0, 0.0, 0.0, 0.0, 0.0, 0.0, 0.0, 0.19662078772483751, 0.3507532826636433, 0.45244423568765185, 0.5261906097076109, 0.5833014868408066, 0.629805241807952, 0.6692760450669555, 0.7040388485249007, 0.735762599899151, 0.7658061200114441, 0.7954867423056211, 1.0], "temperatures": [2000.0, 1980.0, 1960.0, 1940.0, 1920.0, 1900.0, 1880.0, 1860.0, 1840.0, 1820.0, 1800.0, 1780.0, 1760.0, 1740.0, 1720.0, 1700.0, 1680.0, 1660.0, 1640.0, 1620.0, 1600.0, 1580.0, 1560.0, 1540.0, 1520.0, 1500.0, 1480.0, 1460.0, 1440.0, 1420.0, 1400.0, 1380.0, 1360.0, 1340.0, 1320.0, 1316.40625], "phase_amounts": {"A1": [0.0, 0.0, 0.0, 0.0, 0.0, 0.0, 0.0, 0.0, 0.0, 0.0, 0.0, 0.0, 0.0, 0.0, 0.0, 0.0, 0.0, 0.0, 0.0, 0.0, 0.0, 0.0, 0.0, 0.0, 0.0, 0.0, 0.0, 0.0, 0.0, 0.0, 0.0, 0.0, 0.0, 0.0, 0.0, 0.0], "A2": [0.0, 0.0, 0.0, 0.0, 0.0, 0.0, 0.0, 0.0, 0.0, 0.0, 0.0, 0.0, 0.0, 0.0, 0.0, 0.0, 0.0, 0.0, 0.0, 0.0, 0.0, 0.0, 0.0, 0.0, 0.0, 0.0, 0.0, 0.0, 0.0, 0.0, 0.0, 0.0, 0.0, 0.0, 0.0, 0.0], "A3": [0.0, 0.0, 0.0, 0.0, 0.0, 0.0, 0.0, 0.0, 0.0, 0.0, 0.0, 0.0, 0.0, 0.0, 0.0, 0.0, 0.0, 0.0, 0.0, 0.0, 0.0, 0.0, 0.0, 0.0, 0.0, 0.0, 0.0, 0.0, 0.0, 0.0, 0.0, 0.0, 0.0, 0.0, 0.0, 0.0], "BCC2": [0.0, 0.0, 0.0, 0.0, 0.0, 0.0, 0.0, 0.0, 0.0, 0.0, 0.0, 0.0, 0.0, 0.0, 0.0, 0.0, 0.0, 0.0, 0.0, 0.0, 0.0, 0.0, 0.0, 0.0, 0.19662078772483751, 0.1541324949388058, 0.10169095302400855, 0.07374637401995904, 0.05711087713319574, 0.04650375496714543, 0.03947080325900343, 0.034762803457945246, 0.03172375137425032, 0.030043520112293054, 0.029680622294177006, -0.06601548924469913], "C14": [0.0, 0.0, 0.0, 0.0, 0.0, 0.0, 0.0, 0.0, 0.0, 0.0, 0.0, 0.0, 0.0, 0.0, 0.0, 0.0, 0.0, 0.0, 0.0, 0.0, 0.0, 0.0, 0.0, 0.0, 0.0, 0.0, 0.0, 0.0, 0.0, 0.0, 0.0, 0.0, 0.0, 0.0, 0.0, 0.0], "FCC4": [0.0, 0.0, 0.0, 0.0, 0.0, 0.0, 0.0, 0.0, 0.0, 0.0, 0.0, 0.0, 0.0, 0.0, 0.0, 0.0, 0.0, 0.0, 0.0, 0.0, 0.0, 0.0, 0.0, 0.0, 0.0, 0.0, 0.0, 0.0, 0.0, 0.0, 0.0, 0.0, 0.0, 0.0, 0.0, 0.0], "NI3TI": [0.0, 0.0, 0.0, 0.0, 0.0, 0.0, 0.0, 0.0, 0.0, 0.0, 0.0, 0.0, 0.0, 0.0, 0.0, 0.0, 0.0, 0.0, 0.0, 0.0, 0.0, 0.0, 0.0, 0.0, 0.0, 0.0, 0.0, 0.0, 0.0, 0.0, 0.0, 0.0, 0.0, 0.0, 0.0, 0.0], "NITI2": [0.0, 0.0, 0.0, 0.0, 0.0, 0.0, 0.0, 0.0, 0.0, 0.0, 0.0, 0.0, 0.0, 0.0, 0.0, 0.0, 0.0, 0.0, 0.0, 0.0, 0.0, 0.0, 0.0, 0.0, 0.0, 0.0, 0.0, 0.0, 0.0, 0.0, 0.0, 0.0, 0.0, 0.0, 0.0, 0.2705287469390781]}, "converged": true, "method": "equilibrium"}