{"x_liquid": {"NI": [0.1631160164534118, 0.16311601645341184, 0.16311601645341184, 0.1631160164534118, 0.16311601645341184, 0.16311601645341184, 0.16311601645341184, 0.16311601645341184, 0.1631160164534118, 0.16311601645341184, 0.1631160164534118, 0.1631160164534118, 0.16311601645341184, 0.1631160164534118, 0.16311601645341178, 0.16311601645341178, 0.1631160164534118, 0.1631160164534118, 0.16311601645341184, 0.1631160164534118, 0.1631160164534118, 0.1631160164534118, 0.1631160164534118, 0.16923504348106158, 0.16826204448891025, 0.16558393241470776, 0.1624399064648141, 0.1591869873149711, 0.1559446130607592, 0.15275441471372586, 0.1496300747939878, 0.14657573048080957, 0.14359414524516884, NaN], "TI": [0.5321377540855174, 0.5321377540855174, 0.5321377540855174, 0.5321377540855174, 0.5321377540855174, 0.5321377540855174, 0.5321377540855174, 0.5321377540855173, 0.5321377540855173, 0.5321377540855174, 0.5321377540855173, 0.5321377540855173, 0.5321377540855173, 0.5321377540855174, 0.5321377540855173, 0.5321377540855173, 0.5321377540855173, 0.5321377540855174, 0.5321377540855174, 0.5321377540855174, 0.5321377540855174, 0.5321377540855173, 0.5321377540855173, 0.5619528388762981, 0.5851193005167356, 0.604070862478763, 0.6203576170528768, 0.6347827588256408, 0.647820539229875, 0.6597772104696502, 0.6708636586948635, 0.6812321419355227, 0.6909964470967866, NaN]}, "fraction_solid": [0.0, 0.0, 0.0, 0.0, 0.0, 0.0, 0.0, 0.0, 0.0, 0.0, 0.0, 0.0, 0.0, 0.0, 0.0, 0.0, 0.0, 0.0, 0.0, 0.0, 0.0, 0.0, 0.0, 0.4728650879285747, 0.6507794671531656, 0.745186084403772, 0.8057731186261381, 0.8494079251877357, 0.883473351950013, 0.9117751969114835, 0.9365386204257177, 0.9592274352667375, 0.9809423023862167, 1.0], "temperatures": [2000.0, 1980.0, 1960.0, 1940.0, 1920.0, 1900.0, 1880.0, 1860.0, 1840.0, 1820.0, 1800.0, 1780.0, 1760.0, 1740.0, 1720.0, 1700.0, 1680.0, 1660.0, 1640.0, 1620.0, 1600.0, 1580.0, 1560.0, 1540.0, 1520.0, 1500.0, 1480.0, 1460.0, 1440.0, 1420.0, 1400.0, 1380.0, 1360.0, 1342.34375], "phase_amounts": {"A1": [0.0, 0.0, 0.0, 0.0, 0.0, 0.0, 0.0, 0.0, 0.0, 0.0, 0.0, 0.0, 0.0, 0.0, 0.0, 0.0, 0.0, 0.0, 0.0, 0.0, 0.0, 0.0, 0.0, 0.0, 0.0, 0.0, 0.0, 0.0, 0.0, 0.0, 0.0, 0.0, 0.0, 0.0], "A2": [0.0, 0.0, 0.0, 0.0, 0.0, 0.0, 0.0, 0.0, 0.0, 0.0, 0.0, 0.0, 0.0, 0.0, 0.0, 0.0, 0.0, 0.0, 0.0, 0.0, 0.0, 0.0, 0.0, 0.0, 0.0, 0.0, 0.0, 0.0, 0.0, 0.0, 0.0, 0.0, 0.0, 0.0], "A3": [0.0, 0.0, 0.0, 0.0, 0.0, 0.0, 0.0, 0.0, 0.0, 0.0, 0.0, 0.0, 0.0, 0.0, 0.0, 0.0, 0.0, 0.0, 0.0, 0.0, 0.0, 0.0, 0.0, 0.0, 0.0, 0.0, 0.0, 0.0, 0.0, 0.0, 0.0, 0.0, 0.0, 0.0], "BCC2": [0.0, 0.0, 0.0, 0.0, 0.0, 0.0, 0.0, 0.0, 0.0, 0.0, 0.0, 0.0, 0.0, 0.0, 0.0, 0.0, 0.0, 0.0, 0.0, 0.0, 0.0, 0.0, 0.0, 0.4728650879285747, 0.1779143792245909, 0.0944066172506064, 0.06058703422236611, 0.04363480656159757, 0.03406542676227731, 0.02830184496147048, 0.024763423514234217, 0.02268881484101981, 0.02171486711947923, 0.019057697613783287], "C14": [0.0, 0.0, 0.0, 0.0, 0.0, 0.0, 0.0, 0.0, 0.0, 0.0, 0.0, 0.0, 0.0, 0.0, 0.0, 0.0, 0.0, 0.0, 0.0, 0.0, 0.0, 0.0, 0.0, 0.0, 0.0, 0.0, 0.0, 0.0, 0.0, 0.0, 0.0, 0.0, 0.0, 0.0], "FCC4": [0.0, 0.0, 0.0, 0.0, 0.0, 0.0, 0.0, 0.0, 0.0, 0.0, 0.0, 0.0, 0.0, 0.0, 0.0, 0.0, 0.0, 0.0, 0.0, 0.0, 0.0, 0.0, 0.0, 0.0, 0.0, 0.0, 0.0, 0.0, 0.0, 0.0, 0.0, 0.0, 0.0, 0.0], "NI3TI": [0.0, 0.0, 0.0, 0.0, 0.0, 0.0, 0.0, 0.0, 0.0, 0.0, 0.0, 0.0, 0.0, 0.0, 0.0, 0.0, 0.0, 0.0, 0.0, 0.0, 0.0, 0.0, 0.0, 0.0, 0.0, 0.0, 0.0, 0.0, 0.0, 0.0, 0.0, 0.0, 0.0, 0.0], "NITI2": [0.0, 0.0, 0.0, 0.0, 0.0, 0.0, 0.0, 0.0, 0.0, 0.0, 0.0, 0.0, 0.0, 0.0, 0.0, 0.0, 0.0, 0.0, 0.0, 0.0, 0.0, 0.0, 0.0, 0.0, 0.0, 0.0, 0.0, 0.0, 0.0, 0.0, 0.0, 0.0, 0.0, 0.0]}, "converged": true, "method": "equilibrium"}