{"x_liquid": {"NI": [0.024564196143706613, 0.02456419614370661, 0.02456419614370661, 0.02456419614370661, 0.02456419614370661, 0.02456419614370661, 0.02456419614370661, 0.024564196143706613, 0.02456419614370661, 0.02456419614370661, 0.02530117978655966, 0.029209213766369403, 0.03325318835570913, 0.037454189046998314, 0.041835772599962996, 0.046424330895181914, 0.05124908655784769, 0.05634176635433282, 0.0617357035676644, 0.06746426386471083, 0.0735584943173716, 0.08004404242740441, NaN], "TI": [0.9295430318446938, 0.9295430318446937, 0.9295430318446937, 0.9295430318446937, 0.9295430318446937, 0.9295430318446937, 0.9295430318446937, 0.9295430318446938, 0.9295430318446937, 0.9295430318446937, 0.9278860101890626, 0.9194531693017366, 0.9113155419782131, 0.9034432902588676, 0.8958109384430755, 0.8883962580571669, 0.8811797597984782, 0.8741438701875185, 0.8672723278624355, 0.8605495452275297, 0.853960006351721, 0.847487769223222, NaN]}, "fraction_solid": [0.0, 0.0, 0.0, 0.0, 0.0, 0.0, 0.0, 0.0, 0.0, 0.0, 0.03575498572344056, 0.19801454223014833, 0.33012026336960787, 0.44124237732900023, 0.5372316416659402, 0.6219857992101335, 0.6981778343628361, 0.767676976811262, 0.8317974372531942, 0.8914545642646415, 0.9472679304596022, 0.9996346739229423, 1.0], "temperatures": [2000.0, 1980.0, 1960.0, 1940.0, 1920.0, 1900.0, 1880.0, 1860.0, 1840.0, 1820.0, 1800.0, 1780.0, 1760.0, 1740.0, 1720.0, 1700.0, 1680.0, 1660.0, 1640.0, 1620.0, 1600.0, 1580.0, 1579.84375], "phase_amounts": {"A1": [0.0, 0.0, 0.0, 0.0, 0.0, 0.0, 0.0, 0.0, 0.0, 0.0, 0.0, 0.0, 0.0, 0.0, 0.0, 0.0, 0.0, 0.0, 0.0, 0.0, 0.0, 0.0, 0.0], "A2": [0.0, 0.0, 0.0, 0.0, 0.0, 0.0, 0.0, 0.0, 0.0, 0.0, 0.03575498572344056, 0.16225955650670776, 0.13210572113945954, 0.11112211395939237, 0.09598926433693994, 0.08475415754419335, 0.07619203515270256, 0.06949914244842592, 0.0641204604419322, 0.05965712701144732, 0.05581336619496069, 0.052366743463340026, 0.0003653260770577482], "A3": [0.0, 0.0, 0.0, 0.0, 0.0, 0.0, 0.0, 0.0, 0.0, 0.0, 0.0, 0.0, 0.0, 0.0, 0.0, 0.0, 0.0, 0.0, 0.0, 0.0, 0.0, 0.0, 0.0], "BCC2": [0.0, 0.0, 0.0, 0.0, 0.0, 0.0, 0.0, 0.0, 0.0, 0.0, 0.0, 0.0, 0.0, 0.0, 0.0, 0.0, 0.0, 0.0, 0.0, 0.0, 0.0, 0.0, 0.0], "C14": [0.0, 0.0, 0.0, 0.0, 0.0, 0.0, 0.0, 0.0, 0.0, 0.0, 0.0, 0.0, 0.0, 0.0, 0.0, 0.0, 0.0, 0.0, 0.0, 0.0, 0.0, 0.0, 0.0], "FCC4": [0.0, 0.0, 0.0, 0.0, 0.0, 0.0, 0.0, 0.0, 0.0, 0.0, 0.0, 0.0, 0.0, 0.0, 0.0, 0.0, 0.0, 0.0, 0.0, 0.0, 0.0, 0.0, 0.0], "NI3TI": [0.0, 0.0, 0.0, 0.0, 0.0, 0.0, 0.0, 0.0, 0.0, 0.0, 0.0, 0.0, 0.0, 0.0, 0.0, 0.0, 0.0, 0.0, 0.0, 0.0, 0.0, 0.0, 0.0], "NITI2": [0.0, 0.0, 0.0, 0.0, 0.0, 0.0, 0.0, 0.0, 0.0, 0.0, 0.0, 0.0, 0.0, 0.0, 0.0, 0.0, 0.0, 0.0, 0.0, 0.0, 0.0, 0.0, 0.0]}, "converged": true, "method": "equilibrium"}