{"x_liquid": {"NI": [0.06217873552858659, 0.06217873552858659, 0.06217873552858659, 0.06217873552858659, 0.06217873552858658, 0.06217873552858658, 0.06217873552858659, 0.06217873552858658, 0.06217873552858659, 0.06217873552858658, 0.0621787355285866, 0.0621787355285866, 0.0621787355285866, 0.0621787355285866, 0.0621787355285866, 0.06217873552858659, 0.0621787355285866, 0.0621787355285866, 0.0621787355285866, 0.062178735528586604, 0.06217873552858658, 0.0621787355285866, 0.0621787355285866, 0.0621787355285866, 0.0635616398866451, 0.06735008692029837, 0.07145870581583712, 0.07597146362305271, 0.08098837623253995, 0.08662348692057997, 0.09299781650655868, 0.10022500922953685, 0.10838923935667655, 0.11751941880641543, 0.12756904997486293, 0.13841215542438923, 0.1502118147180211, NaN], "TI": [0.8216540381193287, 0.8216540381193287, 0.8216540381193287, 0.8216540381193287, 0.8216540381193286, 0.8216540381193285, 0.8216540381193287, 0.8216540381193286, 0.8216540381193287, 0.8216540381193285, 0.8216540381193287, 0.8216540381193287, 0.8216540381193287, 0.8216540381193287, 0.8216540381193287, 0.8216540381193287, 0.8216540381193287, 0.8216540381193287, 0.8216540381193287, 0.8216540381193288, 0.8216540381193286, 0.8216540381193287, 0.8216540381193287, 0.8216540381193287, 0.8189839614742107, 0.8120563712751764, 0.805176313939713, 0.7983441111098835, 0.7915650030859523, 0.7848498687698513, 0.7782151282091156, 0.7716811474470257, 0.7652687744413998, 0.7589946746178794, 0.752867521811636, 0.7468874672414165, 0.7411541630866236, NaN]}, "fraction_solid": [0.0, 0.0, 0.0, 0.0, 0.0, 0.0, 0.0, 0.0, 0.0, 0.0, 0.0, 0.0, 0.0, 0.0, 0.0, 0.0, 0.0, 0.0, 0.0, 0.0, 0.0, 0.0, 0.0, 0.0, 0.03304673827576811, 0.11818758984895741, 0.20235022234933128, 0.2859798553930282, 0.36924160146237955, 0.45194659971251727, 0.5334804270301011, 0.612774919087799, 0.6883793911768887, 0.7586703634333375, 0.8221714915356721, 0.8778693720036252, 0.9369524611911711, 1.0000000000000002], "temperatures": [2000.0, 1980.0, 1960.0, 1940.0, 1920.0, 1900.0, 1880.0, 1860.0, 1840.0, 1820.0, 1800.0, 1780.0, 1760.0, 1740.0, 1720.0, 1700.0, 1680.0, 1660.0, 1640.0, 1620.0, 1600.0, 1580.0, 1560.0, 1540.0, 1520.0, 1500.0, 1480.0, 1460.0, 1440.0, 1420.0, 1400.0, 1380.0, 1360.0, 1340.0, 1320.0, 1300.0, 1280.0, 1278.75], "phase_amounts": {"A1": [0.0, 0.0, 0.0, 0.0, 0.0, 0.0, 0.0, 0.0, 0.0, 0.0, 0.0, 0.0, 0.0, 0.0, 0.0, 0.0, 0.0, 0.0, 0.0, 0.0, 0.0, 0.0, 0.0, 0.0, 0.0, 0.0, 0.0, 0.0, 0.0, 0.0, 0.0, 0.0, 0.0, 0.0, 0.0, 0.0, 0.0, 0.0], "A2": [0.0, 0.0, 0.0, 0.0, 0.0, 0.0, 0.0, 0.0, 0.0, 0.0, 0.0, 0.0, 0.0, 0.0, 0.0, 0.0, 0.0, 0.0, 0.0, 0.0, 0.0, 0.0, 0.0, 0.0, 0.03304673827576811, 0.0851408515731893, 0.08416263250037387, 0.08362963304369694, 0.08326174606935133, 0.08270499825013772, 0.08153382731758385, 0.0792944920576979, 0.07560447208908971, 0.07029097225644876, 0.06350112810233466, 0.0556978804679531, 0.051154283058633565, 0.02125138717407249], "A3": [0.0, 0.0, 0.0, 0.0, 0.0, 0.0, 0.0, 0.0, 0.0, 0.0, 0.0, 0.0, 0.0, 0.0, 0.0, 0.0, 0.0, 0.0, 0.0, 0.0, 0.0, 0.0, 0.0, 0.0, 0.0, 0.0, 0.0, 0.0, 0.0, 0.0, 0.0, 0.0, 0.0, 0.0, 0.0, 0.0, 0.0, 0.0], "BCC2": [0.0, 0.0, 0.0, 0.0, 0.0, 0.0, 0.0, 0.0, 0.0, 0.0, 0.0, 0.0, 0.0, 0.0, 0.0, 0.0, 0.0, 0.0, 0.0, 0.0, 0.0, 0.0, 0.0, 0.0, 0.0, 0.0, 0.0, 0.0, 0.0, 0.0, 0.0, 0.0, 0.0, 0.0, 0.0, 0.0, 0.0, 0.0], "C14": [0.0, 0.0, 0.0, 0.0, 0.0, 0.0, 0.0, 0.0, 0.0, 0.0, 0.0, 0.0, 0.0, 0.0, 0.0, 0.0, 0.0, 0.0, 0.0, 0.0, 0.0, 0.0, 0.0, 0.0, 0.0, 0.0, 0.0, 0.0, 0.0, 0.0, 0.0, 0.0, 0.0, 0.0, 0.0, 0.0, 0.0, 0.0], "FCC4": [0.0, 0.0, 0.0, 0.0, 0.0, 0.0, 0.0, 0.0, 0.0, 0.0, 0.0, 0.0, 0.0, 0.0, 0.0, 0.0, 0.0, 0.0, 0.0, 0.0, 0.0, 0.0, 0.0, 0.0, 0.0, 0.0, 0.0, 0.0, 0.0, 0.0, 0.0, 0.0, 0.0, 0.0, 0.0, 0.0, 0.0, 0.0], "NI3TI": [0.0, 0.0, 0.0, 0.0, 0.0, 0.0, 0.0, 0.0, 0.0, 0.0, 0.0, 0.0, 0.0, 0.0, 0.0, 0.0, 0.0, 0.0, 0.0, 0.0, 0.0, 0.0, 0.0, 0.0, 0.0, 0.0, 0.0, 0.0, 0.0, 0.0, 0.0, 0.0, 0.0, 0.0, 0.0, 0.0, 0.0, 0.0], "NITI2": [0.0, 0.0, 0.0, 0.0, 0.0, 0.0, 0.0, 0.0, 0.0, 0.0, 0.0, 0.0, 0.0, 0.0, 0.0, 0.0, 0.0, 0.0, 0.0, 0.0, 0.0, 0.0, 0.0, 0.0, 0.0, 0.0, 0.0, 0.0, 0.0, 0.0, 0.0, 0.0, 0.0, 0.0, 0.0, 0.0, 0.007928806128912343, 0.04179615163475652]}, "converged": true, "method": "equilibrium"}