{"x_liquid": {"NI": [0.049475121971409984, 0.04947512197140999, 0.04947512197140999, 0.04947512197140999, 0.04947512197140999, 0.04947512197140998, 0.04947512197140998, 0.04947512197140999, 0.04947512197140999, 0.04947512197140999, 0.04947512197140999, 0.049475121971409984, 0.04947512197140998, 0.049475121971409984, 0.04947512197140999, 0.04947512197140999, 0.049475121971409984, 0.04947512197140999, 0.049475121971409984, 0.050687352461795, 0.05422727888256781, 0.05794285356897312, 0.06187818211093402, 0.06608659057203686, 0.07063162891200339, 0.07558723697977067, 0.08103622729248529, 0.08706593683261914, 0.093759891648131, 0.1011850819324206, 0.10937634406354964, 0.11832197381568803, 0.12795628802024775, NaN], "TI": [0.8580915462152172, 0.8580915462152172, 0.8580915462152172, 0.8580915462152172, 0.8580915462152172, 0.8580915462152171, 0.8580915462152171, 0.8580915462152172, 0.8580915462152172, 0.8580915462152172, 0.8580915462152172, 0.8580915462152172, 0.8580915462152171, 0.8580915462152172, 0.8580915462152172, 0.8580915462152172, 0.8580915462152172, 0.8580915462152172, 0.8580915462152172, 0.8555513827824646, 0.848418142264297, 0.8413914955662865, 0.8344635102913903, 0.8276282723366859, 0.8208821233203322, 0.8142238511492728, 0.8076546931910306, 0.8011779545451658, 0.79479804621089, 0.7885189036423421, 0.7823421184661581, 0.7762655801666182, 0.7702835789093044, NaN]}, "fraction_solid": [0.0, 0.0, 0.0, 0.0, 0.0, 0.0, 0.0, 0.0, 0.0, 0.0, 0.0, 0.0, 0.0, 0.0, 0.0, 0.0, 0.0, 0.0, 0.0, 0.03365549828789745, 0.12524032157944878, 0.2120441388873204, 0.2951651311798475, 0.37543894895302515, 0.4534561615440543, 0.5295588309565924, 0.6038234522859685, 0.6760418621441401, 0.7457184901006091, 0.8121075674301754, 0.8743096253392633, 0.9314252994223484, 0.9827306111399509, 1.0], "temperatures": [2000.0, 1980.0, 1960.0, 1940.0, 1920.0, 1900.0, 1880.0, 1860.0, 1840.0, 1820.0, 1800.0, 1780.0, 1760.0, 1740.0, 1720.0, 1700.0, 1680.0, 1660.0, 1640.0, 1620.0, 1600.0, 1580.0, 1560.0, 1540.0, 1520.0, 1500.0, 1480.0, 1460.0, 1440.0, 1420.0, 1400.0, 1380.0, 1360.0, 1352.65625], "phase_amounts": {"A1": [0.0, 0.0, 0.0, 0.0, 0.0, 0.0, 0.0, 0.0, 0.0, 0.0, 0.0, 0.0, 0.0, 0.0, 0.0, 0.0, 0.0, 0.0, 0.0, 0.0, 0.0, 0.0, 0.0, 0.0, 0.0, 0.0, 0.0, 0.0, 0.0, 0.0, 0.0, 0.0, 0.0, 0.0], "A2": [0.0, 0.0, 0.0, 0.0, 0.0, 0.0, 0.0, 0.0, 0.0, 0.0, 0.0, 0.0, 0.0, 0.0, 0.0, 0.0, 0.0, 0.0, 0.0, 0.03365549828789745, 0.09158482329155133, 0.08680381730787162, 0.08312099229252709, 0.08027381777317766, 0.07801721259102917, 0.07610266941253807, 0.07426462132937606, 0.07221840985817163, 0.069676627956469, 0.06638907732956634, 0.06220205790908784, 0.057115674083085155, 0.05130531171760244, 0.01726938886004914], "A3": [0.0, 0.0, 0.0, 0.0, 0.0, 0.0, 0.0, 0.0, 0.0, 0.0, 0.0, 0.0, 0.0, 0.0, 0.0, 0.0, 0.0, 0.0, 0.0, 0.0, 0.0, 0.0, 0.0, 0.0, 0.0, 0.0, 0.0, 0.0, 0.0, 0.0, 0.0, 0.0, 0.0, 0.0], "BCC2": [0.0, 0.0, 0.0, 0.0, 0.0, 0.0, 0.0, 0.0, 0.0, 0.0, 0.0, 0.0, 0.0, 0.0, 0.0, 0.0, 0.0, 0.0, 0.0, 0.0, 0.0, 0.0, 0.0, 0.0, 0.0, 0.0, 0.0, 0.0, 0.0, 0.0, 0.0, 0.0, 0.0, 0.0], "C14": [0.0, 0.0, 0.0, 0.0, 0.0, 0.0, 0.0, 0.0, 0.0, 0.0, 0.0, 0.0, 0.0, 0.0, 0.0, 0.0, 0.0, 0.0, 0.0, 0.0, 0.0, 0.0, 0.0, 0.0, 0.0, 0.0, 0.0, 0.0, 0.0, 0.0, 0.0, 0.0, 0.0, 0.0], "FCC4": [0.0, 0.0, 0.0, 0.0, 0.0, 0.0, 0.0, 0.0, 0.0, 0.0, 0.0, 0.0, 0.0, 0.0, 0.0, 0.0, 0.0, 0.0, 0.0, 0.0, 0.0, 0.0, 0.0, 0.0, 0.0, 0.0, 0.0, 0.0, 0.0, 0.0, 0.0, 0.0, 0.0, 0.0], "NI3TI": [0.0, 0.0, 0.0, 0.0, 0.0, 0.0, 0.0, 0.0, 0.0, 0.0, 0.0, 0.0, 0.0, 0.0, 0.0, 0.0, 0.0, 0.0, 0.0, 0.0, 0.0, 0.0, 0.0, 0.0, 0.0, 0.0, 0.0, 0.0, 0.0, 0.0, 0.0, 0.0, 0.0, 0.0], "NITI2": [0.0, 0.0, 0.0, 0.0, 0.0, 0.0, 0.0, 0.0, 0.0, 0.0, 0.0, 0.0, 0.0, 0.0, 0.0, 0.0, 0.0, 0.0, 0.0, 0.0, 0.0, 0.0, 0.0, 0.0, 0.0, 0.0, 0.0, 0.0, 0.0, 0.0, 0.0, 0.0, 0.0, 0.0]}, "converged": true, "method": "equilibrium"}