{"x_liquid": {"NI": [0.05026428028320319, 0.05026428028320319, 0.050264280283203185, 0.050264280283203185, 0.056015484169848716, 0.05780044574891709, 0.05960445667272905, 0.0614292461649762, 0.06327666816466743, 0.06514871087143197, 0.06704750704676808, 0.06897534507861464, 0.07093468080615739, 0.07292815008442315, 0.07495858204465143, 0.07702901297595646, 0.07914270071242217, 0.08130313935730285, 0.08351407410998785, 0.08577951587767715, 0.08810375525124578, 0.09049137530047464, 0.09294726249372363, 0.09547661487186321, 0.09808494640212885, 0.10077808620690581, 0.1035621711094155, 0.10644362966667921, 0.10942915558667614, 0.11252566816216643, 0.11574025713138407, 0.11908010922110382, 0.12255241358655587, 0.1261642434870238, 0.12992694629713736, 0.1502118147180048, 0.1705933900910526, 0.1891602222895732, 0.20602266215340773, 0.2213488078482647, 0.22134887620495108, 0.2330839863678179, 0.23308389631774237, 0.233084069456375, 0.24074071093992339, 0.2407405656568944, 0.24074075823920538, 0.24584122227705224, NaN], "TI": [0.8564149431185173, 0.8564149431185173, 0.8564149431185173, 0.8564149431185173, 0.8448788789059619, 0.8413505566093434, 0.8378375617911614, 0.8343381736225873, 0.830850692057564, 0.827373435142838, 0.8239047370419138, 0.8204429468023507, 0.8169864279072215, 0.8135335586664999, 0.8100827335189422, 0.80663236532845, 0.8031808887746131, 0.7997267649515966, 0.7962684873025782, 0.7928045890305045, 0.7893336521362176, 0.7858543182415544, 0.782365301358481, 0.7788654027600312, 0.7753535280971158, 0.7718287068825731, 0.7682901144272507, 0.7647370962648072, 0.7611691950344497, 0.7575861797123824, 0.7539880769836796, 0.7503752044384728, 0.7467482051576164, 0.7431080831265584, 0.739451936397063, 0.7411541630866177, 0.7427775269392931, 0.7438951941127532, 0.7446564638384097, 0.7451539690924324, 0.7451539721688272, 0.7454046950222463, 0.7454048094519881, 0.745404690500424, 0.7455001103271173, 0.7455002811763851, 0.7455000957470564, 0.7455300548500083, NaN]}, "fraction_solid": [0.0, 0.0, 0.0, 0.0, 0.1478563257270221, 0.18604117381505714, 0.22205744701900942, 0.25609305043991176, 0.28831498066098665, 0.3188720695942745, 0.3478973007514253, 0.3755097723948256, 0.4018163675841277, 0.42691317974598514, 0.45088673339253293, 0.4738150324705479, 0.49576846310616235, 0.5168105729399265, 0.5369987455837639, 0.5563847857785036, 0.5750154284680337, 0.5929327831181744, 0.6101747230975093, 0.6267752287561502, 0.6427646919044759, 0.658170188671658, 0.6730157271689805, 0.6873224759307518, 0.7011089787394229, 0.7143913610727058, 0.7271835330320845, 0.7394973931288495, 0.7513430366900611, 0.7627289718616634, 0.7736751932860624, 0.9068391069269424, 0.9620055961821081, 0.983905088618655, 0.9935011562906569, 0.9978537924611599, 0.997853800534066, 0.9993716256780867, 0.9993716265926419, 0.9993716293692101, 0.9998009192486996, 0.9998009196809062, 0.9998009199475394, 0.9999386441903632, 1.0], "temperatures": [1620, 1620, 1610.0, 1600.0, 1590.0, 1580.0, 1570.0, 1560.0, 1550.0, 1540.0, 1530.0, 1520.0, 1510.0, 1500.0, 1490.0, 1480.0, 1470.0, 1460.0, 1450.0, 1440.0, 1430.0, 1420.0, 1410.0, 1400.0, 1390.0, 1380.0, 1370.0, 1360.0, 1350.0, 1340.0, 1330.0, 1320.0, 1310.0, 1300.0, 1290.0, 1280.0, 1270.0, 1260.0, 1250.0, 1240.0, 1240.0, 1231.6666666666667, 1231.6666666666667, 1231.6666666666667, 1225.8796296296298, 1225.8796296296298, 1225.8796296296298, 1221.8608539094653, 1221.8608539094653], "phase_amounts": {"A1": [0.0, 0.0, 0.0, 0.0, 0.0, 0.0, 0.0, 0.0, 0.0, 0.0, 0.0, 0.0, 0.0, 0.0, 0.0, 0.0, 0.0, 0.0, 0.0, 0.0, 0.0, 0.0, 0.0, 0.0, 0.0, 0.0, 0.0, 0.0, 0.0, 0.0, 0.0, 0.0, 0.0, 0.0, 0.0, 0.0, 0.0, 0.0, 0.0, 0.0, 0.0, 0.0, 0.0, 0.0, 0.0, 0.0, 0.0, 0.0, 0.0], "A2": [0.0, 0.0, 0.0, 0.0, 0.1478563257270221, 0.03818484808803504, 0.0360162732039523, 0.03403560342090235, 0.032221930221074904, 0.030557088933287832, 0.029025231157150787, 0.02761247164340032, 0.02630659518930213, 0.02509681216185745, 0.023973553646547806, 0.022928299078014972, 0.02195343063561444, 0.021042109833764183, 0.020188172643837467, 0.019386040194739714, 0.018630642689530064, 0.017917354650140778, 0.017241939979334844, 0.016600505658640956, 0.015989463148325757, 0.015405496767182083, 0.01484553849732252, 0.014306748761771314, 0.01378650280867115, 0.013282382333282947, 0.012792171959378705, 0.012313860096765054, 0.011845643561211568, 0.011385935171602345, 0.010946221424398989, 0.07204908164937453, 0.028608068682700397, 0.010844359166440845, 0.004600411501248913, 0.0020690835113073938, 3.073487760787791e-09, 0.0007090724461959252, 0.0, 1.3837056888731236e-09, 0.00019332971344924478, 0.0, 2.666331091433519e-10, 6.120499903003426e-05, 1.8863177012940335e-05], "A3": [0.0, 0.0, 0.0, 0.0, 0.0, 0.0, 0.0, 0.0, 0.0, 0.0, 0.0, 0.0, 0.0, 0.0, 0.0, 0.0, 0.0, 0.0, 0.0, 0.0, 0.0, 0.0, 0.0, 0.0, 0.0, 0.0, 0.0, 0.0, 0.0, 0.0, 0.0, 0.0, 0.0, 0.0, 0.0, 0.0, 0.0, 0.0, 0.0, 0.0, 0.0, 0.0, 0.0, 0.0, 0.0, 0.0, 0.0, 0.0, 0.0], "BCC2": [0.0, 0.0, 0.0, 0.0, 0.0, 0.0, 0.0, 0.0, 0.0, 0.0, 0.0, 0.0, 0.0, 0.0, 0.0, 0.0, 0.0, 0.0, 0.0, 0.0, 0.0, 0.0, 0.0, 0.0, 0.0, 0.0, 0.0, 0.0, 0.0, 0.0, 0.0, 0.0, 0.0, 0.0, 0.0, 0.0, 0.0, 0.0, 0.0, 0.0, 0.0, 0.0, 0.0, 0.0, 0.0, 0.0, 0.0, 0.0, 0.0], "C14": [0.0, 0.0, 0.0, 0.0, 0.0, 0.0, 0.0, 0.0, 0.0, 0.0, 0.0, 0.0, 0.0, 0.0, 0.0, 0.0, 0.0, 0.0, 0.0, 0.0, 0.0, 0.0, 0.0, 0.0, 0.0, 0.0, 0.0, 0.0, 0.0, 0.0, 0.0, 0.0, 0.0, 0.0, 0.0, 0.0, 0.0, 0.0, 0.0, 0.0, 0.0, 0.0, 0.0, 0.0, 0.0, 0.0, 0.0, 0.0, 0.0], "FCC4": [0.0, 0.0, 0.0, 0.0, 0.0, 0.0, 0.0, 0.0, 0.0, 0.0, 0.0, 0.0, 0.0, 0.0, 0.0, 0.0, 0.0, 0.0, 0.0, 0.0, 0.0, 0.0, 0.0, 0.0, 0.0, 0.0, 0.0, 0.0, 0.0, 0.0, 0.0, 0.0, 0.0, 0.0, 0.0, 0.0, 0.0, 0.0, 0.0, 0.0, 0.0, 0.0, 0.0, 0.0, 0.0, 0.0, 0.0, 0.0, 0.0], "NI3TI": [0.0, 0.0, 0.0, 0.0, 0.0, 0.0, 0.0, 0.0, 0.0, 0.0, 0.0, 0.0, 0.0, 0.0, 0.0, 0.0, 0.0, 0.0, 0.0, 0.0, 0.0, 0.0, 0.0, 0.0, 0.0, 0.0, 0.0, 0.0, 0.0, 0.0, 0.0, 0.0, 0.0, 0.0, 0.0, 0.0, 0.0, 0.0, 0.0, 0.0, 0.0, 0.0, 0.0, 0.0, 0.0, 0.0, 0.0, 0.0, 0.0], "NITI2": [0.0, 0.0, 0.0, 0.0, 0.0, 0.0, 0.0, 0.0, 0.0, 0.0, 0.0, 0.0, 0.0, 0.0, 0.0, 0.0, 0.0, 0.0, 0.0, 0.0, 0.0, 0.0, 0.0, 0.0, 0.0, 0.0, 0.0, 0.0, 0.0, 0.0, 0.0, 0.0, 0.0, 0.0, 0.0, 0.06111483199150543, 0.026558420572465373, 0.011055133270105976, 0.004995656170752985, 0.002283552659195594, 4.9994183629552225e-09, 0.0008087526978248202, 9.145552512692361e-10, 1.392862478975288e-09, 0.00023596016604030665, 4.3220658767297996e-10, 0.0, 7.651924379370814e-05, 3.4051846501201244e-05]}, "converged": true, "method": "scheil"}