{"x_liquid": {"NI": [0.14528346727473226, 0.1452834672747323, 0.14528346727473232, 0.1452834672746877, 0.14528346727468772, 0.14528346727468772, 0.14528346727468772, 0.14528346727468772, 0.14528346727468772, 0.14647531799807306, 0.1469799031555492, 0.14725271470175816, 0.14735252193538217, 0.14731944348319617, 0.14718200603091972, 0.14696115695331102, 0.1466726850235863, 0.1463287519593596, 0.1459389000234926, 0.1455107370019558, 0.1450504150935217, 0.1445629740141476, 0.1440525922682171, 0.1435227749454089, 0.14297649687911998, 0.14241631403912033, 0.14184445223578873, 0.14126287979953447, 0.1406733694274531, 0.14007755364584068, 0.13927097704017877, 0.13712192538988868, 0.134525681992811, 0.13169772652865655, 0.12873899435754854, 0.15373684975756924, 0.1678726459261536, 0.18112705180946637, 0.19352973949518038, 0.20512787278396813, 0.21597973746186974, 0.2261488780394514, 0.23569938794104078, 0.23569929505660703, 0.23569946513122242, 0.24200023184121874, 0.24200008550116103, 0.24705944294531892, NaN], "TI": [0.5752669562910687, 0.5752669562910687, 0.5752669562910687, 0.5752669562910965, 0.5752669562910966, 0.5752669562910966, 0.5752669562910967, 0.5752669562910967, 0.5752669562910967, 0.5901474238108435, 0.5995258482051911, 0.6081576239306525, 0.6161819651292071, 0.6236995550391954, 0.6307860584352172, 0.6375000814921636, 0.6438881391812488, 0.6499879014988467, 0.6558303965670919, 0.6614415537348769, 0.6668433137642376, 0.6720544462328158, 0.6770911636633196, 0.6819675913044575, 0.6866961324065103, 0.6912877566028416, 0.6957522309951197, 0.7000983082098495, 0.704333882146136, 0.7084661198424816, 0.717166642171952, 0.7278479093219683, 0.7372503968406908, 0.7457484583617584, 0.7535726148706317, 0.741468180773602, 0.742586480782933, 0.7434498587916545, 0.744114447737717, 0.7446217303714971, 0.7450008106873365, 0.7452708994093632, 0.7454437386017633, 0.7454438532569924, 0.7454437338359694, 0.7455101270101963, 0.7455102966935755, 0.7455329107570045, NaN]}, "fraction_solid": [0.0, 0.0, 0.0, 0.0, 0.0, 0.0, 0.0, 0.0, 0.0, 0.17273627293135543, 0.25559119337282143, 0.31951724081656496, 0.37060601311620767, 0.4125482299838912, 0.4477202670981909, 0.4777266765107747, 0.5036930347181715, 0.5264340982703057, 0.5465553418139573, 0.5645168876479525, 0.5806752041138907, 0.5953111401901399, 0.6086492761964356, 0.6208715931238936, 0.6321273297456512, 0.6425402246181164, 0.6522139296350782, 0.6612361247065062, 0.6696816988623822, 0.677615256960984, 0.7330985027110427, 0.7796879601997392, 0.8090462606360542, 0.8295797152213917, 0.8449360441544091, 0.9159218590735394, 0.9525451162738701, 0.9725409787577695, 0.9840616670092152, 0.9909511608086761, 0.9951567642582648, 0.9977207007781701, 0.9992186781423039, 0.9992186792811707, 0.999218682867863, 0.9997092773305967, 0.9997092779574099, 0.9999311822513776, 1.0], "temperatures": [1600, 1600, 1590.0, 1580.0, 1570.0, 1560.0, 1550.0, 1540.0, 1530.0, 1520.0, 1510.0, 1500.0, 1490.0, 1480.0, 1470.0, 1460.0, 1450.0, 1440.0, 1430.0, 1420.0, 1410.0, 1400.0, 1390.0, 1380.0, 1370.0, 1360.0, 1350.0, 1340.0, 1330.0, 1320.0, 1310.0, 1300.0, 1290.0, 1280.0, 1270.0, 1278.3333333333333, 1271.388888888889, 1264.4444444444446, 1257.5000000000002, 1250.5555555555559, 1243.6111111111115, 1236.6666666666672, 1229.7222222222229, 1229.7222222222229, 1229.7222222222229, 1224.8996913580254, 1224.8996913580254, 1220.8809156378609, 1220.8809156378609], "phase_amounts": {"A1": [0.0, 0.0, 0.0, 0.0, 0.0, 0.0, 0.0, 0.0, 0.0, 0.0, 0.0, 0.0, 0.0, 0.0, 0.0, 0.0, 0.0, 0.0, 0.0, 0.0, 0.0, 0.0, 0.0, 0.0, 0.0, 0.0, 0.0, 0.0, 0.0, 0.0, 0.0, 0.0, 0.0, 0.0, 0.0, 0.0, 0.0, 0.0, 0.0, 0.0, 0.0, 0.0, 0.0, 0.0, 0.0, 0.0, 0.0, 0.0, 0.0], "A2": [0.0, 0.0, 0.0, 0.0, 0.0, 0.0, 0.0, 0.0, 0.0, 0.0, 0.0, 0.0, 0.0, 0.0, 0.0, 0.0, 0.0, 0.0, 0.0, 0.0, 0.0, 0.0, 0.0, 0.0, 0.0, 0.0, 0.0, 0.0, 0.0, 0.0, 0.0, 0.0, 0.0, 0.0, 0.0, 0.04858743323908583, 0.017929141351415195, 0.009487134924257037, 0.005315717703512496, 0.0031052314905034247, 0.00186423056976118, 0.0011315591015564417, 0.0006775576964746902, 0.0, 1.7575457436353397e-09, 0.00021460583083447423, 0.0, 0.00010179266999512671, 2.409566991523025e-05], "A3": [0.0, 0.0, 0.0, 0.0, 0.0, 0.0, 0.0, 0.0, 0.0, 0.0, 0.0, 0.0, 0.0, 0.0, 0.0, 0.0, 0.0, 0.0, 0.0, 0.0, 0.0, 0.0, 0.0, 0.0, 0.0, 0.0, 0.0, 0.0, 0.0, 0.0, 0.0, 0.0, 0.0, 0.0, 0.0, 0.0, 0.0, 0.0, 0.0, 0.0, 0.0, 0.0, 0.0, 0.0, 0.0, 0.0, 0.0, 0.0, 0.0], "BCC2": [0.0, 0.0, 0.0, 0.0, 0.0, 0.0, 0.0, 0.0, 0.0, 0.17273627293135543, 0.08285492044146599, 0.06392604744374354, 0.051088772299642676, 0.04194221686768353, 0.035172037114299746, 0.030006409412583788, 0.025966358207396796, 0.022741063552134264, 0.020121243543651576, 0.01796154583399525, 0.016158316465938256, 0.014635936076249115, 0.013338136006295763, 0.012222316927458008, 0.011255736621757575, 0.010412894872465238, 0.009673705016961784, 0.009022195071428, 0.008445574155876032, 0.007933558098601879, 0.0, 0.0, 0.0, 0.0, 0.0, 0.0, 0.0, 0.0, 0.0, 0.0, 0.0, 0.0, 0.0, 0.0, 0.0, 0.0, 0.0, 0.0, 0.0], "C14": [0.0, 0.0, 0.0, 0.0, 0.0, 0.0, 0.0, 0.0, 0.0, 0.0, 0.0, 0.0, 0.0, 0.0, 0.0, 0.0, 0.0, 0.0, 0.0, 0.0, 0.0, 0.0, 0.0, 0.0, 0.0, 0.0, 0.0, 0.0, 0.0, 0.0, 0.0, 0.0, 0.0, 0.0, 0.0, 0.0, 0.0, 0.0, 0.0, 0.0, 0.0, 0.0, 0.0, 0.0, 0.0, 0.0, 0.0, 0.0, 0.0], "FCC4": [0.0, 0.0, 0.0, 0.0, 0.0, 0.0, 0.0, 0.0, 0.0, 0.0, 0.0, 0.0, 0.0, 0.0, 0.0, 0.0, 0.0, 0.0, 0.0, 0.0, 0.0, 0.0, 0.0, 0.0, 0.0, 0.0, 0.0, 0.0, 0.0, 0.0, 0.0, 0.0, 0.0, 0.0, 0.0, 0.0, 0.0, 0.0, 0.0, 0.0, 0.0, 0.0, 0.0, 0.0, 0.0, 0.0, 0.0, 0.0, 0.0], "NI3TI": [0.0, 0.0, 0.0, 0.0, 0.0, 0.0, 0.0, 0.0, 0.0, 0.0, 0.0, 0.0, 0.0, 0.0, 0.0, 0.0, 0.0, 0.0, 0.0, 0.0, 0.0, 0.0, 0.0, 0.0, 0.0, 0.0, 0.0, 0.0, 0.0, 0.0, 0.0, 0.0, 0.0, 0.0, 0.0, 0.0, 0.0, 0.0, 0.0, 0.0, 0.0, 0.0, 0.0, 0.0, 0.0, 0.0, 0.0, 0.0, 0.0], "NITI2": [0.0, 0.0, 0.0, 0.0, 0.0, 0.0, 0.0, 0.0, 0.0, 0.0, 0.0, 0.0, 0.0, 0.0, 0.0, 0.0, 0.0, 0.0, 0.0, 0.0, 0.0, 0.0, 0.0, 0.0, 0.0, 0.0, 0.0, 0.0, 0.0, 0.0, 0.05548324575005873, 0.0465894574886965, 0.02935830043631507, 0.020533454585337486, 0.015356328933017444, 0.02239838168004439, 0.018694115848915505, 0.010508727559642349, 0.006204970547933276, 0.0037842623089574872, 0.0023413728798276205, 0.0014323774183487754, 0.0008204196676590841, 1.1388668291572568e-09, 1.8291464630806636e-09, 0.0002759886318993001, 6.268132378283572e-10, 0.00012011162397254177, 4.375080185597371e-05]}, "converged": true, "method": "scheil"}