{"x_liquid": {"NI": [0.05026428028320319, 0.05026428028320319, 0.0502642802832032, 0.050264280283203205, 0.05601548416984813, 0.05780044574891993, 0.059604456672730545, 0.061429246164975936, 0.06327666816466464, 0.06514871087143137, 0.06704750704676635, 0.06897534507861341, 0.07093468080615785, 0.07292815008442591, 0.07495858204465024, 0.07702901297595476, 0.07914270071242219, 0.08130313935730424, 0.08351407410998815, 0.08577951587767578, 0.0881037552512461, 0.09049137530047613, 0.09294726249372424, 0.09547661487186412, 0.09808494640212709, 0.10077808620690809, 0.10356217110941751, 0.10644362966668214, 0.10942915558667815, 0.11252566816216862, 0.11574025713138614, 0.11908010922110962, 0.1225524135865592, 0.12616424348702535, 0.12992694629713877, 0.15021181471801445, 0.17059339009105323, 0.18916022228957569, 0.20602266215340856, 0.2213488078482684, 0.22134890935830756, 0.23308398636781164, 0.23308389631773568, 0.23308406945637075, 0.24074071093991972, 0.24074056565689075, 0.24074075825021854, 0.24584122227705243, NaN], "TI": [0.8564149431185173, 0.8564149431185173, 0.8564149431185174, 0.8564149431185175, 0.8448788789059632, 0.8413505566093381, 0.8378375617911588, 0.8343381736225882, 0.8308506920575696, 0.8273734351428392, 0.823904737041917, 0.8204429468023529, 0.816986427907221, 0.8135335586664955, 0.8100827335189446, 0.806632365328453, 0.8031808887746134, 0.7997267649515947, 0.7962684873025779, 0.7928045890305071, 0.7893336521362176, 0.7858543182415528, 0.7823653013584807, 0.7788654027600305, 0.7753535280971188, 0.7718287068825709, 0.7682901144272488, 0.7647370962648046, 0.7611691950344481, 0.757586179712381, 0.7539880769836783, 0.7503752044384675, 0.7467482051576139, 0.7431080831265575, 0.7394519363970623, 0.7411541630866165, 0.7427775269392913, 0.7438951941127526, 0.7446564638384102, 0.7451539690924315, 0.745153952607401, 0.7454046950222478, 0.7454048094519904, 0.745404690500425, 0.7455001103271184, 0.7455002811763863, 0.7455000957364499, 0.7455300548500087, NaN]}, "fraction_solid": [0.0, 0.0, 0.0, 0.0, 0.14785632572700752, 0.186041173815115, 0.22205744701903726, 0.25609305043990566, 0.28831498066093764, 0.31887206959426373, 0.34789730075139824, 0.3755097723948075, 0.4018163675841324, 0.42691317974601817, 0.45088673339251795, 0.47381503247052825, 0.49576846310616135, 0.5168105729399386, 0.5369987455837655, 0.5563847857784909, 0.5750154284680352, 0.5929327831181844, 0.6101747230975126, 0.6267752287561554, 0.6427646919044646, 0.6581701886716699, 0.6730157271689903, 0.6873224759307652, 0.7011089787394312, 0.7143913610727141, 0.7271835330320917, 0.7394973931288698, 0.7513430366900716, 0.7627289718616678, 0.7736751932860659, 0.9068391069269806, 0.962005596182104, 0.9839050886186559, 0.993501156290657, 0.9978537924611605, 0.9978538022227372, 0.9993716248717354, 0.9993716257862918, 0.9993716285628635, 0.9998009189932324, 0.9998009194254396, 0.9998009196920883, 0.9999386441116245, 1.0], "temperatures": [1620, 1620, 1610.0, 1600.0, 1590.0, 1580.0, 1570.0, 1560.0, 1550.0, 1540.0, 1530.0, 1520.0, 1510.0, 1500.0, 1490.0, 1480.0, 1470.0, 1460.0, 1450.0, 1440.0, 1430.0, 1420.0, 1410.0, 1400.0, 1390.0, 1380.0, 1370.0, 1360.0, 1350.0, 1340.0, 1330.0, 1320.0, 1310.0, 1300.0, 1290.0, 1280.0, 1270.0, 1260.0, 1250.0, 1240.0, 1240.0, 1231.6666666666667, 1231.6666666666667, 1231.6666666666667, 1225.8796296296298, 1225.8796296296298, 1225.8796296296298, 1221.8608539094653, 1221.8608539094653], "phase_amounts": {"A1": [0.0, 0.0, 0.0, 0.0, 0.0, 0.0, 0.0, 0.0, 0.0, 0.0, 0.0, 0.0, 0.0, 0.0, 0.0, 0.0, 0.0, 0.0, 0.0, 0.0, 0.0, 0.0, 0.0, 0.0, 0.0, 0.0, 0.0, 0.0, 0.0, 0.0, 0.0, 0.0, 0.0, 0.0, 0.0, 0.0, 0.0, 0.0, 0.0, 0.0, 0.0, 0.0, 0.0, 0.0, 0.0, 0.0, 0.0, 0.0, 0.0], "A2": [0.0, 0.0, 0.0, 0.0, 0.14785632572700752, 0.03818484808810749, 0.03601627320392226, 0.034035603420868386, 0.03222193022103199, 0.030557088933326114, 0.029025231157134485, 0.027612471643409242, 0.026306595189324922, 0.02509681216188578, 0.023973553646499807, 0.022928299078010313, 0.021953430635633122, 0.021042109833777214, 0.020188172643826933, 0.019386040194725493, 0.018630642689544247, 0.01791735465014917, 0.017241939979328172, 0.016600505658642788, 0.01598946314830922, 0.015405496767205297, 0.014845538497320437, 0.01430674876177499, 0.013786502808666041, 0.01328238233328282, 0.01279217195937768, 0.012313860096778066, 0.011845643561201878, 0.011385935171596168, 0.010946221424398193, 0.07204908164939813, 0.028608068682675382, 0.010844359166443366, 0.004600411501248438, 0.0020690835113077047, 3.929242643808135e-09, 0.0007090708329378169, 0.0, 1.3837074885456953e-09, 0.0001933299615364884, 0.0, 2.666487042952068e-10, 6.120507754911477e-05, 1.88632012151809e-05], "A3": [0.0, 0.0, 0.0, 0.0, 0.0, 0.0, 0.0, 0.0, 0.0, 0.0, 0.0, 0.0, 0.0, 0.0, 0.0, 0.0, 0.0, 0.0, 0.0, 0.0, 0.0, 0.0, 0.0, 0.0, 0.0, 0.0, 0.0, 0.0, 0.0, 0.0, 0.0, 0.0, 0.0, 0.0, 0.0, 0.0, 0.0, 0.0, 0.0, 0.0, 0.0, 0.0, 0.0, 0.0, 0.0, 0.0, 0.0, 0.0, 0.0], "BCC2": [0.0, 0.0, 0.0, 0.0, 0.0, 0.0, 0.0, 0.0, 0.0, 0.0, 0.0, 0.0, 0.0, 0.0, 0.0, 0.0, 0.0, 0.0, 0.0, 0.0, 0.0, 0.0, 0.0, 0.0, 0.0, 0.0, 0.0, 0.0, 0.0, 0.0, 0.0, 0.0, 0.0, 0.0, 0.0, 0.0, 0.0, 0.0, 0.0, 0.0, 0.0, 0.0, 0.0, 0.0, 0.0, 0.0, 0.0, 0.0, 0.0], "C14": [0.0, 0.0, 0.0, 0.0, 0.0, 0.0, 0.0, 0.0, 0.0, 0.0, 0.0, 0.0, 0.0, 0.0, 0.0, 0.0, 0.0, 0.0, 0.0, 0.0, 0.0, 0.0, 0.0, 0.0, 0.0, 0.0, 0.0, 0.0, 0.0, 0.0, 0.0, 0.0, 0.0, 0.0, 0.0, 0.0, 0.0, 0.0, 0.0, 0.0, 0.0, 0.0, 0.0, 0.0, 0.0, 0.0, 0.0, 0.0, 0.0], "FCC4": [0.0, 0.0, 0.0, 0.0, 0.0, 0.0, 0.0, 0.0, 0.0, 0.0, 0.0, 0.0, 0.0, 0.0, 0.0, 0.0, 0.0, 0.0, 0.0, 0.0, 0.0, 0.0, 0.0, 0.0, 0.0, 0.0, 0.0, 0.0, 0.0, 0.0, 0.0, 0.0, 0.0, 0.0, 0.0, 0.0, 0.0, 0.0, 0.0, 0.0, 0.0, 0.0, 0.0, 0.0, 0.0, 0.0, 0.0, 0.0, 0.0], "NI3TI": [0.0, 0.0, 0.0, 0.0, 0.0, 0.0, 0.0, 0.0, 0.0, 0.0, 0.0, 0.0, 0.0, 0.0, 0.0, 0.0, 0.0, 0.0, 0.0, 0.0, 0.0, 0.0, 0.0, 0.0, 0.0, 0.0, 0.0, 0.0, 0.0, 0.0, 0.0, 0.0, 0.0, 0.0, 0.0, 0.0, 0.0, 0.0, 0.0, 0.0, 0.0, 0.0, 0.0, 0.0, 0.0, 0.0, 0.0, 0.0, 0.0], "NITI2": [0.0, 0.0, 0.0, 0.0, 0.0, 0.0, 0.0, 0.0, 0.0, 0.0, 0.0, 0.0, 0.0, 0.0, 0.0, 0.0, 0.0, 0.0, 0.0, 0.0, 0.0, 0.0, 0.0, 0.0, 0.0, 0.0, 0.0, 0.0, 0.0, 0.0, 0.0, 0.0, 0.0, 0.0, 0.0, 0.06111483199151648, 0.026558420572448102, 0.01105513327010859, 0.0049956561707527256, 0.002283552659195715, 5.832334189473905e-09, 0.0008087518160603107, 9.145564293860272e-10, 1.3928642962687496e-09, 0.0002359604688323498, 4.322071422937738e-10, 0.0, 7.651934198702281e-05, 3.405189019940808e-05]}, "converged": true, "method": "scheil"}