{"x_liquid": {"NI": [0.14528346727473226, 0.1452834672747323, 0.1452834672747323, 0.14528346727473232, 0.14528346727473232, 0.14528346727473232, 0.1452834672747323, 0.14528346727473232, 0.1452834672746811, 0.14647531799806646, 0.14697990315554268, 0.14725271470175158, 0.14735252193537568, 0.1473194434831896, 0.14718200603091308, 0.1469611569533044, 0.14667268502357975, 0.14632875195935308, 0.14593890002348614, 0.14551073700194916, 0.14505041509351493, 0.14456297401414125, 0.14405259226821068, 0.14352277494540233, 0.14297649687911337, 0.14241631403911362, 0.14184445223578196, 0.141262879799528, 0.14067336942744657, 0.14007755364583402, 0.13927097704017208, 0.13712192538988122, 0.13452568199286205, 0.13169772652876574, 0.12873899435754108, 0.15373684975757382, 0.16787264592616313, 0.18112705180946934, 0.19352973949517457, 0.2051278727839668, 0.21597973746186547, 0.22614887803944445, 0.2356993879410457, 0.23569929505661263, 0.23569944139012305, 0.24200023184122182, 0.2420000855012185, 0.24705944294532117, NaN], "TI": [0.5752669562910687, 0.5752669562910688, 0.5752669562910687, 0.5752669562910687, 0.5752669562910686, 0.5752669562910686, 0.5752669562910685, 0.5752669562910685, 0.5752669562910958, 0.5901474238108433, 0.5995258482051924, 0.6081576239306535, 0.6161819651292054, 0.6236995550391964, 0.6307860584352192, 0.6375000814921647, 0.6438881391812493, 0.6499879014988474, 0.6558303965670919, 0.6614415537348787, 0.6668433137642408, 0.6720544462328149, 0.6770911636633191, 0.6819675913044588, 0.6866961324065118, 0.6912877566028437, 0.6957522309951218, 0.7000983082098499, 0.7043338821461372, 0.7084661198424839, 0.7171666421719533, 0.7278479093219717, 0.7372503968405186, 0.7457484583614511, 0.7535726148706332, 0.7414681807736, 0.7425864807829317, 0.7434498587916556, 0.7441144477377201, 0.7446217303714984, 0.7450008106873373, 0.7452708994093634, 0.7454437386017636, 0.745443853256992, 0.7454437582212237, 0.7455101270101963, 0.7455102966935127, 0.7455329107570029, NaN]}, "fraction_solid": [0.0, 0.0, 0.0, 0.0, 0.0, 0.0, 0.0, 0.0, 0.0, 0.17273627293136365, 0.2555911933728426, 0.31951724081658167, 0.370606013116206, 0.4125482299839041, 0.447720267098208, 0.4777266765107857, 0.5036930347181797, 0.5264340982703142, 0.5465553418139631, 0.5645168876479638, 0.5806752041139059, 0.595311140190143, 0.6086492761964404, 0.6208715931239028, 0.6321273297456604, 0.6425402246181265, 0.6522139296350882, 0.661236124706512, 0.6696816988623895, 0.6776152569609933, 0.7330985027110435, 0.7796879601997475, 0.8090462606355845, 0.8295797152207257, 0.8449360441544089, 0.9159218590735727, 0.9525451162739004, 0.9725409787577821, 0.984061667009217, 0.9909511608086785, 0.9951567642582648, 0.997720700778169, 0.9992186781423052, 0.999218679281172, 0.9992186826878381, 0.9997092772426476, 0.9997092778694607, 0.9999311822305591, 1.0], "temperatures": [1600, 1600, 1590.0, 1580.0, 1570.0, 1560.0, 1550.0, 1540.0, 1530.0, 1520.0, 1510.0, 1500.0, 1490.0, 1480.0, 1470.0, 1460.0, 1450.0, 1440.0, 1430.0, 1420.0, 1410.0, 1400.0, 1390.0, 1380.0, 1370.0, 1360.0, 1350.0, 1340.0, 1330.0, 1320.0, 1310.0, 1300.0, 1290.0, 1280.0, 1270.0, 1278.3333333333333, 1271.388888888889, 1264.4444444444446, 1257.5000000000002, 1250.5555555555559, 1243.6111111111115, 1236.6666666666672, 1229.7222222222229, 1229.7222222222229, 1229.7222222222229, 1224.8996913580254, 1224.8996913580254, 1220.8809156378609, 1220.8809156378609], "phase_amounts": {"A1": [0.0, 0.0, 0.0, 0.0, 0.0, 0.0, 0.0, 0.0, 0.0, 0.0, 0.0, 0.0, 0.0, 0.0, 0.0, 0.0, 0.0, 0.0, 0.0, 0.0, 0.0, 0.0, 0.0, 0.0, 0.0, 0.0, 0.0, 0.0, 0.0, 0.0, 0.0, 0.0, 0.0, 0.0, 0.0, 0.0, 0.0, 0.0, 0.0, 0.0, 0.0, 0.0, 0.0, 0.0, 0.0, 0.0, 0.0, 0.0, 0.0], "A2": [0.0, 0.0, 0.0, 0.0, 0.0, 0.0, 0.0, 0.0, 0.0, 0.0, 0.0, 0.0, 0.0, 0.0, 0.0, 0.0, 0.0, 0.0, 0.0, 0.0, 0.0, 0.0, 0.0, 0.0, 0.0, 0.0, 0.0, 0.0, 0.0, 0.0, 0.0, 0.0, 0.0, 0.0, 0.0, 0.04858743323910932, 0.017929141351413967, 0.009487134924247487, 0.005315717703506933, 0.0031052314905039733, 0.0018642305697600058, 0.001131559101555914, 0.000677557696476019, 0.0, 1.6091676305878201e-09, 0.0002146059663170072, 0.0, 0.00010179270078946918, 2.4095677204559796e-05], "A3": [0.0, 0.0, 0.0, 0.0, 0.0, 0.0, 0.0, 0.0, 0.0, 0.0, 0.0, 0.0, 0.0, 0.0, 0.0, 0.0, 0.0, 0.0, 0.0, 0.0, 0.0, 0.0, 0.0, 0.0, 0.0, 0.0, 0.0, 0.0, 0.0, 0.0, 0.0, 0.0, 0.0, 0.0, 0.0, 0.0, 0.0, 0.0, 0.0, 0.0, 0.0, 0.0, 0.0, 0.0, 0.0, 0.0, 0.0, 0.0, 0.0], "BCC2": [0.0, 0.0, 0.0, 0.0, 0.0, 0.0, 0.0, 0.0, 0.0, 0.17273627293136365, 0.08285492044147895, 0.0639260474437391, 0.051088772299624316, 0.04194221686769811, 0.0351720371143039, 0.03000640941257773, 0.02596635820739396, 0.022741063552134497, 0.02012124354364892, 0.017961545834000708, 0.016158316465942152, 0.014635936076237041, 0.013338136006297435, 0.012222316927462496, 0.011255736621757613, 0.010412894872466102, 0.009673705016961609, 0.009022195071423924, 0.008445574155877454, 0.007933558098603882, 0.0, 0.0, 0.0, 0.0, 0.0, 0.0, 0.0, 0.0, 0.0, 0.0, 0.0, 0.0, 0.0, 0.0, 0.0, 0.0, 0.0, 0.0, 0.0], "C14": [0.0, 0.0, 0.0, 0.0, 0.0, 0.0, 0.0, 0.0, 0.0, 0.0, 0.0, 0.0, 0.0, 0.0, 0.0, 0.0, 0.0, 0.0, 0.0, 0.0, 0.0, 0.0, 0.0, 0.0, 0.0, 0.0, 0.0, 0.0, 0.0, 0.0, 0.0, 0.0, 0.0, 0.0, 0.0, 0.0, 0.0, 0.0, 0.0, 0.0, 0.0, 0.0, 0.0, 0.0, 0.0, 0.0, 0.0, 0.0, 0.0], "FCC4": [0.0, 0.0, 0.0, 0.0, 0.0, 0.0, 0.0, 0.0, 0.0, 0.0, 0.0, 0.0, 0.0, 0.0, 0.0, 0.0, 0.0, 0.0, 0.0, 0.0, 0.0, 0.0, 0.0, 0.0, 0.0, 0.0, 0.0, 0.0, 0.0, 0.0, 0.0, 0.0, 0.0, 0.0, 0.0, 0.0, 0.0, 0.0, 0.0, 0.0, 0.0, 0.0, 0.0, 0.0, 0.0, 0.0, 0.0, 0.0, 0.0], "NI3TI": [0.0, 0.0, 0.0, 0.0, 0.0, 0.0, 0.0, 0.0, 0.0, 0.0, 0.0, 0.0, 0.0, 0.0, 0.0, 0.0, 0.0, 0.0, 0.0, 0.0, 0.0, 0.0, 0.0, 0.0, 0.0, 0.0, 0.0, 0.0, 0.0, 0.0, 0.0, 0.0, 0.0, 0.0, 0.0, 0.0, 0.0, 0.0, 0.0, 0.0, 0.0, 0.0, 0.0, 0.0, 0.0, 0.0, 0.0, 0.0, 0.0], "NITI2": [0.0, 0.0, 0.0, 0.0, 0.0, 0.0, 0.0, 0.0, 0.0, 0.0, 0.0, 0.0, 0.0, 0.0, 0.0, 0.0, 0.0, 0.0, 0.0, 0.0, 0.0, 0.0, 0.0, 0.0, 0.0, 0.0, 0.0, 0.0, 0.0, 0.0, 0.05548324575005016, 0.04658945748870399, 0.02935830043583698, 0.020533454585141227, 0.015356328933683184, 0.0223983816800545, 0.018694115848913697, 0.010508727559634229, 0.006204970547927989, 0.003784262308957454, 0.0023413728798262435, 0.0014323774183482617, 0.0008204196676601923, 1.1388668210951238e-09, 1.7974984496171483e-09, 0.00027598858849242934, 6.268131961605475e-10, 0.00012011166030885114, 4.3750815091352906e-05]}, "converged": true, "method": "scheil"}