{"x_liquid": {"NI": [0.10971164472416754, 0.10971164472416754, 0.10971164472410974, 0.10971164472410977, 0.10882406317042345, 0.10835117281223822, 0.10786349369878781, 0.1073623699091896, 0.10684900727177161, 0.1063245098789713, 0.10477034388158425, 0.10256315901415726, 0.10021623801182192, 0.09780057178307054, 0.13182429655516434, 0.14723519444947092, 0.16176245917863824, 0.17540227284684354, 0.18817479547859878, 0.20012026365602778, 0.21129284594600664, 0.22175442763537076, 0.23156935993564925, 0.23156941354986277, 0.23929993090276921, 0.23929978687590553, 0.23929997959352753, 0.24444802101544574, 0.24444787372569116, 0.24444797690657627, 0.24792342361708644, NaN], "TI": [0.6851146484112711, 0.685114648411271, 0.685114648411326, 0.685114648411326, 0.6944655770326812, 0.6991431596988869, 0.7036979406647884, 0.7081388177917385, 0.7124739355867729, 0.7167108409636241, 0.7259802389447099, 0.7357145891551473, 0.7443645420592044, 0.7522266434194748, 0.7392600986001777, 0.7408773081128115, 0.7421297305139272, 0.7430974221318961, 0.7438435489731015, 0.744415785264, 0.7448483804075666, 0.7451645909906182, 0.7453791581057572, 0.7453791612499565, 0.7454866196747021, 0.7454867917959649, 0.7454866069157298, 0.7455247145080572, 0.7455248806768765, 0.7455248165460486, 0.7455338892951021, NaN]}, "fraction_solid": [0.0, 0.0, 0.0, 0.0, 0.05588112285451205, 0.08181952864590855, 0.10599934752089453, 0.12863021383938944, 0.14989319165766302, 0.16994688349050519, 0.29959591817029163, 0.3983476830128756, 0.46536005629529154, 0.5145232682788984, 0.8505030086073393, 0.9219243526175324, 0.9567198203319476, 0.9751633338327578, 0.9855635182744289, 0.9916938998427264, 0.9954106551619601, 0.9976855446264412, 0.9990502146204571, 0.9990502184094092, 0.9996610674555338, 0.9996610681969172, 0.9996610686528219, 0.9998732805575944, 0.9998732808251345, 0.9998732814228551, 0.9999528733132536, 1.0], "temperatures": [1400, 1400, 1390.0, 1380.0, 1370.0, 1360.0, 1350.0, 1340.0, 1330.0, 1320.0, 1310.0, 1300.0, 1290.0, 1280.0, 1288.3333333333333, 1281.388888888889, 1274.4444444444446, 1267.5000000000002, 1260.5555555555559, 1253.6111111111115, 1246.6666666666672, 1239.7222222222229, 1232.7777777777785, 1232.7777777777785, 1226.9907407407416, 1226.9907407407416, 1226.9907407407416, 1222.971965020577, 1222.971965020577, 1222.971965020577, 1220.1811485482406, 1220.1811485482406], "phase_amounts": {"A1": [0.0, 0.0, 0.0, 0.0, 0.0, 0.0, 0.0, 0.0, 0.0, 0.0, 0.0, 0.0, 0.0, 0.0, 0.0, 0.0, 0.0, 0.0, 0.0, 0.0, 0.0, 0.0, 0.0, 0.0, 0.0, 0.0, 0.0, 0.0, 0.0, 0.0, 0.0, 0.0], "A2": [0.0, 0.0, 0.0, 0.0, 0.0, 0.0, 0.0, 0.0, 0.0, 0.0, 0.0, 0.0, 0.0, 0.0, 0.2454089499643247, 0.03679327279682751, 0.017288340941540747, 0.008868578911767303, 0.00485568401197919, 0.0027898906829293938, 0.001657880222730763, 0.0010037871876130444, 0.0006071114509996227, 1.3990338194721402e-09, 0.0002713865352273896, 0.0, 4.559046801127521e-10, 9.200519324213641e-05, 0.0, 2.523859135553401e-10, 3.412892531304602e-05, 1.2692560226446954e-05], "A3": [0.0, 0.0, 0.0, 0.0, 0.0, 0.0, 0.0, 0.0, 0.0, 0.0, 0.0, 0.0, 0.0, 0.0, 0.0, 0.0, 0.0, 0.0, 0.0, 0.0, 0.0, 0.0, 0.0, 0.0, 0.0, 0.0, 0.0, 0.0, 0.0, 0.0, 0.0, 0.0], "BCC2": [0.0, 0.0, 0.0, 0.0, 0.05588112285451205, 0.025938405791396495, 0.024179818874985975, 0.022630866318494904, 0.021262977818273576, 0.020053691832842183, 0.0, 0.0, 0.0, 0.0, 0.0, 0.0, 0.0, 0.0, 0.0, 0.0, 0.0, 0.0, 0.0, 0.0, 0.0, 0.0, 0.0, 0.0, 0.0, 0.0, 0.0, 0.0], "C14": [0.0, 0.0, 0.0, 0.0, 0.0, 0.0, 0.0, 0.0, 0.0, 0.0, 0.0, 0.0, 0.0, 0.0, 0.0, 0.0, 0.0, 0.0, 0.0, 0.0, 0.0, 0.0, 0.0, 0.0, 0.0, 0.0, 0.0, 0.0, 0.0, 0.0, 0.0, 0.0], "FCC4": [0.0, 0.0, 0.0, 0.0, 0.0, 0.0, 0.0, 0.0, 0.0, 0.0, 0.0, 0.0, 0.0, 0.0, 0.0, 0.0, 0.0, 0.0, 0.0, 0.0, 0.0, 0.0, 0.0, 0.0, 0.0, 0.0, 0.0, 0.0, 0.0, 0.0, 0.0, 0.0], "NI3TI": [0.0, 0.0, 0.0, 0.0, 0.0, 0.0, 0.0, 0.0, 0.0, 0.0, 0.0, 0.0, 0.0, 0.0, 0.0, 0.0, 0.0, 0.0, 0.0, 0.0, 0.0, 0.0, 0.0, 0.0, 0.0, 0.0, 0.0, 0.0, 0.0, 0.0, 0.0, 0.0], "NITI2": [0.0, 0.0, 0.0, 0.0, 0.0, 0.0, 0.0, 0.0, 0.0, 0.0, 0.12964903467978645, 0.09875176484258397, 0.06701237328241594, 0.049163211983606805, 0.09057079036411625, 0.03462807121336557, 0.01750712677287442, 0.009574934589042912, 0.005544500429691847, 0.0033404908853681896, 0.0020588750965030585, 0.001271102276867996, 0.0007575585430161268, 2.389918331276463e-09, 0.00033946251089724797, 7.413834172055448e-10, 0.0, 0.00012020671153030398, 2.6754011487100727e-10, 3.453347494318346e-10, 4.5462965085307276e-05, 2.3139939202194244e-05]}, "converged": true, "method": "scheil"}