{"x_liquid": {"NI": [0.26450314059414565, 0.26450314059414565, 0.2645031405941456, 0.2645031405941456, 0.2645031405941456, 0.2802244205005241, 0.287060611868149, 0.2933669411436054, 0.2992386446684268, 0.3047465893883814, 0.3099450826634484, 0.31487676169280304, 0.3195757880289909, 0.3240700100782223, 0.3283824715387699, 0.33253249098663856, 0.3365364519401748, 0.34040839244345145, 0.344160452700059, 0.34780322020208176, 0.35134599952990603, 0.3547970259181498, 0.358163636245462, 0.36145240737521545, 0.36466926916839554, 0.3678195976412307, 0.37090829240891476, 0.3739398415853979, 0.37691837659145766, 0.38369629924337906, 0.4005768057906349, 0.4166787667332773, 0.4166792117366642, 0.4166793615297234, 0.4166796934231905, 0.416679904249467, 0.41668003526773495, 0.4229361339239131, 0.42293613392391294, 0.42293660073842837, 0.42293660073842837, 0.42293660073842837, NaN], "TI": [0.2673399134199201, 0.2673399134199201, 0.2673399134199201, 0.2673399134199201, 0.2673399134199201, 0.2552204444788872, 0.24991027783105887, 0.24498960544417042, 0.24039808535466103, 0.23608939341103755, 0.23202704688603623, 0.2281817035897083, 0.22452934533973046, 0.22105001571673338, 0.21772691844638425, 0.21454575796852507, 0.21149424714923393, 0.2085617331144863, 0.2057389083192781, 0.2030175842679576, 0.20039051205000488, 0.19785123837953958, 0.19539398892230952, 0.19301357285128462, 0.1907053041014458, 0.18846493589492133, 0.18628860591088128, 0.18417279006841986, 0.18211426333502587, 0.18165991446548016, 0.1855556413772717, 0.18952180861869444, 0.18952188449324053, 0.18952209844275433, 0.18952205979031395, 0.18952193943176113, 0.18952212656597509, 0.1911322831663555, 0.19113228316635542, 0.19113235724501282, 0.19113235724501282, 0.19113235724501282, NaN]}, "fraction_solid": [0.0, 0.0, 0.0, 0.0, 0.0, 0.1990760171030779, 0.2645197822350229, 0.31717718941776396, 0.36062842642853027, 0.3972101796080751, 0.4285167151889725, 0.4556756248797169, 0.4795085539395768, 0.500629422011422, 0.5195068684778184, 0.5365053109007034, 0.5519127343100527, 0.5659599794447762, 0.578834430015432, 0.5906899175736083, 0.6016540155617448, 0.6118334956211322, 0.6213184673626087, 0.6301855598629571, 0.6385003955037571, 0.6463195342889985, 0.6536920171205034, 0.660660601945021, 0.6672627622728381, 0.6915271529411071, 0.75691185598475, 0.8065202266843375, 0.8065213033450026, 0.8065220024231043, 0.8065226352329096, 0.8065228660165669, 0.8065234774720966, 0.8223808416510614, 0.8223808416510614, 0.8223818668515905, 0.8223818668515905, 0.8223818668515905, 1.0], "temperatures": [1700, 1700, 1690.0, 1680.0, 1670.0, 1660.0, 1650.0, 1640.0, 1630.0, 1620.0, 1610.0, 1600.0, 1590.0, 1580.0, 1570.0, 1560.0, 1550.0, 1540.0, 1530.0, 1520.0, 1510.0, 1500.0, 1490.0, 1480.0, 1470.0, 1460.0, 1450.0, 1440.0, 1430.0, 1420.0, 1410.0, 1400.0, 1400.0, 1400.0, 1400.0, 1400.0, 1400.0, 1395.9812242798355, 1395.9812242798355, 1395.9812242798355, 1395.9812242798355, 1395.9812242798355, 1394.0431572851573], "phase_amounts": {"A1": [0.0, 0.0, 0.0, 0.0, 0.0, 0.0, 0.0, 0.0, 0.0, 0.0, 0.0, 0.0, 0.0, 0.0, 0.0, 0.0, 0.0, 0.0, 0.0, 0.0, 0.0, 0.0, 0.0, 0.0, 0.0, 0.0, 0.0, 0.0, 0.0, 0.014829362352657445, 0.05064242321078069, 0.03859383431781581, 7.70180034204551e-07, 6.990781017350521e-07, 3.5208119686195286e-07, 0.0, 6.114555297523887e-07, 0.012088096088860427, 0.0, 7.273769793624263e-07, 0.0, 0.0, 0.0942276308968826], "A2": [0.0, 0.0, 0.0, 0.0, 0.0, 0.0, 0.0, 0.0, 0.0, 0.0, 0.0, 0.0, 0.0, 0.0, 0.0, 0.0, 0.0, 0.0, 0.0, 0.0, 0.0, 0.0, 0.0, 0.0, 0.0, 0.0, 0.0, 0.0, 0.0, 0.0, 0.0, 0.0, 0.0, 0.0, 0.0, 0.0, 0.0, 0.0, 0.0, 0.0, 0.0, 0.0, 0.0], "A3": [0.0, 0.0, 0.0, 0.0, 0.0, 0.0, 0.0, 0.0, 0.0, 0.0, 0.0, 0.0, 0.0, 0.0, 0.0, 0.0, 0.0, 0.0, 0.0, 0.0, 0.0, 0.0, 0.0, 0.0, 0.0, 0.0, 0.0, 0.0, 0.0, 0.0, 0.0, 0.0, 0.0, 0.0, 0.0, 0.0, 0.0, 0.0, 0.0, 0.0, 0.0, 0.0, 0.0], "BCC2": [0.0, 0.0, 0.0, 0.0, 0.0, 0.0, 0.0, 0.0, 0.0, 0.0, 0.0, 0.0, 0.0, 0.0, 0.0, 0.0, 0.0, 0.0, 0.0, 0.0, 0.0, 0.0, 0.0, 0.0, 0.0, 0.0, 0.0, 0.0, 0.0, 0.0, 0.0, 0.0, 0.0, 0.0, 0.0, 0.0, 0.0, 0.0, 0.0, 0.0, 0.0, 0.0, 0.0], "C14": [0.0, 0.0, 0.0, 0.0, 0.0, 0.1990760171030779, 0.06544376513194505, 0.052657407182741034, 0.04345123701076633, 0.03658175317954481, 0.03130653558089738, 0.027158909690744405, 0.023832929059859898, 0.021120868071845184, 0.018877446466396365, 0.016998442422885104, 0.015407423409349266, 0.014047245134723456, 0.012874450570655829, 0.011855487558176291, 0.010964097988136419, 0.010179480059387382, 0.009484971741476392, 0.00886709250034843, 0.008314835640800024, 0.007819138785241361, 0.007372482831504949, 0.006968584824517513, 0.006602160327817158, 0.009435028315611589, 0.014742279832862172, 0.01101453638177172, 3.064806308841314e-07, 0.0, 2.8072860836850563e-07, 2.3078365733448774e-07, 0.0, 0.0037692680901043833, 0.0, 2.9782354978220275e-07, 0.0, 0.0, 0.02485141675901239], "FCC4": [0.0, 0.0, 0.0, 0.0, 0.0, 0.0, 0.0, 0.0, 0.0, 0.0, 0.0, 0.0, 0.0, 0.0, 0.0, 0.0, 0.0, 0.0, 0.0, 0.0, 0.0, 0.0, 0.0, 0.0, 0.0, 0.0, 0.0, 0.0, 0.0, 0.0, 0.0, 0.0, 0.0, 0.0, 0.0, 0.0, 0.0, 0.0, 0.0, 0.0, 0.0, 0.0, 0.0], "NI3TI": [0.0, 0.0, 0.0, 0.0, 0.0, 0.0, 0.0, 0.0, 0.0, 0.0, 0.0, 0.0, 0.0, 0.0, 0.0, 0.0, 0.0, 0.0, 0.0, 0.0, 0.0, 0.0, 0.0, 0.0, 0.0, 0.0, 0.0, 0.0, 0.0, 0.0, 0.0, 0.0, 0.0, 0.0, 0.0, 0.0, 0.0, 0.0, 0.0, 0.0, 0.0, 0.0, 0.058539085492514485], "NITI2": [0.0, 0.0, 0.0, 0.0, 0.0, 0.0, 0.0, 0.0, 0.0, 0.0, 0.0, 0.0, 0.0, 0.0, 0.0, 0.0, 0.0, 0.0, 0.0, 0.0, 0.0, 0.0, 0.0, 0.0, 0.0, 0.0, 0.0, 0.0, 0.0, 0.0, 0.0, 0.0, 0.0, 0.0, 0.0, 0.0, 0.0, 0.0, 0.0, 0.0, 0.0, 0.0, 0.0]}, "converged": false, "method": "scheil"}