{"x_liquid": {"NI": [0.26450314059414565, 0.26450314059414565, 0.26450314059414565, 0.26450314059414565, 0.2645031405941456, 0.28022442050052543, 0.2870606118681484, 0.2933669411436039, 0.29923864466842903, 0.3047465893883781, 0.30994508266345017, 0.31487676169280426, 0.3195757880289915, 0.32407001007822034, 0.3283824715387686, 0.33253249098663745, 0.33653645194017345, 0.34040839244345084, 0.3441604527000576, 0.34780322020207993, 0.35134599952990464, 0.35479702591814927, 0.35816363624546566, 0.3614524073752134, 0.3646692691683948, 0.3678195976412294, 0.3709082924089172, 0.37393984158539484, 0.3769183765914559, 0.3836962992433703, 0.4005768057906314, 0.416678766733277, 0.4166791899219444, 0.4166793440277524, 0.41667954176991423, 0.416679541769723, 0.41667954176953187, 0.42293613392390994, 0.422936600738424, 0.42293660073824435, 0.422936600738168, 0.42293660073809164, NaN], "TI": [0.2673399134199201, 0.2673399134199201, 0.2673399134199201, 0.2673399134199201, 0.26733991341992003, 0.25522044447888587, 0.24991027783105896, 0.2449896054441712, 0.24039808535465879, 0.23608939341103957, 0.23202704688603426, 0.22818170358970669, 0.22452934533972937, 0.22105001571673413, 0.21772691844638453, 0.21454575796852512, 0.2114942471492342, 0.20856173311448606, 0.2057389083192784, 0.20301758426795827, 0.20039051205000522, 0.19785123837953938, 0.19539398892230633, 0.1930135728512854, 0.19070530410144557, 0.18846493589492153, 0.1862886059108789, 0.18417279006842138, 0.18211426333502656, 0.1816599144654762, 0.1855556413772712, 0.1895218086186929, 0.18952186769381282, 0.18952208780316998, 0.18952197491380182, 0.18952197491391098, 0.1895219749140202, 0.19113228316635447, 0.19113235724501115, 0.19113235724511102, 0.1911323572454173, 0.19113235724572358, NaN]}, "fraction_solid": [0.0, 0.0, 0.0, 0.0, 0.0, 0.19907601710309497, 0.2645197822350204, 0.3171771894177547, 0.36062842642854914, 0.39721017960805693, 0.4285167151889857, 0.45567562487972646, 0.4795085539395825, 0.5006294220114158, 0.5195068684778151, 0.5365053109007015, 0.5519127343100496, 0.5659599794447757, 0.5788344300154291, 0.5906899175736039, 0.6016540155617417, 0.6118334956211315, 0.6213184673626195, 0.6301855598629527, 0.6385003955037564, 0.6463195342889965, 0.6536920171205103, 0.6606606019450149, 0.667262762272835, 0.6915271529410671, 0.7569118559847441, 0.8065202266843376, 0.806521227193552, 0.8065219463990438, 0.8065221628609236, 0.8065221628609236, 0.8065221628609236, 0.8223809110435139, 0.8223819362436388, 0.8223819362436388, 0.8223819362436388, 0.8223819362436388, 1.0], "temperatures": [1700, 1700, 1690.0, 1680.0, 1670.0, 1660.0, 1650.0, 1640.0, 1630.0, 1620.0, 1610.0, 1600.0, 1590.0, 1580.0, 1570.0, 1560.0, 1550.0, 1540.0, 1530.0, 1520.0, 1510.0, 1500.0, 1490.0, 1480.0, 1470.0, 1460.0, 1450.0, 1440.0, 1430.0, 1420.0, 1410.0, 1400.0, 1400.0, 1400.0, 1400.0, 1400.0, 1400.0, 1395.9812242798355, 1395.9812242798355, 1398.772040752172, 1396.4463603585582, 1396.4463603585582, 1394.50829336388], "phase_amounts": {"A1": [0.0, 0.0, 0.0, 0.0, 0.0, 0.0, 0.0, 0.0, 0.0, 0.0, 0.0, 0.0, 0.0, 0.0, 0.0, 0.0, 0.0, 0.0, 0.0, 0.0, 0.0, 0.0, 0.0, 0.0, 0.0, 0.0, 0.0, 0.0, 0.0, 0.01482936235262375, 0.050642423210811395, 0.038593834317818605, 7.018905148028157e-07, 7.19205491872333e-07, 0.0, 0.0, 0.0, 0.012089190427645115, 7.273766921141105e-07, 0.0, 0.0, 0.0, 0.09434874296481661], "A2": [0.0, 0.0, 0.0, 0.0, 0.0, 0.0, 0.0, 0.0, 0.0, 0.0, 0.0, 0.0, 0.0, 0.0, 0.0, 0.0, 0.0, 0.0, 0.0, 0.0, 0.0, 0.0, 0.0, 0.0, 0.0, 0.0, 0.0, 0.0, 0.0, 0.0, 0.0, 0.0, 0.0, 0.0, 0.0, 0.0, 0.0, 0.0, 0.0, 0.0, 0.0, 0.0, 0.0], "A3": [0.0, 0.0, 0.0, 0.0, 0.0, 0.0, 0.0, 0.0, 0.0, 0.0, 0.0, 0.0, 0.0, 0.0, 0.0, 0.0, 0.0, 0.0, 0.0, 0.0, 0.0, 0.0, 0.0, 0.0, 0.0, 0.0, 0.0, 0.0, 0.0, 0.0, 0.0, 0.0, 0.0, 0.0, 0.0, 0.0, 0.0, 0.0, 0.0, 0.0, 0.0, 0.0, 0.0], "BCC2": [0.0, 0.0, 0.0, 0.0, 0.0, 0.0, 0.0, 0.0, 0.0, 0.0, 0.0, 0.0, 0.0, 0.0, 0.0, 0.0, 0.0, 0.0, 0.0, 0.0, 0.0, 0.0, 0.0, 0.0, 0.0, 0.0, 0.0, 0.0, 0.0, 0.0, 0.0, 0.0, 0.0, 0.0, 0.0, 0.0, 0.0, 0.0, 0.0, 0.0, 0.0, 0.0, 0.0], "C14": [0.0, 0.0, 0.0, 0.0, 0.0, 0.19907601710309497, 0.06544376513192543, 0.052657407182734296, 0.04345123701079445, 0.036581753179507764, 0.03130653558092875, 0.02715890969074074, 0.023832929059856078, 0.0211208680718333, 0.01887744646639935, 0.01699844242288636, 0.015407423409348123, 0.014047245134726112, 0.012874450570653362, 0.011855487558174824, 0.010964097988137788, 0.010179480059389793, 0.009484971741488032, 0.00886709250033315, 0.008314835640803703, 0.007819138785240112, 0.007372482831513855, 0.0069685848245046285, 0.006602160327820124, 0.009435028315608347, 0.014742279832865565, 0.011014536381775016, 2.986186995450053e-07, 0.0, 2.1646187979720299e-07, 0.0, 0.0, 0.0037695577549451374, 2.9782343283753364e-07, 0.0, 0.0, 0.0, 0.024870187552238476], "FCC4": [0.0, 0.0, 0.0, 0.0, 0.0, 0.0, 0.0, 0.0, 0.0, 0.0, 0.0, 0.0, 0.0, 0.0, 0.0, 0.0, 0.0, 0.0, 0.0, 0.0, 0.0, 0.0, 0.0, 0.0, 0.0, 0.0, 0.0, 0.0, 0.0, 0.0, 0.0, 0.0, 0.0, 0.0, 0.0, 0.0, 0.0, 0.0, 0.0, 0.0, 0.0, 0.0, 0.0], "NI3TI": [0.0, 0.0, 0.0, 0.0, 0.0, 0.0, 0.0, 0.0, 0.0, 0.0, 0.0, 0.0, 0.0, 0.0, 0.0, 0.0, 0.0, 0.0, 0.0, 0.0, 0.0, 0.0, 0.0, 0.0, 0.0, 0.0, 0.0, 0.0, 0.0, 0.0, 0.0, 0.0, 0.0, 0.0, 0.0, 0.0, 0.0, 0.0, 0.0, 0.0, 0.0, 0.0, 0.058399133239306164], "NITI2": [0.0, 0.0, 0.0, 0.0, 0.0, 0.0, 0.0, 0.0, 0.0, 0.0, 0.0, 0.0, 0.0, 0.0, 0.0, 0.0, 0.0, 0.0, 0.0, 0.0, 0.0, 0.0, 0.0, 0.0, 0.0, 0.0, 0.0, 0.0, 0.0, 0.0, 0.0, 0.0, 0.0, 0.0, 0.0, 0.0, 0.0, 0.0, 0.0, 0.0, 0.0, 0.0, 0.0]}, "converged": false, "method": "scheil"}