{"x_liquid": {"NI": [0.31469500472409284, 0.31469500472409284, 0.31469500472409284, 0.31469500472409284, 0.31469500472409284, 0.318401397357005, 0.32298174799600676, 0.3274622687556662, 0.3318457519260498, 0.33613493418776874, 0.34033254698849585, 0.34743585926310644, 0.3660003275698305, 0.3836962992433116, 0.4005768057906291, 0.41667876673327187, 0.4166792117367159, 0.41667936152977625, 0.41667955962950465, 0.4166795596295046, 0.41667968560882473, 0.4229361339239129, 0.42293640966527024, 0.422936778349791, 0.4229367783497908, 0.42293677834970317, NaN], "TI": [0.13942574680116712, 0.13942574680116712, 0.13942574680116712, 0.1394257468011671, 0.13942574680116707, 0.14366982442651538, 0.14896599152465453, 0.15419331363819028, 0.15934939621961963, 0.16443201720720757, 0.16943915334042756, 0.1741233965443389, 0.17784620149751934, 0.18165991446546367, 0.18555564137727112, 0.18952180861869186, 0.18952188449323018, 0.18952209844274565, 0.1895219853492575, 0.18952198534925746, 0.18952216528609062, 0.19113228316635603, 0.19113181549190603, 0.19113235741156237, 0.1911323574115623, 0.1911323574118786, NaN]}, "fraction_solid": [0.0, 0.0, 0.0, 0.0, 0.0, 0.07552769783032888, 0.16129804307388151, 0.23697741856158516, 0.30395664944838097, 0.36340284295913866, 0.4163016319098997, 0.4835260218619609, 0.6042314424052346, 0.6919261840457858, 0.7572263074239516, 0.8067705062420716, 0.8067715815101081, 0.8067722796839091, 0.8067724962566151, 0.8067724962566151, 0.8067730834361628, 0.822610625201933, 0.8226116592460229, 0.8226132881158149, 0.8226132881158149, 0.8226132881158149, 1.0], "temperatures": [1540, 1540, 1530.0, 1520.0, 1510.0, 1500.0, 1490.0, 1480.0, 1470.0, 1460.0, 1450.0, 1440.0, 1430.0, 1420.0, 1410.0, 1400.0, 1400.0, 1400.0, 1400.0, 1400.0, 1400.0, 1395.9812242798355, 1395.9812242798355, 1395.9812242798355, 1395.9812242798355, 1395.9812242798355, 1394.0431572851573], "phase_amounts": {"A1": [0.0, 0.0, 0.0, 0.0, 0.0, 0.07552769783032888, 0.08577034524355263, 0.07567937548770366, 0.0669792308867958, 0.0594461935107577, 0.05289878895076107, 0.059860331674753235, 0.09269039510727622, 0.06762052818776608, 0.05057691371063746, 0.03854391050603932, 7.691838107332556e-07, 6.981738009982728e-07, 0.0, 0.0, 5.871795477446417e-07, 0.012072869836183907, 0.0, 1.628869792019527e-06, 0.0, 0.0, 0.09410482742319189], "A2": [0.0, 0.0, 0.0, 0.0, 0.0, 0.0, 0.0, 0.0, 0.0, 0.0, 0.0, 0.0, 0.0, 0.0, 0.0, 0.0, 0.0, 0.0, 0.0, 0.0, 0.0, 0.0, 0.0, 0.0, 0.0, 0.0, 0.0], "A3": [0.0, 0.0, 0.0, 0.0, 0.0, 0.0, 0.0, 0.0, 0.0, 0.0, 0.0, 0.0, 0.0, 0.0, 0.0, 0.0, 0.0, 0.0, 0.0, 0.0, 0.0, 0.0, 0.0, 0.0, 0.0, 0.0, 0.0], "BCC2": [0.0, 0.0, 0.0, 0.0, 0.0, 0.0, 0.0, 0.0, 0.0, 0.0, 0.0, 0.0, 0.0, 0.0, 0.0, 0.0, 0.0, 0.0, 0.0, 0.0, 0.0, 0.0, 0.0, 0.0, 0.0, 0.0, 0.0], "C14": [0.0, 0.0, 0.0, 0.0, 0.0, 0.0, 0.0, 0.0, 0.0, 0.0, 0.0, 0.0073640582773079714, 0.028015025435997414, 0.020074213452785, 0.014723209667528436, 0.011000288312080702, 3.0608422569087673e-07, 0.0, 2.165727059358617e-07, 0.0, 0.0, 0.003764671929586172, 6.063001269520557e-07, 0.0, 0.0, 0.0, 0.024818958656134704], "FCC4": [0.0, 0.0, 0.0, 0.0, 0.0, 0.0, 0.0, 0.0, 0.0, 0.0, 0.0, 0.0, 0.0, 0.0, 0.0, 0.0, 0.0, 0.0, 0.0, 0.0, 0.0, 0.0, 0.0, 0.0, 0.0, 0.0, 0.0], "NI3TI": [0.0, 0.0, 0.0, 0.0, 0.0, 0.0, 0.0, 0.0, 0.0, 0.0, 0.0, 0.0, 0.0, 0.0, 0.0, 0.0, 0.0, 0.0, 0.0, 0.0, 0.0, 0.0, 4.277439628859454e-07, 0.0, 0.0, 0.0, 0.05846292580485846], "NITI2": [0.0, 0.0, 0.0, 0.0, 0.0, 0.0, 0.0, 0.0, 0.0, 0.0, 0.0, 0.0, 0.0, 0.0, 0.0, 0.0, 0.0, 0.0, 0.0, 0.0, 0.0, 0.0, 0.0, 0.0, 0.0, 0.0, 0.0]}, "converged": false, "method": "scheil"}