{"x_liquid": {"NI": [0.10971164472416754, 0.10971164472416756, 0.10971164472416756, 0.10971164472416757, 0.10882406317047683, 0.10835117281229145, 0.10786349369884105, 0.1073623699092426, 0.10684900727182467, 0.1063245098790239, 0.1047703438816376, 0.1025631590142108, 0.1002162380118741, 0.09780057178312208, 0.1318242965551681, 0.14723519444946923, 0.16176245917864085, 0.17540227284683996, 0.18817479547860397, 0.20012026365603336, 0.21129284594600287, 0.22175442763537112, 0.23156935993564529, 0.23156944387177844, 0.23929993090277576, 0.23929978687591086, 0.23929997959353586, 0.24444802101545088, 0.24444787372569587, 0.24444797690625364, 0.24792342361708863, NaN], "TI": [0.6851146484112711, 0.6851146484112712, 0.6851146484112711, 0.6851146484112711, 0.6944655770326702, 0.6991431596988757, 0.7036979406647761, 0.708138817791727, 0.71247393558676, 0.7167108409636139, 0.7259802389446989, 0.7357145891551357, 0.7443645420591967, 0.7522266434194675, 0.7392600986001779, 0.7408773081128137, 0.7421297305139265, 0.7430974221318954, 0.7438435489731016, 0.7444157852640002, 0.7448483804075664, 0.7451645909906187, 0.7453791581057567, 0.7453791427283409, 0.7454866196747028, 0.7454867917959671, 0.745486606915729, 0.7455247145080567, 0.7455248806768764, 0.7455248165464092, 0.7455338892951018, NaN]}, "fraction_solid": [0.0, 0.0, 0.0, 0.0, 0.055881122854777934, 0.0818195286461689, 0.10599934752114373, 0.12863021383963835, 0.14989319165789994, 0.16994688349075038, 0.29959591817051145, 0.39834768301307677, 0.46536005629550603, 0.514523268279101, 0.8505030086069918, 0.9219243526173364, 0.956719820331843, 0.9751633338326907, 0.9855635182743965, 0.9916938998427084, 0.9954106551619473, 0.9976855446264357, 0.999050214620454, 0.9990502192556402, 0.999661067025824, 0.9996610677672084, 0.9996610682231137, 0.9998732803969352, 0.9998732806644757, 0.9998732812621977, 0.9999528732535043, 1.0], "temperatures": [1400, 1400, 1390.0, 1380.0, 1370.0, 1360.0, 1350.0, 1340.0, 1330.0, 1320.0, 1310.0, 1300.0, 1290.0, 1280.0, 1288.3333333333333, 1281.388888888889, 1274.4444444444446, 1267.5000000000002, 1260.5555555555559, 1253.6111111111115, 1246.6666666666672, 1239.7222222222229, 1232.7777777777785, 1232.7777777777785, 1226.9907407407416, 1226.9907407407416, 1226.9907407407416, 1222.971965020577, 1222.971965020577, 1222.971965020577, 1220.1811485482406, 1220.1811485482406], "phase_amounts": {"A1": [0.0, 0.0, 0.0, 0.0, 0.0, 0.0, 0.0, 0.0, 0.0, 0.0, 0.0, 0.0, 0.0, 0.0, 0.0, 0.0, 0.0, 0.0, 0.0, 0.0, 0.0, 0.0, 0.0, 0.0, 0.0, 0.0, 0.0, 0.0, 0.0, 0.0, 0.0, 0.0], "A2": [0.0, 0.0, 0.0, 0.0, 0.0, 0.0, 0.0, 0.0, 0.0, 0.0, 0.0, 0.0, 0.0, 0.0, 0.24540894996384816, 0.03679327279690258, 0.01728834094158776, 0.008868578911784747, 0.0048556840119957185, 0.0027898906829359085, 0.0016578802227328261, 0.0010037871876163375, 0.0006071114510006845, 1.798142154375613e-09, 0.00027138578322484676, 0.0, 4.5590526530617716e-10, 9.200530988928704e-05, 0.0, 2.5238623519742524e-10, 3.412896858259453e-05, 1.2692576318576817e-05], "A3": [0.0, 0.0, 0.0, 0.0, 0.0, 0.0, 0.0, 0.0, 0.0, 0.0, 0.0, 0.0, 0.0, 0.0, 0.0, 0.0, 0.0, 0.0, 0.0, 0.0, 0.0, 0.0, 0.0, 0.0, 0.0, 0.0, 0.0, 0.0, 0.0, 0.0, 0.0, 0.0], "BCC2": [0.0, 0.0, 0.0, 0.0, 0.055881122854777934, 0.025938405791390957, 0.024179818874974834, 0.022630866318494616, 0.021262977818261596, 0.02005369183285044, 0.0, 0.0, 0.0, 0.0, 0.0, 0.0, 0.0, 0.0, 0.0, 0.0, 0.0, 0.0, 0.0, 0.0, 0.0, 0.0, 0.0, 0.0, 0.0, 0.0, 0.0, 0.0], "C14": [0.0, 0.0, 0.0, 0.0, 0.0, 0.0, 0.0, 0.0, 0.0, 0.0, 0.0, 0.0, 0.0, 0.0, 0.0, 0.0, 0.0, 0.0, 0.0, 0.0, 0.0, 0.0, 0.0, 0.0, 0.0, 0.0, 0.0, 0.0, 0.0, 0.0, 0.0, 0.0], "FCC4": [0.0, 0.0, 0.0, 0.0, 0.0, 0.0, 0.0, 0.0, 0.0, 0.0, 0.0, 0.0, 0.0, 0.0, 0.0, 0.0, 0.0, 0.0, 0.0, 0.0, 0.0, 0.0, 0.0, 0.0, 0.0, 0.0, 0.0, 0.0, 0.0, 0.0, 0.0, 0.0], "NI3TI": [0.0, 0.0, 0.0, 0.0, 0.0, 0.0, 0.0, 0.0, 0.0, 0.0, 0.0, 0.0, 0.0, 0.0, 0.0, 0.0, 0.0, 0.0, 0.0, 0.0, 0.0, 0.0, 0.0, 0.0, 0.0, 0.0, 0.0, 0.0, 0.0, 0.0, 0.0, 0.0], "NITI2": [0.0, 0.0, 0.0, 0.0, 0.0, 0.0, 0.0, 0.0, 0.0, 0.0, 0.1296490346797611, 0.09875176484256529, 0.06701237328242929, 0.04916321198359498, 0.09057079036404268, 0.03462807121344208, 0.017507126772918866, 0.009574934589062981, 0.005544500429709976, 0.0033404908853760045, 0.0020588750965060327, 0.0012711022768720527, 0.0007575585430176265, 2.837044017646515e-09, 0.0003394619869589896, 7.41384363576763e-10, 0.0, 0.0001202068639322686, 2.675404548127916e-10, 3.453357747139717e-10, 4.5463022724095204e-05, 2.3139968539708602e-05]}, "converged": true, "method": "scheil"}