{"x_liquid": {"NI": [0.22727540256237252, 0.22727540256237255, 0.22727540256237258, 0.2553144069159748, 0.26256788446010343, 0.26902865778998974, 0.2748756100058565, 0.28023118691945287, 0.2851832328244145, 0.28979711865537905, 0.29412294095406305, 0.2982000262388423, 0.30205987289879144, 0.30572814232011913, 0.30922604769541573, 0.3125713480052416, 0.3157790754749297, 0.31886207846684567, 0.321831433670942, 0.3593671110984014, 0.3797164192491752, 0.3972668397061155, 0.4126298298183765, 0.4262559121803144, 0.43848184323647216, 0.44956245728060595, 0.45969294390280024, 0.46902466140023796, 0.4776764464790879, 0.485742757094302, 0.4932995804197249, 0.5004087572272767, 0.5071211774415908, 0.5134791648541691, 0.5195182743082973, 0.525268659210771, 0.5307561218758569, 0.5360029275807737, 0.5360029275801222, 0.5360030061422252, 0.5360030061421458, 0.5360030061420664, 0.5360030061419871, 0.5380481630035199, 0.538048241702965, 0.5380482417028855, 0.538048241702806, NaN], "TI": [0.36697535567956796, 0.366975355679568, 0.36697535567956807, 0.39202076941116976, 0.3986776650882326, 0.4047288562869788, 0.4102912875605877, 0.4154484648397861, 0.42026252800097486, 0.42478122968033216, 0.4290422260594733, 0.4330758471057941, 0.43690695766966287, 0.4405562498214366, 0.4440411656575716, 0.4473765721937563, 0.45057526528768194, 0.45364835279338794, 0.4566055505945453, 0.43836030679269283, 0.4306715143381787, 0.42364317713186816, 0.4171919469389702, 0.41123987434448017, 0.4057174809577781, 0.4005647985737702, 0.395731072271252, 0.39117380692235326, 0.3868575991535822, 0.3827529876930876, 0.3788354232195034, 0.3750843883474787, 0.37148266514471856, 0.3680157341732692, 0.3646712852986586, 0.361438821058732, 0.3583093355808866, 0.35527505466307086, 0.3552750546631723, 0.3552749809186215, 0.355274980918696, 0.3552749809187705, 0.3552749809188451, 0.3540809102023766, 0.35408083637108584, 0.35408083637116045, 0.35408083637123505, NaN]}, "fraction_solid": [0.0, 0.0, 0.0, 0.43624072182741347, 0.4953327072192619, 0.5395472680030232, 0.5740686055565636, 0.6018893671432314, 0.6248661509232173, 0.6442161148881119, 0.6607728319606074, 0.6751277756978227, 0.6877131382459635, 0.6988526273175973, 0.7087938667384083, 0.7177297623533401, 0.7258130009628556, 0.7331661378130202, 0.7398887703349256, 0.9135120669489986, 0.9407533127976798, 0.9560160038359947, 0.9654926544891627, 0.9718308889098045, 0.9763158545421109, 0.9796324677261515, 0.9821731201792312, 0.9841760183664251, 0.9857928175933897, 0.9871239987674524, 0.9882384351611924, 0.9891847363508663, 0.9899980953710279, 0.9907045685111977, 0.991323833442948, 0.9918710153538794, 0.9923579254297669, 0.992793919084396, 0.992793919084396, 0.9927939270990263, 0.9927939270990263, 0.9927939270990263, 0.9927939270990263, 0.9929549788219557, 0.9929549866515652, 0.9929549866515652, 0.9929549866515652, 1.0], "temperatures": [1700, 1700, 1690.0, 1680.0, 1670.0, 1660.0, 1650.0, 1640.0, 1630.0, 1620.0, 1610.0, 1600.0, 1590.0, 1580.0, 1570.0, 1560.0, 1550.0, 1540.0, 1530.0, 1530.0, 1521.6666666666667, 1513.3333333333335, 1505.0000000000002, 1496.666666666667, 1488.3333333333337, 1480.0000000000005, 1471.6666666666672, 1463.333333333334, 1455.0000000000007, 1446.6666666666674, 1438.3333333333342, 1430.000000000001, 1421.6666666666677, 1413.3333333333344, 1405.0000000000011, 1396.6666666666679, 1388.3333333333346, 1380.0000000000014, 1380.0000000000014, 1380.0000000000014, 1380.0000000000014, 1380.0000000000014, 1380.0000000000014, 1376.6510202331974, 1376.6510202331974, 1376.6510202331974, 1376.6510202331974, 1374.7129532385193], "phase_amounts": {"A1": [0.0, 0.0, 0.0, 0.0, 0.0, 0.0, 0.0, 0.0, 0.0, 0.0, 0.0, 0.0, 0.0, 0.0, 0.0, 0.0, 0.0, 0.0, 0.0, 0.0, 0.0, 0.0, 0.0, 0.0, 0.0, 0.0, 0.0, 0.0, 0.0, 0.0, 0.0, 0.0, 0.0, 0.0, 0.0, 0.0, 0.0, 0.0, 0.0, 0.0, 0.0, 0.0, 0.0, 0.0, 0.0, 0.0, 0.0, 0.0], "A2": [0.0, 0.0, 0.0, 0.0, 0.0, 0.0, 0.0, 0.0, 0.0, 0.0, 0.0, 0.0, 0.0, 0.0, 0.0, 0.0, 0.0, 0.0, 0.0, 0.0, 0.0, 0.0, 0.0, 0.0, 0.0, 0.0, 0.0, 0.0, 0.0, 0.0, 0.0, 0.0, 0.0, 0.0, 0.0, 0.0, 0.0, 0.0, 0.0, 0.0, 0.0, 0.0, 0.0, 0.0, 0.0, 0.0, 0.0, 0.0], "A3": [0.0, 0.0, 0.0, 0.0, 0.0, 0.0, 0.0, 0.0, 0.0, 0.0, 0.0, 0.0, 0.0, 0.0, 0.0, 0.0, 0.0, 0.0, 0.0, 0.0, 0.0, 0.0, 0.0, 0.0, 0.0, 0.0, 0.0, 0.0, 0.0, 0.0, 0.0, 0.0, 0.0, 0.0, 0.0, 0.0, 0.0, 0.0, 0.0, 0.0, 0.0, 0.0, 0.0, 0.0, 0.0, 0.0, 0.0, 0.0], "BCC2": [0.0, 0.0, 0.0, 0.0, 0.0, 0.0, 0.0, 0.0, 0.0, 0.0, 0.0, 0.0, 0.0, 0.0, 0.0, 0.0, 0.0, 0.0, 0.0, 0.17182338408053918, 0.02532899303779127, 0.013907035286736725, 0.008487094229945496, 0.0055960217314447855, 0.003914580200898686, 0.002868813569152086, 0.0021824885501042857, 0.0017117607771995258, 0.0013768027926949668, 0.0011309161140292145, 0.0009455404010373025, 0.0008025309453814338, 0.0006899740096869883, 0.0005998183031279432, 0.0005264825615445469, 0.0004660092081464216, 0.0004155345103951094, 0.0003729480207047208, 0.0, 8.014630342331973e-09, 0.0, 0.0, 0.0, 0.00013750594495383806, 7.829609497301463e-09, 0.0, 0.0, 0.0042668498563939155], "C14": [0.0, 0.0, 0.0, 0.43624072182741347, 0.05909198539184843, 0.04421456078376129, 0.03452133755354037, 0.027820761586667807, 0.022976783779985886, 0.019349963964894596, 0.016556717072495508, 0.01435494373721522, 0.012585362548140824, 0.011139489071633885, 0.009941239420810974, 0.008935895614931851, 0.008083238609515514, 0.007353136850164544, 0.006722632521905417, 0.0017999125335337754, 0.0019122528108899987, 0.0013556557515781943, 0.0009895564232223633, 0.0007422126891970063, 0.0005703854314078007, 0.00044779961488850743, 0.00035816390297537816, 0.00029113740999443886, 0.00023999643426964867, 0.00020026506003350771, 0.00016889599270267314, 0.00014377024429255492, 0.0001233850104746503, 0.00010665483704189042, 9.278237020583472e-05, 8.117270278491947e-05, 7.13755654922528e-05, 6.304563392432408e-05, 0.0, 0.0, 0.0, 0.0, 0.0, 2.3545777975620844e-05, 0.0, 0.0, 0.0, 2.7498771120678528e-05], "FCC4": [0.0, 0.0, 0.0, 0.0, 0.0, 0.0, 0.0, 0.0, 0.0, 0.0, 0.0, 0.0, 0.0, 0.0, 0.0, 0.0, 0.0, 0.0, 0.0, 0.0, 0.0, 0.0, 0.0, 0.0, 0.0, 0.0, 0.0, 0.0, 0.0, 0.0, 0.0, 0.0, 0.0, 0.0, 0.0, 0.0, 0.0, 0.0, 0.0, 0.0, 0.0, 0.0, 0.0, 0.0, 0.0, 0.0, 0.0, 0.0], "NI3TI": [0.0, 0.0, 0.0, 0.0, 0.0, 0.0, 0.0, 0.0, 0.0, 0.0, 0.0, 0.0, 0.0, 0.0, 0.0, 0.0, 0.0, 0.0, 0.0, 0.0, 0.0, 0.0, 0.0, 0.0, 0.0, 0.0, 0.0, 0.0, 0.0, 0.0, 0.0, 0.0, 0.0, 0.0, 0.0, 0.0, 0.0, 0.0, 0.0, 0.0, 0.0, 0.0, 0.0, 0.0, 0.0, 0.0, 0.0, 0.002750664720920176], "NITI2": [0.0, 0.0, 0.0, 0.0, 0.0, 0.0, 0.0, 0.0, 0.0, 0.0, 0.0, 0.0, 0.0, 0.0, 0.0, 0.0, 0.0, 0.0, 0.0, 0.0, 0.0, 0.0, 0.0, 0.0, 0.0, 0.0, 0.0, 0.0, 0.0, 0.0, 0.0, 0.0, 0.0, 0.0, 0.0, 0.0, 0.0, 0.0, 0.0, 0.0, 0.0, 0.0, 0.0, 0.0, 0.0, 0.0, 0.0, 0.0]}, "converged": false, "method": "scheil"}