{"x_liquid": {"NI": [0.31469500472409284, 0.31469500472409284, 0.31469500472409284, 0.3146950047240929, 0.3146950047240929, 0.318401397357006, 0.32298174799600254, 0.3274622687556692, 0.33184575192976, 0.3361349341876973, 0.34033254698842613, 0.3474358592631115, 0.36600032756983314, 0.3836962992433106, 0.4005768057906352, 0.41667876673327275, 0.416679211736622, 0.4166795623030793, 0.4166796998665991, 0.41667980616626177, 0.41668000090022594, 0.42293613392391083, 0.42293613392391066, 0.4229366007384256, 0.4229369625530598, 0.42293709680637703, NaN], "TI": [0.13942574680116712, 0.13942574680116712, 0.13942574680116712, 0.13942574680116712, 0.13942574680116712, 0.14366982442651655, 0.14896599152464945, 0.15419331363819372, 0.15934939622410396, 0.1644320172072105, 0.16943915334043236, 0.1741233965443389, 0.17784620149751984, 0.18165991446546417, 0.1855556413772718, 0.18952180861869275, 0.1895218844932492, 0.1895219227741303, 0.18952211925660054, 0.18952227108522632, 0.18952215991346633, 0.19113228316635486, 0.19113228316635478, 0.19113235724501132, 0.19113239450222183, 0.19113259183876516, NaN]}, "fraction_solid": [0.0, 0.0, 0.0, 0.0, 0.0, 0.07552769783034846, 0.16129804307379814, 0.2369774185616333, 0.3039566495084937, 0.36340284296169956, 0.41630163191226355, 0.4835260218645482, 0.6042314424072045, 0.6919261840473039, 0.7572263074251704, 0.8067705062430292, 0.8067715815108978, 0.8067723902326198, 0.8067730314047972, 0.8067735268594707, 0.8067737397509127, 0.82261060072508, 0.82261060072508, 0.8226116245994597, 0.8226123839668962, 0.8226129771092059, 1.0], "temperatures": [1540, 1540, 1530.0, 1520.0, 1510.0, 1500.0, 1490.0, 1480.0, 1470.0, 1460.0, 1450.0, 1440.0, 1430.0, 1420.0, 1410.0, 1400.0, 1400.0, 1400.0, 1400.0, 1400.0, 1400.0, 1395.9812242798355, 1395.9812242798355, 1395.9812242798355, 1395.9812242798355, 1395.9812242798355, 1394.0431572851573], "phase_amounts": {"A1": [0.0, 0.0, 0.0, 0.0, 0.0, 0.07552769783034846, 0.08577034524344969, 0.07567937548783517, 0.06697923094686044, 0.059446193453205814, 0.052898788950564005, 0.059860331674830125, 0.09269039510680385, 0.0676205281874187, 0.050576913710404243, 0.038543910505837393, 7.691837269147877e-07, 5.558416905757881e-07, 6.411721773447614e-07, 4.954546735495148e-07, 0.0, 0.012072426115391265, 0.0, 7.264360792332838e-07, 5.190361930846844e-07, 5.931423096888821e-07, 0.09410463491117575], "A2": [0.0, 0.0, 0.0, 0.0, 0.0, 0.0, 0.0, 0.0, 0.0, 0.0, 0.0, 0.0, 0.0, 0.0, 0.0, 0.0, 0.0, 0.0, 0.0, 0.0, 0.0, 0.0, 0.0, 0.0, 0.0, 0.0, 0.0], "A3": [0.0, 0.0, 0.0, 0.0, 0.0, 0.0, 0.0, 0.0, 0.0, 0.0, 0.0, 0.0, 0.0, 0.0, 0.0, 0.0, 0.0, 0.0, 0.0, 0.0, 0.0, 0.0, 0.0, 0.0, 0.0, 0.0, 0.0], "BCC2": [0.0, 0.0, 0.0, 0.0, 0.0, 0.0, 0.0, 0.0, 0.0, 0.0, 0.0, 0.0, 0.0, 0.0, 0.0, 0.0, 0.0, 0.0, 0.0, 0.0, 0.0, 0.0, 0.0, 0.0, 0.0, 0.0, 0.0], "C14": [0.0, 0.0, 0.0, 0.0, 0.0, 0.0, 0.0, 0.0, 0.0, 0.0, 0.0, 0.007364058277454501, 0.028015025435852405, 0.02007421345268065, 0.014723209667462246, 0.011000288312021359, 3.060841417420694e-07, 2.528800314834813e-07, 0.0, 0.0, 2.1289144206022837e-07, 0.003764434858775964, 0.0, 2.97438300534223e-07, 2.4033124330206846e-07, 0.0, 0.02481903000194885], "FCC4": [0.0, 0.0, 0.0, 0.0, 0.0, 0.0, 0.0, 0.0, 0.0, 0.0, 0.0, 0.0, 0.0, 0.0, 0.0, 0.0, 0.0, 0.0, 0.0, 0.0, 0.0, 0.0, 0.0, 0.0, 0.0, 0.0, 0.0], "NI3TI": [0.0, 0.0, 0.0, 0.0, 0.0, 0.0, 0.0, 0.0, 0.0, 0.0, 0.0, 0.0, 0.0, 0.0, 0.0, 0.0, 0.0, 0.0, 0.0, 0.0, 0.0, 0.0, 0.0, 0.0, 0.0, 0.0, 0.058463357977669515], "NITI2": [0.0, 0.0, 0.0, 0.0, 0.0, 0.0, 0.0, 0.0, 0.0, 0.0, 0.0, 0.0, 0.0, 0.0, 0.0, 0.0, 0.0, 0.0, 0.0, 0.0, 0.0, 0.0, 0.0, 0.0, 0.0, 0.0, 0.0]}, "converged": false, "method": "scheil"}