{"x_liquid": {"NI": [0.22727540256237252, 0.2272754025623725, 0.2272754025623725, 0.2553144069160321, 0.2625678844600913, 0.26902865778997737, 0.2748756100058447, 0.28023118691943727, 0.28518323282439967, 0.28979711865536434, 0.294122940954045, 0.2982000262388247, 0.3020598728987716, 0.30572814232010104, 0.3092260476953953, 0.3125713480052223, 0.31577907547490974, 0.31886207846682507, 0.32183143367092204, 0.35936711109840935, 0.3797164192491678, 0.39726683970611365, 0.41262982981837754, 0.42625591218032033, 0.43848184323647554, 0.44956245728060684, 0.45969294390280024, 0.46902466140023946, 0.4776764464790882, 0.48574275709430503, 0.49329958041972255, 0.5004087572273981, 0.5071211774414736, 0.5134791648541704, 0.5195182743082957, 0.525268659210768, 0.5307561218758565, 0.5360029275806834, 0.5360029275807962, 0.5360029275809091, 0.536002927581022, 0.5360030213798642, 0.536003021379977, 0.538048163003523, 0.5380482417029663, 0.5380482417028868, 0.5380482417028073, NaN], "TI": [0.36697535567956796, 0.36697535567956796, 0.36697535567956796, 0.3920207694112395, 0.39867766508823993, 0.40472885628698707, 0.4102912875605976, 0.41544846483979336, 0.4202625280009838, 0.4247812296803422, 0.4290422260594807, 0.4330758471058026, 0.4369069576696698, 0.4405562498214458, 0.4440411656575791, 0.44737657219376536, 0.4505752652876908, 0.45364835279339655, 0.4566055505945549, 0.438360306792688, 0.4306715143381811, 0.42364317713186883, 0.41719194693897, 0.4112398743444765, 0.4057174809577775, 0.4005647985737701, 0.39573107227125276, 0.3911738069223538, 0.386857599153582, 0.38275298769308524, 0.3788354232195039, 0.3750843883474716, 0.37148266514472805, 0.3680157341732675, 0.36467128529866083, 0.36143882105873276, 0.3583093355808866, 0.35527505466308895, 0.35527505466298476, 0.3552750546628806, 0.3552750546627765, 0.3552749666160904, 0.35527496661598634, 0.35408091020237487, 0.3540808363710856, 0.3540808363711602, 0.3540808363712349, NaN]}, "fraction_solid": [0.0, 0.0, 0.0, 0.4362407218281476, 0.49533270721935907, 0.5395472680031137, 0.5740686055566533, 0.6018893671432981, 0.6248661509232858, 0.6442161148881792, 0.6607728319606606, 0.6751277756978764, 0.6877131382460088, 0.6988526273176473, 0.7087938667384512, 0.7177297623533853, 0.7258130009628985, 0.7331661378130607, 0.739888770334967, 0.9135120669491344, 0.9407533127977522, 0.9560160038360529, 0.9654926544892098, 0.9718308889098455, 0.976315854542144, 0.9796324677261793, 0.9821731201792553, 0.9841760183664467, 0.9857928175934091, 0.9871239987674705, 0.9882384351612081, 0.9891847363508913, 0.9899980953710328, 0.9907045685112107, 0.9913238334429597, 0.9918710153538904, 0.9923579254297773, 0.9927939190844006, 0.9927939190844006, 0.9927939190844006, 0.9927939190844006, 0.992793928653414, 0.992793928653414, 0.9929549787956425, 0.992954986625252, 0.992954986625252, 0.992954986625252, 1.0], "temperatures": [1700, 1700, 1690.0, 1680.0, 1670.0, 1660.0, 1650.0, 1640.0, 1630.0, 1620.0, 1610.0, 1600.0, 1590.0, 1580.0, 1570.0, 1560.0, 1550.0, 1540.0, 1530.0, 1530.0, 1521.6666666666667, 1513.3333333333335, 1505.0000000000002, 1496.666666666667, 1488.3333333333337, 1480.0000000000005, 1471.6666666666672, 1463.333333333334, 1455.0000000000007, 1446.6666666666674, 1438.3333333333342, 1430.000000000001, 1421.6666666666677, 1413.3333333333344, 1405.0000000000011, 1396.6666666666679, 1388.3333333333346, 1380.0000000000014, 1380.0000000000014, 1380.0000000000014, 1380.0000000000014, 1380.0000000000014, 1380.0000000000014, 1376.6510202331974, 1376.6510202331974, 1376.6510202331974, 1376.6510202331974, 1374.7129532385193], "phase_amounts": {"A1": [0.0, 0.0, 0.0, 0.0, 0.0, 0.0, 0.0, 0.0, 0.0, 0.0, 0.0, 0.0, 0.0, 0.0, 0.0, 0.0, 0.0, 0.0, 0.0, 0.0, 0.0, 0.0, 0.0, 0.0, 0.0, 0.0, 0.0, 0.0, 0.0, 0.0, 0.0, 0.0, 0.0, 0.0, 0.0, 0.0, 0.0, 0.0, 0.0, 0.0, 0.0, 0.0, 0.0, 0.0, 0.0, 0.0, 0.0, 0.0], "A2": [0.0, 0.0, 0.0, 0.0, 0.0, 0.0, 0.0, 0.0, 0.0, 0.0, 0.0, 0.0, 0.0, 0.0, 0.0, 0.0, 0.0, 0.0, 0.0, 0.0, 0.0, 0.0, 0.0, 0.0, 0.0, 0.0, 0.0, 0.0, 0.0, 0.0, 0.0, 0.0, 0.0, 0.0, 0.0, 0.0, 0.0, 0.0, 0.0, 0.0, 0.0, 0.0, 0.0, 0.0, 0.0, 0.0, 0.0, 0.0], "A3": [0.0, 0.0, 0.0, 0.0, 0.0, 0.0, 0.0, 0.0, 0.0, 0.0, 0.0, 0.0, 0.0, 0.0, 0.0, 0.0, 0.0, 0.0, 0.0, 0.0, 0.0, 0.0, 0.0, 0.0, 0.0, 0.0, 0.0, 0.0, 0.0, 0.0, 0.0, 0.0, 0.0, 0.0, 0.0, 0.0, 0.0, 0.0, 0.0, 0.0, 0.0, 0.0, 0.0, 0.0, 0.0, 0.0, 0.0, 0.0], "BCC2": [0.0, 0.0, 0.0, 0.0, 0.0, 0.0, 0.0, 0.0, 0.0, 0.0, 0.0, 0.0, 0.0, 0.0, 0.0, 0.0, 0.0, 0.0, 0.0, 0.17182338408063472, 0.025328993037731267, 0.013907035286723792, 0.00848709422993569, 0.005596021731439545, 0.003914580200891455, 0.002868813569147643, 0.0021824885501010227, 0.001711760777197372, 0.0013768027926931716, 0.0011309161140281693, 0.0009455404010352883, 0.0008025309453861344, 0.000689974009676004, 0.0005998183031318505, 0.0005264825615432732, 0.0004660092081459352, 0.00041553451039467526, 0.00037294802070110544, 0.0, 0.0, 0.0, 9.569013354763958e-09, 0.0, 0.00013750436392083372, 7.829609364241906e-09, 0.0, 0.0, 0.004266849872330692], "C14": [0.0, 0.0, 0.0, 0.4362407218281476, 0.05909198539121145, 0.04421456078375462, 0.03452133755353953, 0.027820761586644854, 0.022976783779987693, 0.01934996396489336, 0.016556717072481447, 0.014354943737215815, 0.012585362548132403, 0.011139489071638536, 0.009941239420803901, 0.008935895614934072, 0.008083238609513212, 0.007353136850162308, 0.006722632521906328, 0.00179991253353278, 0.0019122528108864382, 0.0013556557515768887, 0.0009895564232213108, 0.0007422126891960471, 0.0005703854314071015, 0.0004477996148877239, 0.00035816390297489434, 0.00029113740999413577, 0.0002399964342691937, 0.0002002650600332611, 0.00016889599270232877, 0.00014377024429702143, 0.00012338501046553162, 0.0001066548370460464, 9.278237020575217e-05, 8.117270278470276e-05, 7.137556549221318e-05, 6.304563392226322e-05, 0.0, 0.0, 0.0, 0.0, 0.0, 2.354577830780221e-05, 0.0, 0.0, 0.0, 2.7498771223382997e-05], "FCC4": [0.0, 0.0, 0.0, 0.0, 0.0, 0.0, 0.0, 0.0, 0.0, 0.0, 0.0, 0.0, 0.0, 0.0, 0.0, 0.0, 0.0, 0.0, 0.0, 0.0, 0.0, 0.0, 0.0, 0.0, 0.0, 0.0, 0.0, 0.0, 0.0, 0.0, 0.0, 0.0, 0.0, 0.0, 0.0, 0.0, 0.0, 0.0, 0.0, 0.0, 0.0, 0.0, 0.0, 0.0, 0.0, 0.0, 0.0, 0.0], "NI3TI": [0.0, 0.0, 0.0, 0.0, 0.0, 0.0, 0.0, 0.0, 0.0, 0.0, 0.0, 0.0, 0.0, 0.0, 0.0, 0.0, 0.0, 0.0, 0.0, 0.0, 0.0, 0.0, 0.0, 0.0, 0.0, 0.0, 0.0, 0.0, 0.0, 0.0, 0.0, 0.0, 0.0, 0.0, 0.0, 0.0, 0.0, 0.0, 0.0, 0.0, 0.0, 0.0, 0.0, 0.0, 0.0, 0.0, 0.0, 0.0027506647311939807], "NITI2": [0.0, 0.0, 0.0, 0.0, 0.0, 0.0, 0.0, 0.0, 0.0, 0.0, 0.0, 0.0, 0.0, 0.0, 0.0, 0.0, 0.0, 0.0, 0.0, 0.0, 0.0, 0.0, 0.0, 0.0, 0.0, 0.0, 0.0, 0.0, 0.0, 0.0, 0.0, 0.0, 0.0, 0.0, 0.0, 0.0, 0.0, 0.0, 0.0, 0.0, 0.0, 0.0, 0.0, 0.0, 0.0, 0.0, 0.0, 0.0]}, "converged": false, "method": "scheil"}